ISO-10303-21;
HEADER;
FILE_DESCRIPTION (( 'STEP AP203' ),
    '1' );
FILE_NAME ('91292A806_18-8 Stainless Steel Socket Head Screw.STEP',
    '2021-09-09T13:00:44',
    ( 'Administrator' ),
    ( 'Managed by Terraform' ),
    'SwSTEP 2.0',
    'SolidWorks 2017',
    '' );
FILE_SCHEMA (( 'CONFIG_CONTROL_DESIGN' ));
ENDSEC;

DATA;
#1 = CARTESIAN_POINT ( 'NONE',  ( 2.177130564435878800E-014, -1.545336663013167300, -8.399999999999977300 ) ) ;
#2 = CARTESIAN_POINT ( 'NONE',  ( 1.154700538379223000, 2.000000000000016000, -0.05833333333333135700 ) ) ;
#3 = CARTESIAN_POINT ( 'NONE',  ( -2.158205648456237400E-014, 1.545336663013167300, -15.83749999999995600 ) ) ;
#4 = ORIENTED_EDGE ( 'NONE', *, *, #5187, .F. ) ;
#5 = CARTESIAN_POINT ( 'NONE',  ( -1.154700538379280800, 1.999999999999983100, -22.34166666666661200 ) ) ;
#6 = CARTESIAN_POINT ( 'NONE',  ( 0.8922005383792042100, 1.545336663013193500, -11.60833333333330400 ) ) ;
#7 = EDGE_CURVE ( 'NONE', #3315, #626, #4257, .T. ) ;
#8 = CARTESIAN_POINT ( 'NONE',  ( -1.154700538379167300, -2.000000000000048000, -15.89583333333329000 ) ) ;
#9 = CYLINDRICAL_SURFACE ( 'NONE', #5096, 1.545336663013167300 ) ;
#10 = CARTESIAN_POINT ( 'NONE',  ( -0.8922005383792248600, -1.545336663013181700, -4.258333333333320400 ) ) ;
#11 = CARTESIAN_POINT ( 'NONE',  ( -2.309401076758502900, -3.267715314911616300E-014, -13.91249999999996400 ) ) ;
#12 = ORIENTED_EDGE ( 'NONE', *, *, #4727, .T. ) ;
#13 = EDGE_LOOP ( 'NONE', ( #7425, #7830, #4568, #1184 ) ) ;
#14 = CARTESIAN_POINT ( 'NONE',  ( 2.000000000000000000, 0.0000000000000000000, -22.00000000000000000 ) ) ;
#15 = EDGE_LOOP ( 'NONE', ( #913, #6479, #7456, #6718 ) ) ;
#16 = CARTESIAN_POINT ( 'NONE',  ( -1.545336663013166200, -7.117521865464212500E-015, -17.76249999999995300 ) ) ;
#17 = CARTESIAN_POINT ( 'NONE',  ( -1.154700538379222800, -2.000000000000016400, -3.295833333333322300 ) ) ;
#18 = CARTESIAN_POINT ( 'NONE',  ( -1.545336663013166200, -8.599128457866965900E-015, -20.47499999999994800 ) ) ;
#19 = DIRECTION ( 'NONE',  ( 0.0000000000000000000, 0.0000000000000000000, 1.000000000000000000 ) ) ;
#20 = VERTEX_POINT ( 'NONE', #2659 ) ;
#21 = EDGE_CURVE ( 'NONE', #7736, #3056, #5236, .T. ) ;
#22 = CARTESIAN_POINT ( 'NONE',  ( -0.8922005383791867800, -1.545336663013203700, -13.44583333333329700 ) ) ;
#23 = DIRECTION ( 'NONE',  ( 1.000000000000000000, 0.0000000000000000000, 0.0000000000000000000 ) ) ;
#24 = VERTEX_POINT ( 'NONE', #2749 ) ;
#25 =( BOUNDED_CURVE ( )  B_SPLINE_CURVE ( 2, ( #4074, #2760, #3377, #2698, #927, #5951, #7788, #7161, #6514 ),
 .UNSPECIFIED., .F., .F. ) 
 B_SPLINE_CURVE_WITH_KNOTS ( ( 3, 2, 2, 2, 3 ),
 ( 0.5808823529411766300, 0.5833333333333333700, 0.5882352941176470800, 0.5931372549019607900, 0.5955882352941177500 ),
 .UNSPECIFIED. ) 
 CURVE ( )  GEOMETRIC_REPRESENTATION_ITEM ( )  RATIONAL_B_SPLINE_CURVE ( ( 0.9330127018922194100, 0.9330127018922224100, 1.000000000000000000, 0.8660254037844387100, 1.000000000000000000, 0.8660254037844387100, 1.000000000000000000, 0.9330127018922163000, 0.9330127018922194100 ) ) 
 REPRESENTATION_ITEM ( '' )  );
#26 = CARTESIAN_POINT ( 'NONE',  ( 1.999999999999998200, -0.5358983848622264100, -2.393760739116956400 ) ) ;
#27 = CARTESIAN_POINT ( 'NONE',  ( 1.338300807568886300, -0.7726683315065647800, -9.683333333333305100 ) ) ;
#28 = LINE ( 'NONE', #2212, #7491 ) ;
#29 = EDGE_CURVE ( 'NONE', #4073, #5302, #430, .T. ) ;
#30 = ORIENTED_EDGE ( 'NONE', *, *, #3925, .T. ) ;
#31 = CARTESIAN_POINT ( 'NONE',  ( -2.793185071074506100E-014, 2.000000000000000000, -0.6999999999999964000 ) ) ;
#32 = CARTESIAN_POINT ( 'NONE',  ( 1.784401076758500100, 2.503007529540795600E-014, -16.71249999999995600 ) ) ;
#33 = CARTESIAN_POINT ( 'NONE',  ( 2.817678007057453100E-014, -2.000000000000000000, -20.64999999999994900 ) ) ;
#34 = VERTEX_POINT ( 'NONE', #5184 ) ;
#35 = CARTESIAN_POINT ( 'NONE',  ( 1.545336663013167300, 1.892491597964127500E-016, 0.0000000000000000000 ) ) ;
#36 = ORIENTED_EDGE ( 'NONE', *, *, #5872, .F. ) ;
#37 =( BOUNDED_CURVE ( )  B_SPLINE_CURVE ( 2, ( #6744, #1798, #3037, #472, #7399, #6772, #1722, #1113, #7368 ),
 .UNSPECIFIED., .F., .F. ) 
 B_SPLINE_CURVE_WITH_KNOTS ( ( 3, 2, 2, 2, 3 ),
 ( 0.3014705882352942100, 0.3039215686274509600, 0.3088235294117647200, 0.3137254901960784300, 0.3161764705882353900 ),
 .UNSPECIFIED. ) 
 CURVE ( )  GEOMETRIC_REPRESENTATION_ITEM ( )  RATIONAL_B_SPLINE_CURVE ( ( 0.9330127018922194100, 0.9330127018922224100, 1.000000000000000000, 0.8660254037844387100, 1.000000000000000000, 0.8660254037844387100, 1.000000000000000000, 0.9330127018922163000, 0.9330127018922194100 ) ) 
 REPRESENTATION_ITEM ( '' )  );
#38 = LINE ( 'NONE', #3762, #5272 ) ;
#39 = CARTESIAN_POINT ( 'NONE',  ( -1.732050807568891800, 0.9999999999999742400, -18.87083333333328000 ) ) ;
#40 = VERTEX_POINT ( 'NONE', #3946 ) ;
#41 = ADVANCED_FACE ( 'NONE', ( #6721 ), #3951, .F. ) ;
#42 = CARTESIAN_POINT ( 'NONE',  ( -1.154700538379293200, 1.999999999999976200, -9.829166666666640900 ) ) ;
#43 = CARTESIAN_POINT ( 'NONE',  ( 0.8922005383791901100, 1.545336663013202200, -17.99583333333328700 ) ) ;
#44 = CARTESIAN_POINT ( 'NONE',  ( 1.154700538379223000, 2.000000000000016000, -2.945833333333323100 ) ) ;
#45 = CARTESIAN_POINT ( 'NONE',  ( -1.545336663013166400, 1.237577271301124400E-014, -13.56249999999997000 ) ) ;
#46 = CARTESIAN_POINT ( 'NONE',  ( 1.999999999999998200, 1.016788837923459000E-014, -10.67499999999997400 ) ) ;
#47 = CARTESIAN_POINT ( 'NONE',  ( -1.999999999999998200, 2.265986553086565700E-014, -18.11249999999995500 ) ) ;
#48 = CC_DESIGN_SECURITY_CLASSIFICATION ( #1735, ( #6133 ) ) ;
#49 = VERTEX_POINT ( 'NONE', #4518 ) ;
#50 = CARTESIAN_POINT ( 'NONE',  ( 1.999999999999998200, -4.125257571003748100E-015, -19.86249999999995500 ) ) ;
#51 = FACE_OUTER_BOUND ( 'NONE', #5707, .T. ) ;
#52 = CARTESIAN_POINT ( 'NONE',  ( 1.338300807568863200, 0.7726683315066046300, -0.4666666666666631800 ) ) ;
#53 = CARTESIAN_POINT ( 'NONE',  ( -2.000000000000000400, -5.810221930991195400E-017, -1.924999999999995600 ) ) ;
#54 =( BOUNDED_CURVE ( )  B_SPLINE_CURVE ( 2, ( #3127, #712, #6980, #5118, #6391, #2598, #5032, #5090, #4422 ),
 .UNSPECIFIED., .F., .F. ) 
 B_SPLINE_CURVE_WITH_KNOTS ( ( 3, 2, 2, 2, 3 ),
 ( 0.4779411764705883100, 0.4803921568627451100, 0.4852941176470588200, 0.4901960784313725300, 0.4926470588235294900 ),
 .UNSPECIFIED. ) 
 CURVE ( )  GEOMETRIC_REPRESENTATION_ITEM ( )  RATIONAL_B_SPLINE_CURVE ( ( 0.9330127018922194100, 0.9330127018922216300, 1.000000000000000000, 0.8660254037844387100, 1.000000000000000000, 0.8660254037844387100, 1.000000000000000000, 0.9330127018922170800, 0.9330127018922194100 ) ) 
 REPRESENTATION_ITEM ( '' )  );
#55 = CARTESIAN_POINT ( 'NONE',  ( -0.8922005383792279700, -1.545336663013180200, -9.858333333333305900 ) ) ;
#56 = EDGE_CURVE ( 'NONE', #471, #5358, #4341, .T. ) ;
#57 = CARTESIAN_POINT ( 'NONE',  ( -0.8922005383793206700, 1.545336663013126700, -20.59166666666661500 ) ) ;
#58 = CARTESIAN_POINT ( 'NONE',  ( -1.154700538379280800, 1.999999999999983100, -0.6416666666666632800 ) ) ;
#59 = CARTESIAN_POINT ( 'NONE',  ( -1.338300807568886700, 0.7726683315065640000, -17.82083333333328700 ) ) ;
#60 = CARTESIAN_POINT ( 'NONE',  ( -1.154700538379222800, -2.000000000000016400, -20.00833333333328700 ) ) ;
#61 = FACE_OUTER_BOUND ( 'NONE', #1508, .T. ) ;
#62 = CARTESIAN_POINT ( 'NONE',  ( -3.596881876297540200E-014, 1.545336663013167300, -5.249999999999984900 ) ) ;
#63 = CARTESIAN_POINT ( 'NONE',  ( 0.8922005383791991000, 1.545336663013196600, -21.40833333333327800 ) ) ;
#64 = EDGE_LOOP ( 'NONE', ( #7438, #4704, #5379, #7234 ) ) ;
#65 = LINE ( 'NONE', #459, #3210 ) ;
#66 = CARTESIAN_POINT ( 'NONE',  ( 1.545336663013166200, 1.243387493232115400E-014, -14.61249999999996300 ) ) ;
#67 = CARTESIAN_POINT ( 'NONE',  ( -1.732050807568862800, -1.000000000000025100, -16.65416666666662200 ) ) ;
#68 = EDGE_CURVE ( 'NONE', #2322, #2910, #2460, .T. ) ;
#69 = CARTESIAN_POINT ( 'NONE',  ( -5.489756087650233800E-014, 1.545336663013167300, -19.94999999999995000 ) ) ;
#70 = CARTESIAN_POINT ( 'NONE',  ( -1.545336663013167700, 1.162044386198239100E-016, -1.662499999999996100 ) ) ;
#71 = CARTESIAN_POINT ( 'NONE',  ( -1.338300807568862900, -0.7726683315066050800, -1.516666666666660600 ) ) ;
#72 = CARTESIAN_POINT ( 'NONE',  ( 1.732050807568891200, -0.9999999999999753500, -3.820833333333320400 ) ) ;
#73 = CARTESIAN_POINT ( 'NONE',  ( -0.8922005383792950300, 1.545336663013141300, -13.67916666666663200 ) ) ;
#74 = CARTESIAN_POINT ( 'NONE',  ( 0.8922005383793268900, -1.545336663013122700, -21.72916666666661100 ) ) ;
#75 = EDGE_CURVE ( 'NONE', #2507, #5111, #3341, .T. ) ;
#76 = ADVANCED_FACE ( 'NONE', ( #7979 ), #2456, .T. ) ;
#77 = CARTESIAN_POINT ( 'NONE',  ( 1.732050807568833200, 1.000000000000077000, -21.20416666666661200 ) ) ;
#78 = AXIS2_PLACEMENT_3D ( 'NONE', #5956, #6608, #7827 ) ;
#79 = CARTESIAN_POINT ( 'NONE',  ( -1.545336663013167300, -2.382190991706389300E-015, -5.774999999999985300 ) ) ;
#80 = CARTESIAN_POINT ( 'NONE',  ( -0.8922005383792279700, -1.545336663013180200, -14.05833333333329400 ) ) ;
#81 = CARTESIAN_POINT ( 'NONE',  ( -1.545336663013171500, 0.4140717108885575400, -20.50626073911691100 ) ) ;
#82 = CARTESIAN_POINT ( 'NONE',  ( -1.545336663013172000, 1.269533491921576000E-014, -14.26249999999996700 ) ) ;
#83 = ORIENTED_EDGE ( 'NONE', *, *, #3456, .T. ) ;
#84 = CARTESIAN_POINT ( 'NONE',  ( -2.793185071074506100E-014, 2.000000000000000000, -4.899999999999986100 ) ) ;
#85 = CARTESIAN_POINT ( 'NONE',  ( -1.338300807568864000, -0.7726683315066029700, -18.40416666666661900 ) ) ;
#86 = CARTESIAN_POINT ( 'NONE',  ( -1.154700538379222800, -2.000000000000016400, -22.10833333333327700 ) ) ;
#87 = CARTESIAN_POINT ( 'NONE',  ( 2.000000000000003600, 0.5358983848622557200, -6.531239260883018500 ) ) ;
#88 = CARTESIAN_POINT ( 'NONE',  ( -1.545336663013166000, 8.366719580627318400E-015, -7.874999999999981300 ) ) ;
#89 = VERTEX_POINT ( 'NONE', #144 ) ;
#90 = CARTESIAN_POINT ( 'NONE',  ( 2.000000000000000000, 0.0000000000000000000, -22.00000000000000000 ) ) ;
#91 = CARTESIAN_POINT ( 'NONE',  ( 1.999999999999994900, 0.5358983848622881400, -12.74373926088300700 ) ) ;
#92 = CARTESIAN_POINT ( 'NONE',  ( 1.154700538379280100, -1.999999999999983300, -17.17916666666662100 ) ) ;
#93 = CARTESIAN_POINT ( 'NONE',  ( -1.732050807568861200, -1.000000000000028200, -2.566666666666658400 ) ) ;
#94 = CARTESIAN_POINT ( 'NONE',  ( -2.793185071074506700E-014, 2.000000000000000000, -2.187499999999991600 ) ) ;
#95 = DIRECTION ( 'NONE',  ( -0.8660254037844387100, 0.4999999999999997800, 0.0000000000000000000 ) ) ;
#96 = CARTESIAN_POINT ( 'NONE',  ( 2.000000000000000900, -0.5358983848622184100, -10.70626073911693700 ) ) ;
#97 = ORIENTED_EDGE ( 'NONE', *, *, #3959, .T. ) ;
#98 = CARTESIAN_POINT ( 'NONE',  ( -1.338300807568854700, -0.7726683315066194000, -21.90416666666661200 ) ) ;
#99 = LINE ( 'NONE', #5269, #4088 ) ;
#100 = EDGE_CURVE ( 'NONE', #1782, #1810, #7424, .T. ) ;
#101 = AXIS2_PLACEMENT_3D ( 'NONE', #2426, #3702, #4219 ) ;
#102 = DIRECTION ( 'NONE',  ( -1.000000000000000000, 0.0000000000000000000, 0.0000000000000000000 ) ) ;
#103 = CARTESIAN_POINT ( 'NONE',  ( -2.000000000000001800, 3.137519842735244800E-015, -9.012499999999978000 ) ) ;
#104 = ORIENTED_EDGE ( 'NONE', *, *, #2647, .F. ) ;
#105 = CARTESIAN_POINT ( 'NONE',  ( 1.545336663013166000, -5.810221930991194200E-017, -13.21249999999996700 ) ) ;
#106 = CARTESIAN_POINT ( 'NONE',  ( 0.0000000000000000000, 0.0000000000000000000, -22.00000000000000000 ) ) ;
#107 = CARTESIAN_POINT ( 'NONE',  ( -2.158205648456237700E-014, 1.545336663013167300, -11.54999999999996900 ) ) ;
#108 = CARTESIAN_POINT ( 'NONE',  ( -1.545336663013166000, -1.853460795986191000E-014, -15.66249999999996400 ) ) ;
#109 = ORIENTED_EDGE ( 'NONE', *, *, #2671, .T. ) ;
#110 = CARTESIAN_POINT ( 'NONE',  ( 1.732050807568891200, -0.9999999999999753500, -4.433333333333320200 ) ) ;
#111 = CARTESIAN_POINT ( 'NONE',  ( 1.338300807568886300, -0.7726683315065647800, -16.07083333333329000 ) ) ;
#112 = CARTESIAN_POINT ( 'NONE',  ( 0.0000000000000000000, 0.0000000000000000000, 0.0000000000000000000 ) ) ;
#113 = EDGE_CURVE ( 'NONE', #3682, #815, #6003, .T. ) ;
#114 = CARTESIAN_POINT ( 'NONE',  ( -1.154700538379206800, -2.000000000000025800, -21.40833333333327800 ) ) ;
#115 = DIRECTION ( 'NONE',  ( 0.0000000000000000000, 0.0000000000000000000, 1.000000000000000000 ) ) ;
#116 = EDGE_LOOP ( 'NONE', ( #1547, #6764, #238, #6542 ) ) ;
#117 = CARTESIAN_POINT ( 'NONE',  ( -6.247135340224450500E-014, 1.545336663013167300, -13.64999999999996500 ) ) ;
#118 = CARTESIAN_POINT ( 'NONE',  ( 1.154700538379223000, 2.000000000000016000, -17.64583333333328600 ) ) ;
#119 = LINE ( 'NONE', #4210, #7586 ) ;
#120 = PERSON_AND_ORGANIZATION_ROLE ( 'classification_officer' ) ;
#121 = ORIENTED_EDGE ( 'NONE', *, *, #5072, .F. ) ;
#122 = ADVANCED_FACE ( 'NONE', ( #6316 ), #2368, .T. ) ;
#123 =( BOUNDED_CURVE ( )  B_SPLINE_CURVE ( 2, ( #2248, #1001, #5336, #7238, #6005, #6656, #4818, #1634, #6059 ),
 .UNSPECIFIED., .F., .F. ) 
 B_SPLINE_CURVE_WITH_KNOTS ( ( 3, 2, 2, 2, 3 ),
 ( 0.4632352941176471900, 0.4656862745098039300, 0.4705882352941176400, 0.4754901960784313500, 0.4779411764705883100 ),
 .UNSPECIFIED. ) 
 CURVE ( )  GEOMETRIC_REPRESENTATION_ITEM ( )  RATIONAL_B_SPLINE_CURVE ( ( 0.9330127018922194100, 0.9330127018922231800, 1.000000000000000000, 0.8660254037844387100, 1.000000000000000000, 0.8660254037844387100, 1.000000000000000000, 0.9330127018922170800, 0.9330127018922194100 ) ) 
 REPRESENTATION_ITEM ( '' )  );
#124 = FACE_OUTER_BOUND ( 'NONE', #3537, .T. ) ;
#125 = CARTESIAN_POINT ( 'NONE',  ( 0.8922005383792778200, -1.545336663013151300, -1.429166666666661100 ) ) ;
#126 = CARTESIAN_POINT ( 'NONE',  ( 1.154700538379280100, -1.999999999999983300, -2.479166666666657200 ) ) ;
#127 = CARTESIAN_POINT ( 'NONE',  ( 1.264222809608504400, 1.002151428125742600, -25.86387397565810200 ) ) ;
#128 = CARTESIAN_POINT ( 'NONE',  ( 1.545336663013167300, 1.892491597964127500E-016, 0.0000000000000000000 ) ) ;
#129 = LINE ( 'NONE', #6189, #4560 ) ;
#130 = EDGE_CURVE ( 'NONE', #4794, #3008, #4278, .T. ) ;
#131 = VECTOR ( 'NONE', #1767, 1000.000000000000000 ) ;
#132 = ORIENTED_EDGE ( 'NONE', *, *, #2971, .F. ) ;
#133 = DIRECTION ( 'NONE',  ( -0.0000000000000000000, -0.0000000000000000000, 1.000000000000000000 ) ) ;
#134 = CARTESIAN_POINT ( 'NONE',  ( 2.000000000000000000, 0.0000000000000000000, -22.00000000000000000 ) ) ;
#135 = ORIENTED_EDGE ( 'NONE', *, *, #2071, .T. ) ;
#136 =( BOUNDED_CURVE ( )  B_SPLINE_CURVE ( 2, ( #852, #4653, #5898, #2121, #6523, #2736, #7140, #6041, #4828 ),
 .UNSPECIFIED., .F., .F. ) 
 B_SPLINE_CURVE_WITH_KNOTS ( ( 3, 2, 2, 2, 3 ),
 ( 0.1838235294117648000, 0.1862745098039215700, 0.1911764705882352800, 0.1960784313725490200, 0.1985294117647059800 ),
 .UNSPECIFIED. ) 
 CURVE ( )  GEOMETRIC_REPRESENTATION_ITEM ( )  RATIONAL_B_SPLINE_CURVE ( ( 0.9330127018922194100, 0.9330127018922220700, 1.000000000000000000, 0.8660254037844387100, 1.000000000000000000, 0.8660254037844387100, 1.000000000000000000, 0.9330127018922167400, 0.9330127018922194100 ) ) 
 REPRESENTATION_ITEM ( '' )  );
#137 = CARTESIAN_POINT ( 'NONE',  ( 1.732050807568841900, 1.000000000000061500, -16.91666666666662500 ) ) ;
#138 = CARTESIAN_POINT ( 'NONE',  ( 1.784401076758500100, 2.503007529540795900E-014, -13.12499999999996400 ) ) ;
#139 = ORIENTED_EDGE ( 'NONE', *, *, #5356, .T. ) ;
#140 = CARTESIAN_POINT ( 'NONE',  ( -1.999999999999998200, 2.364760325913415700E-014, -20.12499999999995000 ) ) ;
#141 = CARTESIAN_POINT ( 'NONE',  ( -2.309401076758502900, -3.267715314911616300E-014, -4.024999999999988800 ) ) ;
#142 = CARTESIAN_POINT ( 'NONE',  ( -0.8922005383792279700, -1.545336663013180200, -9.945833333333308000 ) ) ;
#143 = VERTEX_POINT ( 'NONE', #285 ) ;
#144 = CARTESIAN_POINT ( 'NONE',  ( -1.545336663013172000, 1.644292806470507900E-014, -21.96249999999995200 ) ) ;
#145 = CARTESIAN_POINT ( 'NONE',  ( -2.000000000000000400, 4.299564228933483700E-015, -3.412499999999991200 ) ) ;
#146 = CARTESIAN_POINT ( 'NONE',  ( -1.732050807568899200, 0.9999999999999622500, -4.783333333333319900 ) ) ;
#147 = CARTESIAN_POINT ( 'NONE',  ( 0.8922005383792196400, 1.545336663013184600, -3.208333333333323700 ) ) ;
#148 = CARTESIAN_POINT ( 'NONE',  ( 1.545336663013167300, 1.892491597964127500E-016, 0.0000000000000000000 ) ) ;
#149 = ORIENTED_EDGE ( 'NONE', *, *, #5397, .F. ) ;
#150 = CARTESIAN_POINT ( 'NONE',  ( 1.154700538379223000, 2.000000000000016000, -11.95833333333330200 ) ) ;
#151 = DIRECTION ( 'NONE',  ( 1.000000000000000000, 0.0000000000000000000, 0.0000000000000000000 ) ) ;
#152 = ORIENTED_EDGE ( 'NONE', *, *, #501, .F. ) ;
#153 = CARTESIAN_POINT ( 'NONE',  ( -2.793185071074506700E-014, 2.000000000000000000, -18.28749999999994800 ) ) ;
#154 = CARTESIAN_POINT ( 'NONE',  ( 1.545336663013166200, -2.295037662741521500E-015, -8.924999999999977600 ) ) ;
#155 = CARTESIAN_POINT ( 'NONE',  ( 4.067065334442389200E-014, -2.000000000000000000, -6.737499999999981200 ) ) ;
#156 = CARTESIAN_POINT ( 'NONE',  ( 1.154700538379223000, 2.000000000000016000, -7.845833333333312800 ) ) ;
#157 = ORIENTED_EDGE ( 'NONE', *, *, #6685, .T. ) ;
#158 = CARTESIAN_POINT ( 'NONE',  ( -0.8922005383791944400, -1.545336663013199300, -19.74583333333328000 ) ) ;
#159 = CARTESIAN_POINT ( 'NONE',  ( -1.545336663013172000, 1.644292806470507900E-014, -21.87499999999995400 ) ) ;
#160 =( BOUNDED_CURVE ( )  B_SPLINE_CURVE ( 2, ( #433, #2268, #8000, #7328, #3639, #4814, #3613, #3587, #4890 ),
 .UNSPECIFIED., .F., .F. ) 
 B_SPLINE_CURVE_WITH_KNOTS ( ( 3, 2, 2, 2, 3 ),
 ( 0.1985294117647059800, 0.2009803921568627500, 0.2058823529411764600, 0.2107843137254902000, 0.2132352941176471600 ),
 .UNSPECIFIED. ) 
 CURVE ( )  GEOMETRIC_REPRESENTATION_ITEM ( )  RATIONAL_B_SPLINE_CURVE ( ( 0.9330127018922194100, 0.9330127018922220700, 1.000000000000000000, 0.8660254037844387100, 1.000000000000000000, 0.8660254037844387100, 1.000000000000000000, 0.9330127018922167400, 0.9330127018922194100 ) ) 
 REPRESENTATION_ITEM ( '' )  );
#161 = ORIENTED_EDGE ( 'NONE', *, *, #3226, .T. ) ;
#162 = CYLINDRICAL_SURFACE ( 'NONE', #1971, 1.545336663013167300 ) ;
#163 = ADVANCED_FACE ( 'NONE', ( #2081 ), #4541, .T. ) ;
#164 = CARTESIAN_POINT ( 'NONE',  ( 2.000000000000007100, -0.5358983848622049800, -18.49376073911691500 ) ) ;
#165 = CARTESIAN_POINT ( 'NONE',  ( 1.999999999999998200, 1.818599464400243800E-014, -17.67499999999995800 ) ) ;
#166 = CARTESIAN_POINT ( 'NONE',  ( 2.000000000000000400, -4.009053132383925200E-015, -3.674999999999992300 ) ) ;
#167 = CARTESIAN_POINT ( 'NONE',  ( -0.8922005383792724900, 1.545336663013154900, -12.19166666666663300 ) ) ;
#168 = EDGE_CURVE ( 'NONE', #2801, #3184, #2875, .T. ) ;
#169 = DIRECTION ( 'NONE',  ( 1.000000000000000000, 0.0000000000000000000, 0.0000000000000000000 ) ) ;
#170 = ORIENTED_EDGE ( 'NONE', *, *, #4199, .T. ) ;
#171 = CIRCLE ( 'NONE', #5918, 1.732050807568877400 ) ;
#172 = CARTESIAN_POINT ( 'NONE',  ( 1.154700538379335600, -1.999999999999951800, -19.89166666666661600 ) ) ;
#173 = CARTESIAN_POINT ( 'NONE',  ( 1.338300807568886300, -0.7726683315065647800, -13.27083333333330000 ) ) ;
#174 = VECTOR ( 'NONE', #4619, 1000.000000000000000 ) ;
#175 = CARTESIAN_POINT ( 'NONE',  ( -1.154700538379208800, -2.000000000000024000, -17.99583333333328400 ) ) ;
#176 = CARTESIAN_POINT ( 'NONE',  ( -1.154700538379341200, 1.999999999999948500, -17.52916666666661900 ) ) ;
#177 = CARTESIAN_POINT ( 'NONE',  ( 2.000000000000000000, 2.963213184805508800E-015, -5.074999999999986900 ) ) ;
#178 = CARTESIAN_POINT ( 'NONE',  ( 1.154700538379219700, 2.000000000000018200, -2.858333333333325000 ) ) ;
#179 = CARTESIAN_POINT ( 'NONE',  ( -1.154700538379201900, -2.000000000000028900, -8.108333333333313000 ) ) ;
#180 = CARTESIAN_POINT ( 'NONE',  ( 1.732050807568891200, -0.9999999999999753500, -12.13333333333330100 ) ) ;
#181 = CARTESIAN_POINT ( 'NONE',  ( 0.0000000000000000000, 0.0000000000000000000, -26.00000000000000000 ) ) ;
#182 = CARTESIAN_POINT ( 'NONE',  ( -1.732050807568862800, -1.000000000000025100, -22.25416666666660600 ) ) ;
#183 = EDGE_CURVE ( 'NONE', #1316, #5564, #1939, .T. ) ;
#184 = DIRECTION ( 'NONE',  ( 0.0000000000000000000, 0.0000000000000000000, 1.000000000000000000 ) ) ;
#185 = AXIS2_PLACEMENT_3D ( 'NONE', #426, #2934, #1087 ) ;
#186 = CARTESIAN_POINT ( 'NONE',  ( -1.545336663013167500, -0.4140717108885974600, -1.631239260883030400 ) ) ;
#187 = CARTESIAN_POINT ( 'NONE',  ( -5.338356759813103400E-014, 1.545336663013167300, -17.23749999999995500 ) ) ;
#188 = CARTESIAN_POINT ( 'NONE',  ( 2.817678007057453700E-014, -2.000000000000000000, -6.737499999999981200 ) ) ;
#189 = DIRECTION ( 'NONE',  ( -1.000000000000000000, 0.0000000000000000000, 0.0000000000000000000 ) ) ;
#190 = ORIENTED_EDGE ( 'NONE', *, *, #1332, .T. ) ;
#191 = CARTESIAN_POINT ( 'NONE',  ( 0.0000000000000000000, 0.0000000000000000000, 0.0000000000000000000 ) ) ;
#192 = ORIENTED_EDGE ( 'NONE', *, *, #5670, .F. ) ;
#193 = CARTESIAN_POINT ( 'NONE',  ( -1.545336663013167300, -2.382190991706389300E-015, -5.862499999999985600 ) ) ;
#194 = CARTESIAN_POINT ( 'NONE',  ( -1.545336663013166000, -1.853460795986191000E-014, -15.66249999999996400 ) ) ;
#195 = AXIS2_PLACEMENT_3D ( 'NONE', #2817, #6596, #386 ) ;
#196 = CARTESIAN_POINT ( 'NONE',  ( 0.0000000000000000000, 0.0000000000000000000, 0.0000000000000000000 ) ) ;
#197 = CARTESIAN_POINT ( 'NONE',  ( 0.8922005383792722700, -1.545336663013154900, -11.84166666666663500 ) ) ;
#198 =( BOUNDED_CURVE ( )  B_SPLINE_CURVE ( 2, ( #2593, #7031, #2623, #3269, #3239, #6441, #6413, #1356, #5792 ),
 .UNSPECIFIED., .F., .T. ) 
 B_SPLINE_CURVE_WITH_KNOTS ( ( 3, 2, 2, 2, 3 ),
 ( 0.5955882352941177500, 0.5980392156862744900, 0.6029411764705882000, 0.6078431372549019100, 0.6102941176470589900 ),
 .UNSPECIFIED. ) 
 CURVE ( )  GEOMETRIC_REPRESENTATION_ITEM ( )  RATIONAL_B_SPLINE_CURVE ( ( 0.9330127018922194100, 0.9330127018922224100, 1.000000000000000000, 0.8660254037844387100, 1.000000000000000000, 0.8660254037844387100, 1.000000000000000000, 0.9330127018922147500, 0.9330127018922193000 ) ) 
 REPRESENTATION_ITEM ( '' )  );
#199 = CARTESIAN_POINT ( 'NONE',  ( -2.000000000000006200, -9.819275063375116700E-015, -17.32499999999995700 ) ) ;
#200 = CARTESIAN_POINT ( 'NONE',  ( -2.000000000000001300, -0.5358983848622617100, -1.981239260883028700 ) ) ;
#201 = CARTESIAN_POINT ( 'NONE',  ( -1.338300807568886700, 0.7726683315065640000, -11.52083333333330400 ) ) ;
#202 = CARTESIAN_POINT ( 'NONE',  ( 1.732050807568906100, -0.9999999999999501500, -13.62083333333329800 ) ) ;
#203 = CARTESIAN_POINT ( 'NONE',  ( -1.154700538379280800, 1.999999999999983100, -12.54166666666663400 ) ) ;
#204 = CARTESIAN_POINT ( 'NONE',  ( 1.545336663013165100, -0.4140717108885488300, -19.45626073911692100 ) ) ;
#205 = CARTESIAN_POINT ( 'NONE',  ( 2.309401076758502900, 3.239433308545619500E-014, -21.26249999999994600 ) ) ;
#206 = ADVANCED_FACE ( 'NONE', ( #3143 ), #9, .T. ) ;
#207 = ORIENTED_EDGE ( 'NONE', *, *, #3014, .T. ) ;
#208 = CARTESIAN_POINT ( 'NONE',  ( -1.338300807568886700, 0.7726683315065640000, -1.020833333333328400 ) ) ;
#209 = CARTESIAN_POINT ( 'NONE',  ( -2.000000000000001800, 0.5358983848622220800, -5.543760739116948800 ) ) ;
#210 = CARTESIAN_POINT ( 'NONE',  ( -2.000000000000006200, -9.819275063375116700E-015, -16.71249999999995600 ) ) ;
#211 = CARTESIAN_POINT ( 'NONE',  ( 0.0000000000000000000, 0.0000000000000000000, -22.00000000000000000 ) ) ;
#212 = CARTESIAN_POINT ( 'NONE',  ( 1.732050807568891200, -0.9999999999999753500, -4.520833333333319700 ) ) ;
#213 = DIRECTION ( 'NONE',  ( 0.0000000000000000000, 0.0000000000000000000, 1.000000000000000000 ) ) ;
#214 = CARTESIAN_POINT ( 'NONE',  ( 1.338300807568898900, -0.7726683315065426800, -19.57083333333328000 ) ) ;
#215 = CARTESIAN_POINT ( 'NONE',  ( 1.999999999999998200, 1.615241696815551800E-014, -14.87499999999996400 ) ) ;
#216 = ORIENTED_EDGE ( 'NONE', *, *, #4773, .T. ) ;
#217 = VERTEX_POINT ( 'NONE', #7326 ) ;
#218 = EDGE_CURVE ( 'NONE', #3583, #4467, #5838, .T. ) ;
#219 = AXIS2_PLACEMENT_3D ( 'NONE', #5015, #1284, #151 ) ;
#220 = ORIENTED_EDGE ( 'NONE', *, *, #3559, .F. ) ;
#221 = DIRECTION ( 'NONE',  ( -0.0000000000000000000, -0.0000000000000000000, -1.000000000000000000 ) ) ;
#222 = VERTEX_POINT ( 'NONE', #5487 ) ;
#223 = CARTESIAN_POINT ( 'NONE',  ( 1.545336663013172000, 1.199810828749681400E-014, -15.31249999999996100 ) ) ;
#224 = CARTESIAN_POINT ( 'NONE',  ( -1.732050807568896100, 0.9999999999999672500, -16.68333333333329400 ) ) ;
#225 = CARTESIAN_POINT ( 'NONE',  ( 1.338300807568886300, -0.7726683315065647800, -18.08333333333329000 ) ) ;
#226 = CARTESIAN_POINT ( 'NONE',  ( -1.999999999999998200, 1.586190587160596000E-014, -13.82499999999996900 ) ) ;
#227 = CARTESIAN_POINT ( 'NONE',  ( -1.338300807568864000, -0.7726683315066029700, 0.4958333333333342400 ) ) ;
#228 = CARTESIAN_POINT ( 'NONE',  ( -1.784401076758500100, -2.524860140211269200E-014, -11.46249999999996800 ) ) ;
#229 = FACE_OUTER_BOUND ( 'NONE', #231, .T. ) ;
#230 = DIRECTION ( 'NONE',  ( -1.000000000000000000, 0.0000000000000000000, 0.0000000000000000000 ) ) ;
#231 = EDGE_LOOP ( 'NONE', ( #4997, #1832, #2877, #3737 ) ) ;
#232 = EDGE_CURVE ( 'NONE', #1000, #423, #3958, .T. ) ;
#233 = CARTESIAN_POINT ( 'NONE',  ( 1.999999999999998200, -2.963213184805508800E-015, -9.274999999999977300 ) ) ;
#234 = CARTESIAN_POINT ( 'NONE',  ( -2.309401076758502900, -3.267715314911616300E-014, -13.82499999999996600 ) ) ;
#235 = DIRECTION ( 'NONE',  ( 0.0000000000000000000, 0.0000000000000000000, -1.000000000000000000 ) ) ;
#236 = FACE_OUTER_BOUND ( 'NONE', #3103, .T. ) ;
#237 = CARTESIAN_POINT ( 'NONE',  ( -1.154700538379222800, -2.000000000000016400, -20.79583333333327700 ) ) ;
#238 = ORIENTED_EDGE ( 'NONE', *, *, #1863, .F. ) ;
#239 = ORIENTED_EDGE ( 'NONE', *, *, #3120, .F. ) ;
#240 = CARTESIAN_POINT ( 'NONE',  ( -0.8922005383792724900, 1.545336663013154900, -3.179166666666656900 ) ) ;
#241 = CARTESIAN_POINT ( 'NONE',  ( 0.0000000000000000000, 0.0000000000000000000, -22.00000000000000000 ) ) ;
#242 = VERTEX_POINT ( 'NONE', #7971 ) ;
#243 = CARTESIAN_POINT ( 'NONE',  ( -2.000000000000000400, -0.5358983848622632700, -3.381239260883025700 ) ) ;
#244 = CARTESIAN_POINT ( 'NONE',  ( -1.154700538379184200, -2.000000000000038600, -12.39583333333330000 ) ) ;
#245 = CARTESIAN_POINT ( 'NONE',  ( -1.732050807568862800, -1.000000000000025100, -6.154166666666648100 ) ) ;
#246 = CARTESIAN_POINT ( 'NONE',  ( 0.8922005383792761500, -1.545336663013152200, -9.041666666666643000 ) ) ;
#247 = CARTESIAN_POINT ( 'NONE',  ( -1.338300807568896000, 0.7726683315065480100, -18.43333333333328700 ) ) ;
#248 = CYLINDRICAL_SURFACE ( 'NONE', #4586, 1.545336663013167300 ) ;
#249 = FACE_OUTER_BOUND ( 'NONE', #6858, .T. ) ;
#250 = EDGE_CURVE ( 'NONE', #6525, #8057, #6819, .T. ) ;
#251 = ORIENTED_EDGE ( 'NONE', *, *, #6723, .F. ) ;
#252 = CARTESIAN_POINT ( 'NONE',  ( -1.338300807568862300, -0.7726683315066063000, -14.11666666666662800 ) ) ;
#253 = AXIS2_PLACEMENT_3D ( 'NONE', #3265, #5165, #3468 ) ;
#254 = CARTESIAN_POINT ( 'NONE',  ( -1.545336663013165700, -0.4140717108886038400, -10.73123926088301000 ) ) ;
#255 = ADVANCED_FACE ( 'NONE', ( #6224 ), #2959, .T. ) ;
#256 = CARTESIAN_POINT ( 'NONE',  ( 1.893867654794374700, -0.6428571428580690500, -22.00000000000000400 ) ) ;
#257 = CARTESIAN_POINT ( 'NONE',  ( 3.500000000000000000, 0.0000000000000000000, -26.00000000000000000 ) ) ;
#258 =( BOUNDED_CURVE ( )  B_SPLINE_CURVE ( 2, ( #4474, #5609, #676, #1835, #5081, #4390, #6875, #5718, #4412 ),
 .UNSPECIFIED., .F., .F. ) 
 B_SPLINE_CURVE_WITH_KNOTS ( ( 3, 2, 2, 2, 3 ),
 ( 0.7573529411764706700, 0.7598039215686274200, 0.7647058823529411200, 0.7696078431372549400, 0.7720588235294119100 ),
 .UNSPECIFIED. ) 
 CURVE ( )  GEOMETRIC_REPRESENTATION_ITEM ( )  RATIONAL_B_SPLINE_CURVE ( ( 0.9330127018922194100, 0.9330127018922224100, 1.000000000000000000, 0.8660254037844387100, 1.000000000000000000, 0.8660254037844387100, 1.000000000000000000, 0.9330127018922163000, 0.9330127018922194100 ) ) 
 REPRESENTATION_ITEM ( '' )  );
#259 = CARTESIAN_POINT ( 'NONE',  ( 2.177130564435878800E-014, -1.545336663013167300, -16.79999999999995800 ) ) ;
#260 = CARTESIAN_POINT ( 'NONE',  ( 2.000000000000000400, -3.544235377904629100E-015, -3.762499999999990400 ) ) ;
#261 = DIRECTION ( 'NONE',  ( -0.8660254037844387100, -0.4999999999999997800, 0.0000000000000000000 ) ) ;
#262 =( BOUNDED_CURVE ( )  B_SPLINE_CURVE ( 2, ( #822, #2621, #214, #6471, #853, #158, #5168, #4530, #2085 ),
 .UNSPECIFIED., .F., .F. ) 
 B_SPLINE_CURVE_WITH_KNOTS ( ( 3, 2, 2, 2, 3 ),
 ( 0.8602941176470589900, 0.8627450980392157300, 0.8676470588235294400, 0.8725490196078431500, 0.8750000000000002200 ),
 .UNSPECIFIED. ) 
 CURVE ( )  GEOMETRIC_REPRESENTATION_ITEM ( )  RATIONAL_B_SPLINE_CURVE ( ( 0.9330127018922193000, 0.9330127018922238500, 1.000000000000000000, 0.8660254037844387100, 1.000000000000000000, 0.8660254037844387100, 1.000000000000000000, 0.9330127018922133000, 0.9330127018922194100 ) ) 
 REPRESENTATION_ITEM ( '' )  );
#263 = ORIENTED_EDGE ( 'NONE', *, *, #6361, .T. ) ;
#264 = CARTESIAN_POINT ( 'NONE',  ( 2.177130564435878500E-014, -1.545336663013167300, -12.68749999999996600 ) ) ;
#265 = DIRECTION ( 'NONE',  ( 0.0000000000000000000, 0.0000000000000000000, 1.000000000000000000 ) ) ;
#266 = CARTESIAN_POINT ( 'NONE',  ( 1.338300807568887100, -0.7726683315065635500, -0.6708333333333295100 ) ) ;
#267 = DIRECTION ( 'NONE',  ( -1.000000000000000000, -1.865174681370263300E-014, 0.0000000000000000000 ) ) ;
#268 = CARTESIAN_POINT ( 'NONE',  ( 1.545336663013172000, 1.199810828749681400E-014, -15.22499999999996200 ) ) ;
#269 = ORIENTED_EDGE ( 'NONE', *, *, #4555, .T. ) ;
#270 = CARTESIAN_POINT ( 'NONE',  ( -1.732050807568862800, -1.000000000000025100, -14.46666666666662800 ) ) ;
#271 = DIRECTION ( 'NONE',  ( -0.0000000000000000000, -0.0000000000000000000, -1.000000000000000000 ) ) ;
#272 = CARTESIAN_POINT ( 'NONE',  ( 2.817678007057453700E-014, -2.000000000000000000, -19.33749999999994900 ) ) ;
#273 = CARTESIAN_POINT ( 'NONE',  ( -1.545336663013166200, -2.963213184805508800E-015, -8.574999999999978000 ) ) ;
#274 = CARTESIAN_POINT ( 'NONE',  ( -0.8922005383792279700, -1.545336663013180200, -0.8458333333333291100 ) ) ;
#275 = ORGANIZATION ( 'UNSPECIFIED', 'UNSPECIFIED', '' ) ;
#276 = CARTESIAN_POINT ( 'NONE',  ( -1.999999999999996200, 0.5358983848622197500, -19.54376073911691200 ) ) ;
#277 = CARTESIAN_POINT ( 'NONE',  ( 1.154700538379281400, -1.999999999999982500, -3.179166666666655600 ) ) ;
#278 = CARTESIAN_POINT ( 'NONE',  ( 2.168404344971008900E-016, -1.732050807568877600, -26.00000000000000000 ) ) ;
#279 = CARTESIAN_POINT ( 'NONE',  ( 1.154700538379223000, 2.000000000000016000, -6.445833333333314200 ) ) ;
#280 = CARTESIAN_POINT ( 'NONE',  ( -1.732050807568839000, -1.000000000000066800, -15.16666666666662700 ) ) ;
#281 = ORIENTED_EDGE ( 'NONE', *, *, #1159, .T. ) ;
#282 = CARTESIAN_POINT ( 'NONE',  ( 0.3455432243986836800, 1.675454136027706900, -0.2839298383419642800 ) ) ;
#283 = CARTESIAN_POINT ( 'NONE',  ( -1.338300807568864000, -0.7726683315066029700, -7.904166666666644600 ) ) ;
#284 = CYLINDRICAL_SURFACE ( 'NONE', #1770, 1.545336663013167300 ) ;
#285 = CARTESIAN_POINT ( 'NONE',  ( 1.795544095158371100E-016, 1.732050807568877400, -23.75000000000000000 ) ) ;
#286 = CARTESIAN_POINT ( 'NONE',  ( -1.338300807568864000, -0.7726683315066029700, -17.61666666666662100 ) ) ;
#287 = EDGE_CURVE ( 'NONE', #5247, #4200, #8043, .T. ) ;
#288 = CARTESIAN_POINT ( 'NONE',  ( 1.999999999999998700, -0.5358983848622038700, -17.09376073911691700 ) ) ;
#289 = CARTESIAN_POINT ( 'NONE',  ( -2.000000000000000900, -0.5358983848622666000, -11.78123926088300500 ) ) ;
#290 = CARTESIAN_POINT ( 'NONE',  ( -0.8922005383792724900, 1.545336663013154900, -14.37916666666662900 ) ) ;
#291 = CARTESIAN_POINT ( 'NONE',  ( 1.154700538379301000, -1.999999999999971400, -10.87916666666664000 ) ) ;
#292 = CARTESIAN_POINT ( 'NONE',  ( 1.999999999999998200, -0.5358983848622260700, -3.706260739116954200 ) ) ;
#293 = CARTESIAN_POINT ( 'NONE',  ( -1.545336663013167300, 0.4140717108885700300, -1.606260739116958800 ) ) ;
#294 = VERTEX_POINT ( 'NONE', #6573 ) ;
#295 = CARTESIAN_POINT ( 'NONE',  ( 1.999999999999998200, 1.818599464400243800E-014, -17.06249999999995700 ) ) ;
#296 = CARTESIAN_POINT ( 'NONE',  ( -1.154700538379280800, 1.999999999999983100, -6.241666666666649400 ) ) ;
#297 = CARTESIAN_POINT ( 'NONE',  ( 1.732050807568863200, 1.000000000000024400, -20.50416666666661300 ) ) ;
#298 = ORIENTED_EDGE ( 'NONE', *, *, #5017, .T. ) ;
#299 = DIRECTION ( 'NONE',  ( -1.000000000000000000, 0.0000000000000000000, 0.0000000000000000000 ) ) ;
#300 = ADVANCED_FACE ( 'NONE', ( #5026 ), #4854, .T. ) ;
#301 = EDGE_CURVE ( 'NONE', #5389, #3133, #6422, .T. ) ;
#302 = CARTESIAN_POINT ( 'NONE',  ( -1.784401076758500100, -2.524860140211269200E-014, -0.9624999999999954700 ) ) ;
#303 = ORIENTED_EDGE ( 'NONE', *, *, #3328, .F. ) ;
#304 = CARTESIAN_POINT ( 'NONE',  ( 1.732050807568906900, -0.9999999999999486000, -16.42083333333328800 ) ) ;
#305 = CARTESIAN_POINT ( 'NONE',  ( 1.810424880635925300, -0.3358496077356699600, -0.3798527830233360300 ) ) ;
#306 =( BOUNDED_CURVE ( )  B_SPLINE_CURVE ( 2, ( #4405, #6318, #6351, #6916, #5045, #10, #1829, #5687, #4385 ),
 .UNSPECIFIED., .F., .F. ) 
 B_SPLINE_CURVE_WITH_KNOTS ( ( 3, 2, 2, 2, 3 ),
 ( 0.2132352941176471600, 0.2156862745098039300, 0.2205882352941176400, 0.2254901960784313800, 0.2279411764705883100 ),
 .UNSPECIFIED. ) 
 CURVE ( )  GEOMETRIC_REPRESENTATION_ITEM ( )  RATIONAL_B_SPLINE_CURVE ( ( 0.9330127018922194100, 0.9330127018922220700, 1.000000000000000000, 0.8660254037844387100, 1.000000000000000000, 0.8660254037844387100, 1.000000000000000000, 0.9330127018922170800, 0.9330127018922194100 ) ) 
 REPRESENTATION_ITEM ( '' )  );
#307 = CARTESIAN_POINT ( 'NONE',  ( 1.732050807568863200, 1.000000000000024400, -11.40416666666663500 ) ) ;
#308 = CARTESIAN_POINT ( 'NONE',  ( 1.154700538379193100, 2.000000000000033300, -9.945833333333308000 ) ) ;
#309 = CARTESIAN_POINT ( 'NONE',  ( 1.154700538379307900, -1.999999999999967800, -20.67916666666661400 ) ) ;
#310 = CARTESIAN_POINT ( 'NONE',  ( 1.732050807568913800, -0.9999999999999367200, -16.33333333333329300 ) ) ;
#311 = CARTESIAN_POINT ( 'NONE',  ( 1.338300807568886300, -0.7726683315065647800, -6.270833333333316200 ) ) ;
#312 = CARTESIAN_POINT ( 'NONE',  ( 1.154700538379298300, -1.999999999999972500, -7.291666666666647400 ) ) ;
#313 = CARTESIAN_POINT ( 'NONE',  ( 1.999999999999997800, 0.5358983848622923500, -17.03123926088299100 ) ) ;
#314 = EDGE_LOOP ( 'NONE', ( #1389, #4368, #6705, #5051 ) ) ;
#315 = CARTESIAN_POINT ( 'NONE',  ( -1.784401076758500100, -2.524860140211269500E-014, -14.87499999999996100 ) ) ;
#316 = DIRECTION ( 'NONE',  ( 0.0000000000000000000, 0.0000000000000000000, 1.000000000000000000 ) ) ;
#317 = DIRECTION ( 'NONE',  ( -0.0000000000000000000, -0.0000000000000000000, 1.000000000000000000 ) ) ;
#318 = CARTESIAN_POINT ( 'NONE',  ( 1.784401076758500100, 2.503007529540795600E-014, -13.91249999999996400 ) ) ;
#319 = CARTESIAN_POINT ( 'NONE',  ( 0.0000000000000000000, 0.0000000000000000000, 0.0000000000000000000 ) ) ;
#320 = CARTESIAN_POINT ( 'NONE',  ( -2.000000000000000000, -0.5358983848622732600, -10.29373926088301200 ) ) ;
#321 = VERTEX_POINT ( 'NONE', #295 ) ;
#322 =( BOUNDED_CURVE ( )  B_SPLINE_CURVE ( 2, ( #4662, #5417, #345, #6049, #1512, #6678, #4033, #5937, #7172 ),
 .UNSPECIFIED., .F., .F. ) 
 B_SPLINE_CURVE_WITH_KNOTS ( ( 3, 2, 2, 2, 3 ),
 ( 0.5367647058823530300, 0.5392156862745097800, 0.5441176470588234800, 0.5490196078431373000, 0.5514705882352942700 ),
 .UNSPECIFIED. ) 
 CURVE ( )  GEOMETRIC_REPRESENTATION_ITEM ( )  RATIONAL_B_SPLINE_CURVE ( ( 0.9330127018922194100, 0.9330127018922224100, 1.000000000000000000, 0.8660254037844387100, 1.000000000000000000, 0.8660254037844387100, 1.000000000000000000, 0.9330127018922163000, 0.9330127018922194100 ) ) 
 REPRESENTATION_ITEM ( '' )  );
#323 = CARTESIAN_POINT ( 'NONE',  ( -1.545336663013167500, 3.340877610319937100E-015, -3.762499999999991300 ) ) ;
#324 = CARTESIAN_POINT ( 'NONE',  ( -1.154700538379222800, -2.000000000000016400, -6.708333333333316200 ) ) ;
#325 = CARTESIAN_POINT ( 'NONE',  ( -1.338300807568886700, 0.7726683315065640000, -3.033333333333323400 ) ) ;
#326 = ORIENTED_EDGE ( 'NONE', *, *, #937, .F. ) ;
#327 = CARTESIAN_POINT ( 'NONE',  ( 3.218192250010431800E-014, -1.545336663013167300, -8.399999999999977300 ) ) ;
#328 = CARTESIAN_POINT ( 'NONE',  ( -1.338300807568886700, 0.7726683315065640000, -2.420833333333325400 ) ) ;
#329 = CARTESIAN_POINT ( 'NONE',  ( -1.732050807568918500, 0.9999999999999282800, -19.57083333333328000 ) ) ;
#330 = AXIS2_PLACEMENT_3D ( 'NONE', #5248, #2077, #1466 ) ;
#331 = CARTESIAN_POINT ( 'NONE',  ( 1.338300807568889800, -0.7726683315065584500, -6.183333333333315800 ) ) ;
#332 = CARTESIAN_POINT ( 'NONE',  ( 1.515309004270728000, -1.110814813361686600, -0.4062195364626476900 ) ) ;
#333 = ORIENTED_EDGE ( 'NONE', *, *, #7175, .T. ) ;
#334 = CARTESIAN_POINT ( 'NONE',  ( -2.793185071074506700E-014, 2.000000000000000000, -9.187499999999975100 ) ) ;
#335 = CARTESIAN_POINT ( 'NONE',  ( -1.732050807568897200, 0.9999999999999655800, -18.87083333333328000 ) ) ;
#336 = CARTESIAN_POINT ( 'NONE',  ( -1.426036271532607400, -0.9525707644128250700, -0.2916041603401252100 ) ) ;
#337 = CYLINDRICAL_SURFACE ( 'NONE', #5002, 2.000000000000000000 ) ;
#338 = CARTESIAN_POINT ( 'NONE',  ( 0.8922005383792722700, -1.545336663013154900, -4.929166666666652000 ) ) ;
#339 = ORIENTED_EDGE ( 'NONE', *, *, #4967, .T. ) ;
#340 = EDGE_CURVE ( 'NONE', #5735, #963, #8076, .T. ) ;
#341 = CYLINDRICAL_SURFACE ( 'NONE', #3345, 2.000000000000000000 ) ;
#342 = CARTESIAN_POINT ( 'NONE',  ( -1.999999999999991300, -0.5358983848622854700, -20.79373926088298300 ) ) ;
#343 = VECTOR ( 'NONE', #5622, 1000.000000000000000 ) ;
#344 = ADVANCED_FACE ( 'NONE', ( #4767 ), #4168, .T. ) ;
#345 = CARTESIAN_POINT ( 'NONE',  ( 1.732050807568898100, -0.9999999999999638100, -12.13333333333330300 ) ) ;
#346 = CARTESIAN_POINT ( 'NONE',  ( 2.177130564435878800E-014, -1.545336663013167300, -15.39999999999996100 ) ) ;
#347 = CARTESIAN_POINT ( 'NONE',  ( 9.065109828491401800E-014, -2.000000000000000000, -17.23749999999995500 ) ) ;
#348 = CARTESIAN_POINT ( 'NONE',  ( -1.338300807568864000, -0.7726683315066029700, -13.50416666666663100 ) ) ;
#349 = LINE ( 'NONE', #496, #4361 ) ;
#350 = ORIENTED_EDGE ( 'NONE', *, *, #7564, .F. ) ;
#351 =( BOUNDED_CURVE ( )  B_SPLINE_CURVE ( 2, ( #6799, #1675, #5440, #1122, #3584, #7406, #1732, #6103, #1655 ),
 .UNSPECIFIED., .F., .F. ) 
 B_SPLINE_CURVE_WITH_KNOTS ( ( 3, 2, 2, 2, 3 ),
 ( 0.8897058823529413500, 0.8921568627450980900, 0.8970588235294118000, 0.9019607843137255100, 0.9044117647058824700 ),
 .UNSPECIFIED. ) 
 CURVE ( )  GEOMETRIC_REPRESENTATION_ITEM ( )  RATIONAL_B_SPLINE_CURVE ( ( 0.9330127018922193000, 0.9330127018922238500, 1.000000000000000000, 0.8660254037844387100, 1.000000000000000000, 0.8660254037844387100, 1.000000000000000000, 0.9330127018922163000, 0.9330127018922194100 ) ) 
 REPRESENTATION_ITEM ( '' )  );
#352 = CARTESIAN_POINT ( 'NONE',  ( 0.0000000000000000000, 0.0000000000000000000, 0.0000000000000000000 ) ) ;
#353 = EDGE_CURVE ( 'NONE', #1000, #368, #123, .T. ) ;
#354 = CARTESIAN_POINT ( 'NONE',  ( -1.732050807568898500, 0.9999999999999629200, -3.383333333333323100 ) ) ;
#355 = CARTESIAN_POINT ( 'NONE',  ( 3.969093590510601700E-014, -2.000000000000000000, -5.949999999999984200 ) ) ;
#356 = ORIENTED_EDGE ( 'NONE', *, *, #75, .F. ) ;
#357 = CARTESIAN_POINT ( 'NONE',  ( -1.732050807568862800, -1.000000000000025100, -7.466666666666646400 ) ) ;
#358 = AXIS2_PLACEMENT_3D ( 'NONE', #4672, #4709, #267 ) ;
#359 = ORIENTED_EDGE ( 'NONE', *, *, #5836, .F. ) ;
#360 = CARTESIAN_POINT ( 'NONE',  ( 1.154700538379280100, -1.999999999999983300, 0.4083333333333341600 ) ) ;
#361 = CARTESIAN_POINT ( 'NONE',  ( -0.8922005383792724900, 1.545336663013154900, -1.691666666666660200 ) ) ;
#362 = CARTESIAN_POINT ( 'NONE',  ( -1.545336663013166000, -5.577813053751546400E-015, -14.96249999999996100 ) ) ;
#363 = ORIENTED_EDGE ( 'NONE', *, *, #4797, .T. ) ;
#364 = CARTESIAN_POINT ( 'NONE',  ( -1.784401076758500100, -2.524860140211269200E-014, -3.762499999999989100 ) ) ;
#365 = CARTESIAN_POINT ( 'NONE',  ( 0.8922005383792042100, 1.545336663013193500, -11.69583333333330300 ) ) ;
#366 = CARTESIAN_POINT ( 'NONE',  ( 0.8922005383792035400, 1.545336663013193900, -13.00833333333329700 ) ) ;
#367 = CARTESIAN_POINT ( 'NONE',  ( -1.999999999999998200, -6.797959659259696400E-015, -12.51249999999996900 ) ) ;
#368 = VERTEX_POINT ( 'NONE', #7184 ) ;
#369 = DIRECTION ( 'NONE',  ( -0.0000000000000000000, -0.0000000000000000000, -1.000000000000000000 ) ) ;
#370 = ORIENTED_EDGE ( 'NONE', *, *, #1721, .F. ) ;
#371 = AXIS2_PLACEMENT_3D ( 'NONE', #2163, #4605, #2720 ) ;
#372 = CARTESIAN_POINT ( 'NONE',  ( -1.545336663013166200, -0.4140717108886011700, -5.831239260883021000 ) ) ;
#373 = CARTESIAN_POINT ( 'NONE',  ( 2.177130564435878500E-014, -1.545336663013167300, -6.387499999999982400 ) ) ;
#374 = FACE_OUTER_BOUND ( 'NONE', #3139, .T. ) ;
#375 = DIRECTION ( 'NONE',  ( -1.000000000000000000, 0.0000000000000000000, 0.0000000000000000000 ) ) ;
#376 = CARTESIAN_POINT ( 'NONE',  ( -1.154700538379193100, -2.000000000000033300, -20.70833333333328200 ) ) ;
#377 = ORIENTED_EDGE ( 'NONE', *, *, #860, .T. ) ;
#378 = COORDINATED_UNIVERSAL_TIME_OFFSET ( 6, 0, .BEHIND. ) ;
#379 = CARTESIAN_POINT ( 'NONE',  ( -1.338300807568864000, -0.7726683315066029700, -18.31666666666662000 ) ) ;
#380 = CARTESIAN_POINT ( 'NONE',  ( 0.8922005383793132300, -1.545336663013130700, -16.82916666666662300 ) ) ;
#381 = CARTESIAN_POINT ( 'NONE',  ( 1.545336663013159100, 0.4140717108886196000, -18.78123926088299100 ) ) ;
#382 = AXIS2_PLACEMENT_3D ( 'NONE', #3396, #1482, #7148 ) ;
#383 = ORIENTED_EDGE ( 'NONE', *, *, #557, .F. ) ;
#384 = FACE_OUTER_BOUND ( 'NONE', #3858, .T. ) ;
#385 = CYLINDRICAL_SURFACE ( 'NONE', #7658, 2.000000000000000000 ) ;
#386 = DIRECTION ( 'NONE',  ( 1.000000000000000000, 0.0000000000000000000, 0.0000000000000000000 ) ) ;
#387 = CARTESIAN_POINT ( 'NONE',  ( 2.000000000000003600, 0.5358983848622715900, -7.931239260883016200 ) ) ;
#388 = CARTESIAN_POINT ( 'NONE',  ( 1.934271317020693300, -0.4717271133253483900, -22.00000000000000000 ) ) ;
#389 = CARTESIAN_POINT ( 'NONE',  ( -1.154700538379280800, 1.999999999999983100, -6.941666666666647800 ) ) ;
#390 = CARTESIAN_POINT ( 'NONE',  ( -1.338300807568886700, 0.7726683315065640000, -0.9333333333333283500 ) ) ;
#391 = ORIENTED_EDGE ( 'NONE', *, *, #6142, .F. ) ;
#392 = CARTESIAN_POINT ( 'NONE',  ( -0.8922005383792172000, -1.545336663013186000, -18.25833333333328700 ) ) ;
#393 = ADVANCED_FACE ( 'NONE', ( #2765 ), #7285, .T. ) ;
#394 = LINE ( 'NONE', #3371, #3912 ) ;
#395 = ORIENTED_EDGE ( 'NONE', *, *, #2086, .F. ) ;
#396 = CARTESIAN_POINT ( 'NONE',  ( 1.338300807568854700, 0.7726683315066194000, -11.75416666666663400 ) ) ;
#397 = DIRECTION ( 'NONE',  ( 0.0000000000000000000, 0.0000000000000000000, 1.000000000000000000 ) ) ;
#398 = EDGE_CURVE ( 'NONE', #7309, #8007, #4887, .T. ) ;
#399 = CARTESIAN_POINT ( 'NONE',  ( -6.549933995898711300E-014, 1.545336663013167300, -19.24999999999995000 ) ) ;
#400 = VERTEX_POINT ( 'NONE', #2222 ) ;
#401 = CARTESIAN_POINT ( 'NONE',  ( 1.338300807568889800, -0.7726683315065587800, -5.570833333333317800 ) ) ;
#402 = CARTESIAN_POINT ( 'NONE',  ( 0.8922005383792283000, 1.545336663013179700, -8.195833333333311500 ) ) ;
#403 = CARTESIAN_POINT ( 'NONE',  ( -4.429578179401756300E-014, 1.545336663013167300, -20.73749999999995100 ) ) ;
#404 = CARTESIAN_POINT ( 'NONE',  ( 1.732050807568859700, 1.000000000000031300, -7.116666666666646700 ) ) ;
#405 = CARTESIAN_POINT ( 'NONE',  ( -0.8922005383792743800, 1.545336663013153500, -0.3791666666666634900 ) ) ;
#406 = CARTESIAN_POINT ( 'NONE',  ( 0.8922005383792722700, -1.545336663013154900, -20.24166666666661700 ) ) ;
#407 = EDGE_CURVE ( 'NONE', #5963, #7843, #1484, .T. ) ;
#408 = DIRECTION ( 'NONE',  ( 0.0000000000000000000, 0.0000000000000000000, 1.000000000000000000 ) ) ;
#409 = VERTEX_POINT ( 'NONE', #4253 ) ;
#410 = CARTESIAN_POINT ( 'NONE',  ( -1.500000000000000200, -0.8660254037844387100, -23.75000000000000000 ) ) ;
#411 = VERTEX_POINT ( 'NONE', #8032 ) ;
#412 = CARTESIAN_POINT ( 'NONE',  ( -1.999999999999998200, 7.262777413738993000E-015, -10.32499999999997600 ) ) ;
#413 = CARTESIAN_POINT ( 'NONE',  ( 0.8922005383792265300, 1.545336663013181100, -1.108333333333328300 ) ) ;
#414 = CARTESIAN_POINT ( 'NONE',  ( -1.545336663013166200, 1.600716141988073900E-014, -21.26249999999995300 ) ) ;
#415 = CARTESIAN_POINT ( 'NONE',  ( -1.154700538379280800, 1.999999999999983100, -7.641666666666646200 ) ) ;
#416 = CARTESIAN_POINT ( 'NONE',  ( -1.338300807568864000, -0.7726683315066029700, -2.216666666666658300 ) ) ;
#417 = EDGE_CURVE ( 'NONE', #539, #4946, #3416, .T. ) ;
#418 = CARTESIAN_POINT ( 'NONE',  ( -2.000000000000001800, 0.5358983848622225200, -5.456260739116950200 ) ) ;
#419 = CARTESIAN_POINT ( 'NONE',  ( -5.111257768057408200E-014, 1.545336663013167300, -12.94999999999996600 ) ) ;
#420 = DIRECTION ( 'NONE',  ( 1.000000000000000000, 0.0000000000000000000, 0.0000000000000000000 ) ) ;
#421 = CARTESIAN_POINT ( 'NONE',  ( 1.338300807568864300, 0.7726683315066025200, -8.954166666666642600 ) ) ;
#422 =( BOUNDED_CURVE ( )  B_SPLINE_CURVE ( 2, ( #16, #621, #7458, #6356, #7535, #43, #3094, #6919, #2558 ),
 .UNSPECIFIED., .F., .F. ) 
 B_SPLINE_CURVE_WITH_KNOTS ( ( 3, 2, 2, 2, 3 ),
 ( 0.7867647058823530300, 0.7892156862745097800, 0.7941176470588234800, 0.7990196078431373000, 0.8014705882352942700 ),
 .UNSPECIFIED. ) 
 CURVE ( )  GEOMETRIC_REPRESENTATION_ITEM ( )  RATIONAL_B_SPLINE_CURVE ( ( 0.9330127018922194100, 0.9330127018922224100, 1.000000000000000000, 0.8660254037844387100, 1.000000000000000000, 0.8660254037844387100, 1.000000000000000000, 0.9330127018922163000, 0.9330127018922194100 ) ) 
 REPRESENTATION_ITEM ( '' )  );
#423 = VERTEX_POINT ( 'NONE', #3543 ) ;
#424 = CARTESIAN_POINT ( 'NONE',  ( -4.126779523727495600E-014, 1.545336663013167300, -15.04999999999996300 ) ) ;
#425 = ORIENTED_EDGE ( 'NONE', *, *, #8131, .F. ) ;
#426 = CARTESIAN_POINT ( 'NONE',  ( 0.0000000000000000000, 0.0000000000000000000, -26.00000000000000000 ) ) ;
#427 = CARTESIAN_POINT ( 'NONE',  ( -1.545336663013167500, 0.4140717108885718600, -0.2937607391169622100 ) ) ;
#428 = CARTESIAN_POINT ( 'NONE',  ( 0.8922005383792722700, -1.545336663013154900, -20.94166666666661300 ) ) ;
#429 = ORIENTED_EDGE ( 'NONE', *, *, #3623, .F. ) ;
#430 =( BOUNDED_CURVE ( )  B_SPLINE_CURVE ( 2, ( #2782, #7068, #7723, #5913, #7177, #7091, #6454, #200, #7122 ),
 .UNSPECIFIED., .F., .F. ) 
 B_SPLINE_CURVE_WITH_KNOTS ( ( 3, 2, 2, 2, 3 ),
 ( 0.1250000000000000800, 0.1274509803921568500, 0.1323529411764705900, 0.1372549019607843300, 0.1397058823529412600 ),
 .UNSPECIFIED. ) 
 CURVE ( )  GEOMETRIC_REPRESENTATION_ITEM ( )  RATIONAL_B_SPLINE_CURVE ( ( 0.9330127018922194100, 0.9330127018922218500, 1.000000000000000000, 0.8660254037844387100, 1.000000000000000000, 0.8660254037844387100, 1.000000000000000000, 0.9330127018922170800, 0.9330127018922194100 ) ) 
 REPRESENTATION_ITEM ( '' )  );
#431 =( BOUNDED_CURVE ( )  B_SPLINE_CURVE ( 2, ( #671, #5128, #1987, #6942, #62, #4433, #2470, #5044, #4463 ),
 .UNSPECIFIED., .F., .F. ) 
 B_SPLINE_CURVE_WITH_KNOTS ( ( 3, 2, 2, 2, 3 ),
 ( 0.2573529411764706700, 0.2598039215686274700, 0.2647058823529411800, 0.2696078431372548900, 0.2720588235294118500 ),
 .UNSPECIFIED. ) 
 CURVE ( )  GEOMETRIC_REPRESENTATION_ITEM ( )  RATIONAL_B_SPLINE_CURVE ( ( 0.9330127018922194100, 0.9330127018922216300, 1.000000000000000000, 0.8660254037844387100, 1.000000000000000000, 0.8660254037844387100, 1.000000000000000000, 0.9330127018922170800, 0.9330127018922194100 ) ) 
 REPRESENTATION_ITEM ( '' )  );
#432 = ORIENTED_EDGE ( 'NONE', *, *, #7634, .F. ) ;
#433 = CARTESIAN_POINT ( 'NONE',  ( -1.545336663013167500, 3.340877610319937100E-015, -3.674999999999991800 ) ) ;
#434 = VERTEX_POINT ( 'NONE', #6732 ) ;
#435 = CARTESIAN_POINT ( 'NONE',  ( -1.154700538379280800, 1.999999999999983100, -11.84166666666663700 ) ) ;
#436 = CARTESIAN_POINT ( 'NONE',  ( -0.8922005383792724900, 1.545336663013154900, -2.391666666666658200 ) ) ;
#437 = EDGE_CURVE ( 'NONE', #40, #4423, #729, .T. ) ;
#438 = AXIS2_PLACEMENT_3D ( 'NONE', #5025, #5818, #680 ) ;
#439 = CARTESIAN_POINT ( 'NONE',  ( 0.0000000000000000000, 0.0000000000000000000, 0.0000000000000000000 ) ) ;
#440 = CARTESIAN_POINT ( 'NONE',  ( -3.975380195890365800E-014, 1.545336663013167300, -12.24999999999997000 ) ) ;
#441 = ORIENTED_EDGE ( 'NONE', *, *, #4594, .F. ) ;
#442 = CARTESIAN_POINT ( 'NONE',  ( -1.732050807568899400, 0.9999999999999615900, -4.870833333333319400 ) ) ;
#443 = CARTESIAN_POINT ( 'NONE',  ( 1.545336663013167500, 0.4140717108886239300, -19.39373926088299200 ) ) ;
#444 = DIRECTION ( 'NONE',  ( 0.0000000000000000000, 0.0000000000000000000, 1.000000000000000000 ) ) ;
#445 = LINE ( 'NONE', #2905, #7908 ) ;
#446 = ORIENTED_EDGE ( 'NONE', *, *, #5132, .F. ) ;
#447 = CARTESIAN_POINT ( 'NONE',  ( -1.545336663013167300, -2.382190991706389300E-015, -5.774999999999985300 ) ) ;
#448 = ORIENTED_EDGE ( 'NONE', *, *, #515, .F. ) ;
#449 = EDGE_CURVE ( 'NONE', #7562, #3372, #7182, .T. ) ;
#450 = VERTEX_POINT ( 'NONE', #1761 ) ;
#451 = CARTESIAN_POINT ( 'NONE',  ( -1.545336663013166200, -5.258250847547030400E-015, -12.77499999999997000 ) ) ;
#452 = CARTESIAN_POINT ( 'NONE',  ( -3.975380195890365800E-014, 1.545336663013167300, -12.33749999999996800 ) ) ;
#453 = VECTOR ( 'NONE', #7754, 1000.000000000000000 ) ;
#454 = VERTEX_POINT ( 'NONE', #2290 ) ;
#455 = CARTESIAN_POINT ( 'NONE',  ( -7.104932173091730500E-014, 2.000000000000000000, -20.29999999999995100 ) ) ;
#456 = CARTESIAN_POINT ( 'NONE',  ( 1.338300807568864300, 0.7726683315066025200, -20.06666666666661300 ) ) ;
#457 = CARTESIAN_POINT ( 'NONE',  ( -2.000000000000000000, 2.449293598294706400E-016, -22.00000000000000000 ) ) ;
#458 = FACE_OUTER_BOUND ( 'NONE', #1092, .T. ) ;
#459 = CARTESIAN_POINT ( 'NONE',  ( 1.545336663013167300, 1.892491597964127500E-016, 0.0000000000000000000 ) ) ;
#460 = EDGE_CURVE ( 'NONE', #434, #2900, #494, .T. ) ;
#461 = CARTESIAN_POINT ( 'NONE',  ( -1.999999999999996200, -0.5358983848622982400, -15.89373926088299700 ) ) ;
#462 = CARTESIAN_POINT ( 'NONE',  ( 1.732050807568863200, 1.000000000000024400, -11.31666666666663800 ) ) ;
#463 =( BOUNDED_CURVE ( )  B_SPLINE_CURVE ( 2, ( #5636, #4417, #8075, #6878, #6302, #5613, #2454, #4936, #2434 ),
 .UNSPECIFIED., .F., .F. ) 
 B_SPLINE_CURVE_WITH_KNOTS ( ( 3, 2, 2, 2, 3 ),
 ( 0.6544117647058824700, 0.6568627450980392100, 0.6617647058823529200, 0.6666666666666666300, 0.6691176470588235900 ),
 .UNSPECIFIED. ) 
 CURVE ( )  GEOMETRIC_REPRESENTATION_ITEM ( )  RATIONAL_B_SPLINE_CURVE ( ( 0.9330127018922194100, 0.9330127018922224100, 1.000000000000000000, 0.8660254037844387100, 1.000000000000000000, 0.8660254037844387100, 1.000000000000000000, 0.9330127018922163000, 0.9330127018922194100 ) ) 
 REPRESENTATION_ITEM ( '' )  );
#464 = CARTESIAN_POINT ( 'NONE',  ( -0.8922005383792724900, 1.545336663013154900, -6.591666666666649000 ) ) ;
#465 = ORIENTED_EDGE ( 'NONE', *, *, #398, .F. ) ;
#466 = CARTESIAN_POINT ( 'NONE',  ( -2.000000000000000400, 0.5358983848621979900, -15.34376073911692600 ) ) ;
#467 = PRODUCT_DEFINITION_SHAPE ( 'NONE', 'NONE',  #4021 ) ;
#468 = CARTESIAN_POINT ( 'NONE',  ( -1.338300807568892000, 0.7726683315065545600, -4.433333333333320200 ) ) ;
#469 = CARTESIAN_POINT ( 'NONE',  ( 0.0000000000000000000, 0.0000000000000000000, -22.00000000000000000 ) ) ;
#470 = DIRECTION ( 'NONE',  ( 0.0000000000000000000, 0.0000000000000000000, 1.000000000000000000 ) ) ;
#471 = VERTEX_POINT ( 'NONE', #1894 ) ;
#472 = CARTESIAN_POINT ( 'NONE',  ( 1.154700538379283200, -1.999999999999981800, -6.591666666666648100 ) ) ;
#473 = CARTESIAN_POINT ( 'NONE',  ( -2.309401076758502900, -3.267715314911616300E-014, -9.712499999999973700 ) ) ;
#474 = ADVANCED_FACE ( 'NONE', ( #7090 ), #1683, .T. ) ;
#475 = CARTESIAN_POINT ( 'NONE',  ( -1.545336663013170600, 0.4140717108885605400, -14.90626073911692400 ) ) ;
#476 = ORIENTED_EDGE ( 'NONE', *, *, #6782, .T. ) ;
#477 = FACE_OUTER_BOUND ( 'NONE', #6694, .T. ) ;
#478 = VECTOR ( 'NONE', #6786, 1000.000000000000000 ) ;
#479 = CARTESIAN_POINT ( 'NONE',  ( -2.158205648456237700E-014, 1.545336663013167300, -20.64999999999994900 ) ) ;
#480 = CARTESIAN_POINT ( 'NONE',  ( -1.545336663013167300, 0.0000000000000000000, 0.0000000000000000000 ) ) ;
#481 = FACE_OUTER_BOUND ( 'NONE', #4657, .T. ) ;
#482 = CARTESIAN_POINT ( 'NONE',  ( -1.545336663013166400, -0.4140717108886005100, -4.431239260883023300 ) ) ;
#483 = CARTESIAN_POINT ( 'NONE',  ( -5.340945597810272300E-014, 2.000000000000000000, -14.78749999999996200 ) ) ;
#484 = CARTESIAN_POINT ( 'NONE',  ( 2.000000000000005800, 0.5358983848622873600, -21.93123926088297500 ) ) ;
#485 = CARTESIAN_POINT ( 'NONE',  ( 1.732050807568863200, 1.000000000000024400, -10.61666666666663900 ) ) ;
#486 = CARTESIAN_POINT ( 'NONE',  ( -1.999999999999998200, 2.051008341639891300E-014, -21.52499999999995200 ) ) ;
#487 = CARTESIAN_POINT ( 'NONE',  ( 1.338300807568886300, -0.7726683315065647800, -4.083333333333320600 ) ) ;
#488 = CARTESIAN_POINT ( 'NONE',  ( 0.8922005383792996900, -1.545336663013138900, -11.92916666666663500 ) ) ;
#489 = CARTESIAN_POINT ( 'NONE',  ( 1.338300807568864300, 0.7726683315066025200, -21.55416666666661000 ) ) ;
#490 = CARTESIAN_POINT ( 'NONE',  ( -1.732050807568862800, -1.000000000000025100, -16.56666666666662400 ) ) ;
#491 = CARTESIAN_POINT ( 'NONE',  ( 1.154700538379192000, 2.000000000000033800, -11.95833333333330200 ) ) ;
#492 = EDGE_CURVE ( 'NONE', #3801, #7393, #3044, .T. ) ;
#493 = CARTESIAN_POINT ( 'NONE',  ( -1.338300807568890700, 0.7726683315065571200, -19.13333333333328300 ) ) ;
#494 =( BOUNDED_CURVE ( )  B_SPLINE_CURVE ( 2, ( #6710, #4893, #6882, #8080, #6934, #1272, #4327, #8135, #1173 ),
 .UNSPECIFIED., .F., .F. ) 
 B_SPLINE_CURVE_WITH_KNOTS ( ( 3, 2, 2, 2, 3 ),
 ( 0.1102941176470589000, 0.1127450980392156900, 0.1176470588235294100, 0.1225490196078431300, 0.1250000000000000600 ),
 .UNSPECIFIED. ) 
 CURVE ( )  GEOMETRIC_REPRESENTATION_ITEM ( )  RATIONAL_B_SPLINE_CURVE ( ( 0.9330127018922193000, 0.9330127018922214100, 1.000000000000000000, 0.8660254037844387100, 1.000000000000000000, 0.8660254037844387100, 1.000000000000000000, 0.9330127018922176300, 0.9330127018922194100 ) ) 
 REPRESENTATION_ITEM ( '' )  );
#495 = EDGE_LOOP ( 'NONE', ( #5549, #1662, #5459, #4252 ) ) ;
#496 = CARTESIAN_POINT ( 'NONE',  ( -2.000000000000000000, 2.449293598294706400E-016, -22.00000000000000000 ) ) ;
#497 = CARTESIAN_POINT ( 'NONE',  ( 1.154700538379280100, -1.999999999999983300, -10.17916666666663900 ) ) ;
#498 = CARTESIAN_POINT ( 'NONE',  ( -1.732050807568895200, 0.9999999999999690200, -13.27083333333329800 ) ) ;
#499 = CARTESIAN_POINT ( 'NONE',  ( -1.732050807568907800, 0.9999999999999469300, -9.683333333333308700 ) ) ;
#500 = CARTESIAN_POINT ( 'NONE',  ( 2.177130564435878800E-014, -1.545336663013167300, -22.39999999999994500 ) ) ;
#501 = EDGE_CURVE ( 'NONE', #2825, #2513, #6598, .T. ) ;
#502 = ORIENTED_EDGE ( 'NONE', *, *, #2671, .F. ) ;
#503 =( BOUNDED_CURVE ( )  B_SPLINE_CURVE ( 2, ( #874, #1498, #7190, #2764, #6013, #365, #396, #901, #6606 ),
 .UNSPECIFIED., .F., .F. ) 
 B_SPLINE_CURVE_WITH_KNOTS ( ( 3, 2, 2, 2, 3 ),
 ( 0.5220588235294119100, 0.5245098039215686500, 0.5294117647058823600, 0.5343137254901960700, 0.5367647058823530300 ),
 .UNSPECIFIED. ) 
 CURVE ( )  GEOMETRIC_REPRESENTATION_ITEM ( )  RATIONAL_B_SPLINE_CURVE ( ( 0.9330127018922194100, 0.9330127018922224100, 1.000000000000000000, 0.8660254037844387100, 1.000000000000000000, 0.8660254037844387100, 1.000000000000000000, 0.9330127018922163000, 0.9330127018922194100 ) ) 
 REPRESENTATION_ITEM ( '' )  );
#504 = CARTESIAN_POINT ( 'NONE',  ( 1.732050807568861900, 1.000000000000027100, -0.8166666666666628800 ) ) ;
#505 = CARTESIAN_POINT ( 'NONE',  ( 2.000000000000001800, -0.5358983848622083100, -12.80626073911693300 ) ) ;
#506 = ORIENTED_EDGE ( 'NONE', *, *, #4244, .F. ) ;
#507 =( BOUNDED_CURVE ( )  B_SPLINE_CURVE ( 2, ( #5308, #2190, #266, #4737, #8008, #4132, #4760, #5945, #6626 ),
 .UNSPECIFIED., .F., .F. ) 
 B_SPLINE_CURVE_WITH_KNOTS ( ( 3, 2, 2, 2, 3 ),
 ( 0.06617647058823536400, 0.06862745098039216300, 0.07352941176470588500, 0.07843137254901960700, 0.08088235294117654400 ),
 .UNSPECIFIED. ) 
 CURVE ( )  GEOMETRIC_REPRESENTATION_ITEM ( )  RATIONAL_B_SPLINE_CURVE ( ( 0.9330127018922193000, 0.9330127018922211900, 1.000000000000000000, 0.8660254037844387100, 1.000000000000000000, 0.8660254037844387100, 1.000000000000000000, 0.9330127018922171900, 0.9330127018922193000 ) ) 
 REPRESENTATION_ITEM ( '' )  );
#508 = ADVANCED_FACE ( 'NONE', ( #6136 ), #8070, .T. ) ;
#509 = CARTESIAN_POINT ( 'NONE',  ( -2.000000000000004400, 0.5358983848622147500, -14.64376073911692600 ) ) ;
#511 =( BOUNDED_CURVE ( )  B_SPLINE_CURVE ( 2, ( #6676, #7321, #4246, #4855, #452, #5438, #1625, #6749, #2912 ),
 .UNSPECIFIED., .F., .F. ) 
 B_SPLINE_CURVE_WITH_KNOTS ( ( 3, 2, 2, 2, 3 ),
 ( 0.5514705882352942700, 0.5539215686274510100, 0.5588235294117647200, 0.5637254901960784300, 0.5661764705882353900 ),
 .UNSPECIFIED. ) 
 CURVE ( )  GEOMETRIC_REPRESENTATION_ITEM ( )  RATIONAL_B_SPLINE_CURVE ( ( 0.9330127018922194100, 0.9330127018922224100, 1.000000000000000000, 0.8660254037844387100, 1.000000000000000000, 0.8660254037844387100, 1.000000000000000000, 0.9330127018922163000, 0.9330127018922194100 ) ) 
 REPRESENTATION_ITEM ( '' )  );
#510 = CARTESIAN_POINT ( 'NONE',  ( -1.545336663013165500, -0.4140717108886086700, -7.231239260883016900 ) ) ;
#512 = CARTESIAN_POINT ( 'NONE',  ( -0.8922005383792279700, -1.545336663013180200, -5.658333333333317200 ) ) ;
#513 = VECTOR ( 'NONE', #6396, 1000.000000000000000 ) ;
#514 = CARTESIAN_POINT ( 'NONE',  ( 2.000000000000000000, 0.5358983848622969100, -19.74373926088299000 ) ) ;
#515 = EDGE_CURVE ( 'NONE', #7074, #2893, #4513, .T. ) ;
#516 = CARTESIAN_POINT ( 'NONE',  ( -1.545336663013167500, -0.4140717108886004000, -12.13123926088300700 ) ) ;
#517 = CARTESIAN_POINT ( 'NONE',  ( -1.338300807568864000, -0.7726683315066029700, -20.50416666666661700 ) ) ;
#518 = ORIENTED_EDGE ( 'NONE', *, *, #3238, .T. ) ;
#519 = CARTESIAN_POINT ( 'NONE',  ( -1.732050807568862800, -1.000000000000025100, -17.26666666666662300 ) ) ;
#520 = CARTESIAN_POINT ( 'NONE',  ( 3.445291241766126400E-014, -1.545336663013167300, -12.68749999999996600 ) ) ;
#521 = CARTESIAN_POINT ( 'NONE',  ( -1.154700538379201900, -2.000000000000028900, -7.495833333333312300 ) ) ;
#522 = ORIENTED_EDGE ( 'NONE', *, *, #6472, .T. ) ;
#523 = CARTESIAN_POINT ( 'NONE',  ( 3.969093590510601700E-014, -2.000000000000000000, -5.337499999999984400 ) ) ;
#524 = CARTESIAN_POINT ( 'NONE',  ( 1.732050807568891200, -0.9999999999999753500, -10.82083333333330400 ) ) ;
#525 = ORIENTED_EDGE ( 'NONE', *, *, #4623, .F. ) ;
#526 = CYLINDRICAL_SURFACE ( 'NONE', #3196, 2.000000000000000000 ) ;
#527 = CARTESIAN_POINT ( 'NONE',  ( 1.732050807568891200, -0.9999999999999753500, 0.3791666666666688200 ) ) ;
#528 = DIRECTION ( 'NONE',  ( 1.000000000000000000, 0.0000000000000000000, 0.0000000000000000000 ) ) ;
#529 = ORIENTED_EDGE ( 'NONE', *, *, #6153, .T. ) ;
#530 = CARTESIAN_POINT ( 'NONE',  ( -2.000000000000000400, 5.229199737892076000E-016, -0.6124999999999973800 ) ) ;
#531 = AXIS2_PLACEMENT_3D ( 'NONE', #7975, #5491, #3561 ) ;
#532 = CARTESIAN_POINT ( 'NONE',  ( 1.999999999999998200, 1.708205247711410800E-014, -19.07499999999995300 ) ) ;
#533 = FACE_OUTER_BOUND ( 'NONE', #1855, .T. ) ;
#534 = CARTESIAN_POINT ( 'NONE',  ( -1.545336663013174000, -0.4140717108886089500, -18.43123926088298600 ) ) ;
#535 = CARTESIAN_POINT ( 'NONE',  ( 1.784401076758500100, 2.503007529540795900E-014, -4.724999999999986300 ) ) ;
#536 = EDGE_CURVE ( 'NONE', #4946, #8057, #1592, .T. ) ;
#537 = CARTESIAN_POINT ( 'NONE',  ( -0.6162907893786158100, -1.376235154422046600, -25.76827416960032800 ) ) ;
#538 = FACE_OUTER_BOUND ( 'NONE', #3177, .T. ) ;
#539 = VERTEX_POINT ( 'NONE', #6829 ) ;
#540 = CARTESIAN_POINT ( 'NONE',  ( 2.177130564435878500E-014, -1.545336663013167300, -21.08749999999994500 ) ) ;
#541 = CARTESIAN_POINT ( 'NONE',  ( -2.309401076758502900, -3.267715314911616300E-014, -15.92499999999996000 ) ) ;
#542 = ORIENTED_EDGE ( 'NONE', *, *, #4343, .T. ) ;
#543 = CARTESIAN_POINT ( 'NONE',  ( -6.517101709501003000E-014, 2.000000000000000000, -11.89999999999997000 ) ) ;
#544 = CARTESIAN_POINT ( 'NONE',  ( 1.338300807568888900, -0.7726683315065601100, -2.770833333333324200 ) ) ;
#545 = ORIENTED_EDGE ( 'NONE', *, *, #1766, .F. ) ;
#546 = CARTESIAN_POINT ( 'NONE',  ( -1.732050807568856500, -1.000000000000036400, -5.454166666666650600 ) ) ;
#547 = FACE_OUTER_BOUND ( 'NONE', #4238, .T. ) ;
#548 = CARTESIAN_POINT ( 'NONE',  ( -2.793185071074506700E-014, 2.000000000000000000, -14.78749999999996200 ) ) ;
#549 = EDGE_CURVE ( 'NONE', #409, #7710, #5732, .T. ) ;
#550 = CARTESIAN_POINT ( 'NONE',  ( -2.000000000000000000, 2.449293598294706400E-016, -22.00000000000000000 ) ) ;
#551 = VERTEX_POINT ( 'NONE', #5177 ) ;
#552 = VERTEX_POINT ( 'NONE', #7037 ) ;
#553 = CARTESIAN_POINT ( 'NONE',  ( -1.732050807568891800, 0.9999999999999742400, 0.7291666666666679600 ) ) ;
#554 = VECTOR ( 'NONE', #3936, 1000.000000000000000 ) ;
#555 = DIRECTION ( 'NONE',  ( -1.000000000000000000, 0.0000000000000000000, 0.0000000000000000000 ) ) ;
#556 = VERTEX_POINT ( 'NONE', #3824 ) ;
#557 = EDGE_CURVE ( 'NONE', #2100, #4949, #6339, .T. ) ;
#558 = CARTESIAN_POINT ( 'NONE',  ( 1.999999999999998200, 1.377022597644913000E-014, -12.77499999999997000 ) ) ;
#559 = VECTOR ( 'NONE', #3884, 1000.000000000000000 ) ;
#560 = CARTESIAN_POINT ( 'NONE',  ( 1.732050807568856800, 1.000000000000036000, -14.90416666666662600 ) ) ;
#561 = CARTESIAN_POINT ( 'NONE',  ( -1.732050807568894300, 0.9999999999999703600, -0.6708333333333284000 ) ) ;
#562 = AXIS2_PLACEMENT_3D ( 'NONE', #8160, #4456, #3887 ) ;
#563 = CARTESIAN_POINT ( 'NONE',  ( -1.784401076758500100, -2.524860140211269500E-014, -4.374999999999987600 ) ) ;
#564 = ORIENTED_EDGE ( 'NONE', *, *, #7, .T. ) ;
#565 = CARTESIAN_POINT ( 'NONE',  ( -1.338300807568892900, 0.7726683315065532300, -7.233333333333313000 ) ) ;
#566 = CARTESIAN_POINT ( 'NONE',  ( 1.338300807568864300, 0.7726683315066025200, -22.25416666666661000 ) ) ;
#567 = CARTESIAN_POINT ( 'NONE',  ( 1.154700538379280100, -1.999999999999983300, -17.79166666666662200 ) ) ;
#568 =( BOUNDED_CURVE ( )  B_SPLINE_CURVE ( 2, ( #2064, #4630, #5821, #6501, #3942, #5798, #2127, #6529, #2007 ),
 .UNSPECIFIED., .F., .F. ) 
 B_SPLINE_CURVE_WITH_KNOTS ( ( 3, 2, 2, 2, 3 ),
 ( 0.2573529411764706700, 0.2598039215686274700, 0.2647058823529411800, 0.2696078431372548900, 0.2720588235294118500 ),
 .UNSPECIFIED. ) 
 CURVE ( )  GEOMETRIC_REPRESENTATION_ITEM ( )  RATIONAL_B_SPLINE_CURVE ( ( 0.9330127018922194100, 0.9330127018922216300, 1.000000000000000000, 0.8660254037844387100, 1.000000000000000000, 0.8660254037844387100, 1.000000000000000000, 0.9330127018922170800, 0.9330127018922194100 ) ) 
 REPRESENTATION_ITEM ( '' )  );
#569 = CARTESIAN_POINT ( 'NONE',  ( -2.000000000000004900, 0.5358983848622126400, -18.05626073911691900 ) ) ;
#570 = CARTESIAN_POINT ( 'NONE',  ( -1.732050807568848300, -1.000000000000050600, -8.254166666666643300 ) ) ;
#571 = ORIENTED_EDGE ( 'NONE', *, *, #3073, .F. ) ;
#572 = CARTESIAN_POINT ( 'NONE',  ( -1.545336663013167500, -0.4140717108886004000, -12.04373926088300300 ) ) ;
#573 = CARTESIAN_POINT ( 'NONE',  ( -1.154700538379222800, -2.000000000000016400, -13.79583333333329700 ) ) ;
#574 = FACE_OUTER_BOUND ( 'NONE', #4378, .T. ) ;
#575 = CARTESIAN_POINT ( 'NONE',  ( -1.999999999999998200, 7.262777413738993000E-015, -9.712499999999975500 ) ) ;
#576 = CARTESIAN_POINT ( 'NONE',  ( 2.309401076758502900, 3.239433308545619500E-014, 0.4375000000000020000 ) ) ;
#577 = CARTESIAN_POINT ( 'NONE',  ( -2.000000000000000000, 2.449293598294706400E-016, -22.00000000000000000 ) ) ;
#578 = CARTESIAN_POINT ( 'NONE',  ( 1.545336663013166200, -4.938688641342514700E-016, -13.91249999999996600 ) ) ;
#579 = AXIS2_PLACEMENT_3D ( 'NONE', #7992, #5508, #375 ) ;
#580 = CARTESIAN_POINT ( 'NONE',  ( 1.999999999999998200, 1.016788837923459000E-014, -10.06249999999997500 ) ) ;
#581 = ADVANCED_FACE ( 'NONE', ( #1972 ), #5532, .T. ) ;
#582 = CARTESIAN_POINT ( 'NONE',  ( -1.999999999999998200, -1.028409281785441300E-014, -16.01249999999996000 ) ) ;
#583 = VERTEX_POINT ( 'NONE', #3304 ) ;
#584 = CARTESIAN_POINT ( 'NONE',  ( -0.8922005383792172000, -1.545336663013186000, -18.34583333333328200 ) ) ;
#585 = CARTESIAN_POINT ( 'NONE',  ( -1.338300807568864000, -0.7726683315066029700, -10.61666666666663700 ) ) ;
#586 = DIRECTION ( 'NONE',  ( 0.0000000000000000000, 0.0000000000000000000, 1.000000000000000000 ) ) ;
#587 =( BOUNDED_CURVE ( )  B_SPLINE_CURVE ( 2, ( #6052, #5995, #6681, #2890, #4171, #3481, #2812, #2265, #1598 ),
 .UNSPECIFIED., .F., .F. ) 
 B_SPLINE_CURVE_WITH_KNOTS ( ( 3, 2, 2, 2, 3 ),
 ( 0.3014705882352942100, 0.3039215686274509600, 0.3088235294117647200, 0.3137254901960784300, 0.3161764705882353900 ),
 .UNSPECIFIED. ) 
 CURVE ( )  GEOMETRIC_REPRESENTATION_ITEM ( )  RATIONAL_B_SPLINE_CURVE ( ( 0.9330127018922194100, 0.9330127018922224100, 1.000000000000000000, 0.8660254037844387100, 1.000000000000000000, 0.8660254037844387100, 1.000000000000000000, 0.9330127018922163000, 0.9330127018922194100 ) ) 
 REPRESENTATION_ITEM ( '' )  );
#588 = VERTEX_POINT ( 'NONE', #105 ) ;
#589 = CARTESIAN_POINT ( 'NONE',  ( 1.732050807568891200, -0.9999999999999753500, -3.033333333333323900 ) ) ;
#590 = CARTESIAN_POINT ( 'NONE',  ( 1.732050807568863200, 1.000000000000024400, -18.31666666666662000 ) ) ;
#591 = CARTESIAN_POINT ( 'NONE',  ( 1.999999999999998200, -1.045839947578414800E-015, -12.07499999999997300 ) ) ;
#592 = EDGE_CURVE ( 'NONE', #3113, #8017, #1175, .T. ) ;
#593 = CARTESIAN_POINT ( 'NONE',  ( -1.545336663013168000, -0.4140717108885976200, -3.031239260883027400 ) ) ;
#594 = CARTESIAN_POINT ( 'NONE',  ( -1.154700538379280800, 1.999999999999983100, -13.32916666666663200 ) ) ;
#595 = B_SPLINE_CURVE_WITH_KNOTS ( 'NONE', 3,
 ( #8123, #6896, #4364, #1216, #1240, #5632, #3202, #1858, #5665, #6275, #1885, #6297, #2508, #6921, #3140, #3789, #6467, #3233 ),
 .UNSPECIFIED., .F., .F.,
 ( 4, 2, 2, 2, 2, 2, 2, 2, 4 ),
 ( 1.339593100894933700E-016, 0.0005224844621346374500, 0.001044968924269140900, 0.001567453386403644200, 0.002089937848538147800, 0.002612422310672651300, 0.003134906772807154400, 0.003657391234941658000, 0.004179875697076161100 ),
 .UNSPECIFIED. ) ;
#596 = CARTESIAN_POINT ( 'NONE',  ( -0.8922005383792982500, 1.545336663013139500, -19.27916666666661500 ) ) ;
#597 = CARTESIAN_POINT ( 'NONE',  ( 1.999999999999998200, 9.703070624755296100E-015, -19.16249999999995200 ) ) ;
#598 = CARTESIAN_POINT ( 'NONE',  ( 1.154700538379223000, 2.000000000000016000, 1.254166666666666700 ) ) ;
#599 = EDGE_CURVE ( 'NONE', #4008, #588, #2865, .T. ) ;
#600 = ORIENTED_EDGE ( 'NONE', *, *, #608, .T. ) ;
#601 = CARTESIAN_POINT ( 'NONE',  ( -1.545336663013167700, 4.648177544792956300E-016, -0.8749999999999974500 ) ) ;
#602 = CARTESIAN_POINT ( 'NONE',  ( -1.732050807568896100, 0.9999999999999672500, -16.07083333333329000 ) ) ;
#603 = CARTESIAN_POINT ( 'NONE',  ( 1.545336663013166200, -4.938688641342514700E-016, -13.91249999999996600 ) ) ;
#604 = DIRECTION ( 'NONE',  ( 0.0000000000000000000, 0.0000000000000000000, 1.000000000000000000 ) ) ;
#605 = CARTESIAN_POINT ( 'NONE',  ( -1.338300807568886700, 0.7726683315065640000, -9.333333333333307300 ) ) ;
#606 = CARTESIAN_POINT ( 'NONE',  ( -1.338300807568858100, -0.7726683315066135100, -9.304166666666640500 ) ) ;
#607 = ORIENTED_EDGE ( 'NONE', *, *, #1440, .T. ) ;
#608 = EDGE_CURVE ( 'NONE', #7800, #1728, #3848, .T. ) ;
#609 = CARTESIAN_POINT ( 'NONE',  ( 1.732050807568863200, 1.000000000000024400, -2.216666666666659200 ) ) ;
#610 = VERTEX_POINT ( 'NONE', #165 ) ;
#611 = CARTESIAN_POINT ( 'NONE',  ( 1.732050807568891200, -0.9999999999999753500, -21.23333333333328100 ) ) ;
#612 = AXIS2_PLACEMENT_3D ( 'NONE', #8146, #6973, #1857 ) ;
#613 = DIRECTION ( 'NONE',  ( -0.0000000000000000000, -0.0000000000000000000, -1.000000000000000000 ) ) ;
#614 = CARTESIAN_POINT ( 'NONE',  ( 2.000000000000000000, 2.963213184805508800E-015, -4.462499999999987000 ) ) ;
#615 = CARTESIAN_POINT ( 'NONE',  ( -1.732050807568891800, 0.9999999999999742400, -11.87083333333330200 ) ) ;
#616 = LINE ( 'NONE', #5598, #343 ) ;
#617 = ORIENTED_EDGE ( 'NONE', *, *, #1167, .T. ) ;
#618 = ADVANCED_FACE ( 'NONE', ( #2649, #2185 ), #2008, .F. ) ;
#619 = DIRECTION ( 'NONE',  ( -0.0000000000000000000, -0.0000000000000000000, -1.000000000000000000 ) ) ;
#620 = VECTOR ( 'NONE', #5486, 1000.000000000000000 ) ;
#621 = CARTESIAN_POINT ( 'NONE',  ( -1.545336663013171100, 0.4140717108885591000, -17.79376073911691600 ) ) ;
#622 = EDGE_LOOP ( 'NONE', ( #4182, #4153, #6841, #3324 ) ) ;
#623 = CARTESIAN_POINT ( 'NONE',  ( -1.154700538379291200, 1.999999999999977100, -7.029166666666646400 ) ) ;
#624 = DIRECTION ( 'NONE',  ( -0.0000000000000000000, -0.0000000000000000000, -1.000000000000000000 ) ) ;
#625 = VERTEX_POINT ( 'NONE', #1423 ) ;
#626 = VERTEX_POINT ( 'NONE', #4455 ) ;
#627 = ORIENTED_EDGE ( 'NONE', *, *, #6774, .T. ) ;
#628 = VECTOR ( 'NONE', #2363, 1000.000000000000100 ) ;
#629 = CYLINDRICAL_SURFACE ( 'NONE', #6042, 2.000000000000000000 ) ;
#630 = CARTESIAN_POINT ( 'NONE',  ( 1.999999999999998200, 0.0000000000000000000, -12.86249999999996500 ) ) ;
#631 = EDGE_LOOP ( 'NONE', ( #2411, #5701, #3368, #377 ) ) ;
#632 = CARTESIAN_POINT ( 'NONE',  ( 0.0000000000000000000, 0.0000000000000000000, -22.00000000000000000 ) ) ;
#633 =( BOUNDED_CURVE ( )  B_SPLINE_CURVE ( 2, ( #4063, #5300, #4093, #1518, #5942, #862, #835, #289, #3366 ),
 .UNSPECIFIED., .F., .F. ) 
 B_SPLINE_CURVE_WITH_KNOTS ( ( 3, 2, 2, 2, 3 ),
 ( 0.5367647058823530300, 0.5392156862745097800, 0.5441176470588234800, 0.5490196078431373000, 0.5514705882352942700 ),
 .UNSPECIFIED. ) 
 CURVE ( )  GEOMETRIC_REPRESENTATION_ITEM ( )  RATIONAL_B_SPLINE_CURVE ( ( 0.9330127018922194100, 0.9330127018922224100, 1.000000000000000000, 0.8660254037844387100, 1.000000000000000000, 0.8660254037844387100, 1.000000000000000000, 0.9330127018922163000, 0.9330127018922194100 ) ) 
 REPRESENTATION_ITEM ( '' )  );
#634 = CARTESIAN_POINT ( 'NONE',  ( 1.545336663013166600, -0.4140717108885521600, -17.35626073911691600 ) ) ;
#635 = CARTESIAN_POINT ( 'NONE',  ( -2.158205648456237700E-014, 1.545336663013167300, -10.14999999999997200 ) ) ;
#636 = EDGE_CURVE ( 'NONE', #5819, #1716, #1585, .T. ) ;
#637 = CARTESIAN_POINT ( 'NONE',  ( 2.309401076758502900, 3.239433308545618900E-014, -1.574999999999994400 ) ) ;
#638 = CARTESIAN_POINT ( 'NONE',  ( 1.784401076758500100, 2.503007529540795600E-014, -16.01249999999995700 ) ) ;
#639 = CARTESIAN_POINT ( 'NONE',  ( 2.817678007057453100E-014, -2.000000000000000000, -22.74999999999994300 ) ) ;
#640 = CARTESIAN_POINT ( 'NONE',  ( -1.545336663013168200, -0.4140717108885980700, -7.843739260883016800 ) ) ;
#641 =( BOUNDED_CURVE ( )  B_SPLINE_CURVE ( 2, ( #2675, #7711, #3963, #5228, #3999, #6043, #2260, #6098, #4116 ),
 .UNSPECIFIED., .F., .F. ) 
 B_SPLINE_CURVE_WITH_KNOTS ( ( 3, 2, 2, 2, 3 ),
 ( 0.5073529411764706700, 0.5098039215686274200, 0.5147058823529411200, 0.5196078431372549400, 0.5220588235294119100 ),
 .UNSPECIFIED. ) 
 CURVE ( )  GEOMETRIC_REPRESENTATION_ITEM ( )  RATIONAL_B_SPLINE_CURVE ( ( 0.9330127018922194100, 0.9330127018922224100, 1.000000000000000000, 0.8660254037844387100, 1.000000000000000000, 0.8660254037844387100, 1.000000000000000000, 0.9330127018922163000, 0.9330127018922194100 ) ) 
 REPRESENTATION_ITEM ( '' )  );
#642 = ORIENTED_EDGE ( 'NONE', *, *, #4163, .F. ) ;
#643 = CARTESIAN_POINT ( 'NONE',  ( 2.817678007057453700E-014, -2.000000000000000000, -13.03749999999996600 ) ) ;
#644 = EDGE_CURVE ( 'NONE', #2853, #3209, #2804, .T. ) ;
#645 = CARTESIAN_POINT ( 'NONE',  ( -1.545336663013166200, -2.236935443431609700E-015, -7.262499999999981500 ) ) ;
#646 = ORIENTED_EDGE ( 'NONE', *, *, #6100, .F. ) ;
#647 = AXIS2_PLACEMENT_3D ( 'NONE', #3074, #7382, #8001 ) ;
#648 = CARTESIAN_POINT ( 'NONE',  ( 4.278370158258909300E-014, -1.545336663013167300, -7.787499999999978300 ) ) ;
#649 = CARTESIAN_POINT ( 'NONE',  ( 2.817678007057453700E-014, -2.000000000000000000, -3.937499999999988000 ) ) ;
#650 = DIRECTION ( 'NONE',  ( -0.0000000000000000000, -0.0000000000000000000, -1.000000000000000000 ) ) ;
#651 =( BOUNDED_CURVE ( )  B_SPLINE_CURVE ( 2, ( #5538, #3558, #6084, #2969, #2941, #6055, #504, #6130, #6781 ),
 .UNSPECIFIED., .F., .F. ) 
 B_SPLINE_CURVE_WITH_KNOTS ( ( 3, 2, 2, 2, 3 ),
 ( 0.05147058823529418500, 0.05392156862745098300, 0.05882352941176470500, 0.06372549019607842700, 0.06617647058823536400 ),
 .UNSPECIFIED. ) 
 CURVE ( )  GEOMETRIC_REPRESENTATION_ITEM ( )  RATIONAL_B_SPLINE_CURVE ( ( 0.9330127018922194100, 0.9330127018922211900, 1.000000000000000000, 0.8660254037844387100, 1.000000000000000000, 0.8660254037844387100, 1.000000000000000000, 0.9330127018922174100, 0.9330127018922193000 ) ) 
 REPRESENTATION_ITEM ( '' )  );
#652 = CARTESIAN_POINT ( 'NONE',  ( -1.545336663013167500, 0.4140717108885523800, -21.90626073911691700 ) ) ;
#653 = ORIENTED_EDGE ( 'NONE', *, *, #5885, .T. ) ;
#654 = LINE ( 'NONE', #6728, #8036 ) ;
#655 = CARTESIAN_POINT ( 'NONE',  ( -2.000000000000000000, 2.449293598294706400E-016, -22.00000000000000000 ) ) ;
#656 = EDGE_CURVE ( 'NONE', #2513, #1704, #1323, .T. ) ;
#658 = CARTESIAN_POINT ( 'NONE',  ( 1.500000000000000000, 0.8660254037844389300, -23.75000000000000000 ) ) ;
#657 = VECTOR ( 'NONE', #5785, 1000.000000000000000 ) ;
#659 = ADVANCED_FACE ( 'NONE', ( #4531 ), #7191, .T. ) ;
#660 = CARTESIAN_POINT ( 'NONE',  ( 1.545336663013169100, 4.677228654447910900E-015, -11.02499999999997200 ) ) ;
#661 = AXIS2_PLACEMENT_3D ( 'NONE', #7246, #3442, #2118 ) ;
#662 = CARTESIAN_POINT ( 'NONE',  ( 1.732050807568895000, -0.9999999999999692500, -2.420833333333324500 ) ) ;
#663 =( BOUNDED_CURVE ( )  B_SPLINE_CURVE ( 2, ( #2383, #2935, #6777, #7298, #3556, #6752, #2308, #1729, #3635 ),
 .UNSPECIFIED., .F., .F. ) 
 B_SPLINE_CURVE_WITH_KNOTS ( ( 3, 2, 2, 2, 3 ),
 ( 0.7720588235294119100, 0.7745098039215686500, 0.7794117647058823600, 0.7843137254901960700, 0.7867647058823530300 ),
 .UNSPECIFIED. ) 
 CURVE ( )  GEOMETRIC_REPRESENTATION_ITEM ( )  RATIONAL_B_SPLINE_CURVE ( ( 0.9330127018922194100, 0.9330127018922224100, 1.000000000000000000, 0.8660254037844387100, 1.000000000000000000, 0.8660254037844387100, 1.000000000000000000, 0.9330127018922163000, 0.9330127018922194100 ) ) 
 REPRESENTATION_ITEM ( '' )  );
#664 = CARTESIAN_POINT ( 'NONE',  ( 0.8922005383792283000, 1.545336663013179700, -7.408333333333312800 ) ) ;
#665 = CARTESIAN_POINT ( 'NONE',  ( 1.545336663013159800, 0.4140717108886181600, -15.89373926088299700 ) ) ;
#666 = DIRECTION ( 'NONE',  ( 0.0000000000000000000, 0.0000000000000000000, 1.000000000000000000 ) ) ;
#667 = CYLINDRICAL_SURFACE ( 'NONE', #6279, 1.545336663013167300 ) ;
#668 = CARTESIAN_POINT ( 'NONE',  ( -2.793185071074506100E-014, 2.000000000000000000, -2.799999999999991400 ) ) ;
#669 = CARTESIAN_POINT ( 'NONE',  ( -1.784401076758500100, -2.524860140211269200E-014, -17.06249999999995400 ) ) ;
#670 = CARTESIAN_POINT ( 'NONE',  ( -2.309401076758502900, -3.267715314911616300E-014, -20.12499999999995000 ) ) ;
#671 = CARTESIAN_POINT ( 'NONE',  ( -1.545336663013167500, -2.062628785501873700E-015, -5.074999999999986900 ) ) ;
#672 = DIRECTION ( 'NONE',  ( -1.000000000000000000, 0.0000000000000000000, 0.0000000000000000000 ) ) ;
#673 = CARTESIAN_POINT ( 'NONE',  ( 1.732050807568891200, -0.9999999999999753500, -15.72083333333329200 ) ) ;
#674 = CARTESIAN_POINT ( 'NONE',  ( 1.338300807568852500, 0.7726683315066232800, -20.06666666666661300 ) ) ;
#675 = CARTESIAN_POINT ( 'NONE',  ( 1.545336663013165500, -0.4140717108885692600, -7.643760739116944900 ) ) ;
#676 = CARTESIAN_POINT ( 'NONE',  ( -1.338300807568906500, 0.7726683315065295800, -17.03333333333328900 ) ) ;
#677 = CARTESIAN_POINT ( 'NONE',  ( 1.732050807568891200, -0.9999999999999753500, -1.720833333333325900 ) ) ;
#678 = CARTESIAN_POINT ( 'NONE',  ( 1.545336663013169700, 0.4140717108885977900, -2.681239260883028200 ) ) ;
#679 = ORIENTED_EDGE ( 'NONE', *, *, #3408, .T. ) ;
#680 = DIRECTION ( 'NONE',  ( -1.000000000000000000, 0.0000000000000000000, 0.0000000000000000000 ) ) ;
#681 = EDGE_CURVE ( 'NONE', #6307, #899, #5122, .T. ) ;
#682 = CARTESIAN_POINT ( 'NONE',  ( 1.154700538379301000, -1.999999999999971400, -11.49166666666663900 ) ) ;
#683 = DIRECTION ( 'NONE',  ( 0.0000000000000000000, 0.0000000000000000000, 1.000000000000000000 ) ) ;
#684 = CARTESIAN_POINT ( 'NONE',  ( 1.154700538379185100, 2.000000000000037700, -21.14583333333327900 ) ) ;
#685 = ORIENTED_EDGE ( 'NONE', *, *, #4665, .T. ) ;
#686 = CARTESIAN_POINT ( 'NONE',  ( -1.338300807568886700, 0.7726683315065640000, -7.933333333333311400 ) ) ;
#687 = DIRECTION ( 'NONE',  ( 0.0000000000000000000, 0.0000000000000000000, 1.000000000000000000 ) ) ;
#688 = CARTESIAN_POINT ( 'NONE',  ( 2.817678007057453100E-014, -2.000000000000000000, -0.3499999999999972600 ) ) ;
#689 = CARTESIAN_POINT ( 'NONE',  ( -0.8922005383792279700, -1.545336663013180200, -16.94583333333329400 ) ) ;
#690 = ORIENTED_EDGE ( 'NONE', *, *, #3180, .T. ) ;
#691 = CARTESIAN_POINT ( 'NONE',  ( -1.154700538379280800, 1.999999999999983100, -20.94166666666661300 ) ) ;
#692 = EDGE_CURVE ( 'NONE', #3268, #7119, #3656, .T. ) ;
#693 = CARTESIAN_POINT ( 'NONE',  ( -0.8922005383792117600, -1.545336663013189300, -7.758333333333312400 ) ) ;
#694 = CARTESIAN_POINT ( 'NONE',  ( -1.545336663013166200, 1.600716141988073900E-014, -21.17499999999995100 ) ) ;
#695 = VECTOR ( 'NONE', #7901, 1000.000000000000000 ) ;
#696 = CARTESIAN_POINT ( 'NONE',  ( -1.154700538379166000, -2.000000000000049300, -19.30833333333328400 ) ) ;
#697 = CARTESIAN_POINT ( 'NONE',  ( 1.154700538379223000, 2.000000000000016000, -18.34583333333328500 ) ) ;
#698 = ADVANCED_FACE ( 'NONE', ( #6037 ), #6993, .T. ) ;
#699 = B_SPLINE_CURVE_WITH_KNOTS ( 'NONE', 3,
 ( #7831, #5319, #336, #4749, #1503, #966 ),
 .UNSPECIFIED., .F., .F.,
 ( 4, 2, 4 ),
 ( 1.031773750132961100E-018, 0.0005333618872471736200, 0.001066723774494346200 ),
 .UNSPECIFIED. ) ;
#700 = VERTEX_POINT ( 'NONE', #1927 ) ;
#701 = CARTESIAN_POINT ( 'NONE',  ( -1.338300807568907300, 0.7726683315065282500, -19.83333333333328200 ) ) ;
#702 = EDGE_LOOP ( 'NONE', ( #3141, #2199 ) ) ;
#703 = CARTESIAN_POINT ( 'NONE',  ( 0.0000000000000000000, 0.0000000000000000000, 0.0000000000000000000 ) ) ;
#704 = CARTESIAN_POINT ( 'NONE',  ( -0.8922005383792263000, -1.545336663013181100, -1.458333333333327700 ) ) ;
#705 = CARTESIAN_POINT ( 'NONE',  ( 1.154700538379223000, 2.000000000000016000, -2.245833333333324700 ) ) ;
#706 = CARTESIAN_POINT ( 'NONE',  ( 0.4852960034456624300, 1.451865029342874300, -25.79260313667953500 ) ) ;
#707 = EDGE_CURVE ( 'NONE', #1666, #3965, #997, .T. ) ;
#708 = ORIENTED_EDGE ( 'NONE', *, *, #6971, .T. ) ;
#709 = DIRECTION ( 'NONE',  ( 0.0000000000000000000, 0.0000000000000000000, 1.000000000000000000 ) ) ;
#710 = CARTESIAN_POINT ( 'NONE',  ( -2.000000000000001800, -9.877377282685030200E-015, -10.41249999999997300 ) ) ;
#711 = ORIENTED_EDGE ( 'NONE', *, *, #1660, .T. ) ;
#712 = CARTESIAN_POINT ( 'NONE',  ( 1.545336663013168000, -0.4140717108885633700, -10.35626073911693700 ) ) ;
#713 = DIRECTION ( 'NONE',  ( -0.0000000000000000000, -0.0000000000000000000, -1.000000000000000000 ) ) ;
#714 = CARTESIAN_POINT ( 'NONE',  ( -2.158205648456237700E-014, 1.545336663013167300, -10.84999999999997100 ) ) ;
#715 = CARTESIAN_POINT ( 'NONE',  ( -2.000000000000000400, -0.5358983848622764800, -20.09373926088298000 ) ) ;
#716 = LINE ( 'NONE', #5845, #2990 ) ;
#717 = CARTESIAN_POINT ( 'NONE',  ( -1.732050807568891800, 0.9999999999999742400, -5.483333333333318300 ) ) ;
#718 = CARTESIAN_POINT ( 'NONE',  ( 2.177130564435878500E-014, -1.545336663013167300, -17.58749999999995600 ) ) ;
#719 = CARTESIAN_POINT ( 'NONE',  ( -1.154700538379222800, -2.000000000000016400, -22.80833333333327700 ) ) ;
#720 = AXIS2_PLACEMENT_3D ( 'NONE', #5020, #6325, #2478 ) ;
#721 = DIRECTION ( 'NONE',  ( -0.0000000000000000000, -0.0000000000000000000, -1.000000000000000000 ) ) ;
#722 = ORIENTED_EDGE ( 'NONE', *, *, #3417, .F. ) ;
#723 = DIRECTION ( 'NONE',  ( -1.000000000000000000, 0.0000000000000000000, 0.0000000000000000000 ) ) ;
#724 = CYLINDRICAL_SURFACE ( 'NONE', #1803, 2.000000000000000000 ) ;
#725 = CARTESIAN_POINT ( 'NONE',  ( -2.793185071074506700E-014, 2.000000000000000000, -16.18749999999995400 ) ) ;
#726 = ORIENTED_EDGE ( 'NONE', *, *, #6090, .T. ) ;
#727 = ORIENTED_EDGE ( 'NONE', *, *, #4884, .T. ) ;
#728 = DIRECTION ( 'NONE',  ( 0.0000000000000000000, 0.0000000000000000000, 1.000000000000000000 ) ) ;
#729 =( BOUNDED_CURVE ( )  B_SPLINE_CURVE ( 2, ( #8056, #5517, #6109, #2337, #4281, #3591, #7412, #7976, #4232 ),
 .UNSPECIFIED., .F., .F. ) 
 B_SPLINE_CURVE_WITH_KNOTS ( ( 3, 2, 2, 2, 3 ),
 ( 0.7279411764705883100, 0.7303921568627450600, 0.7352941176470588800, 0.7401960784313725800, 0.7426470588235295500 ),
 .UNSPECIFIED. ) 
 CURVE ( )  GEOMETRIC_REPRESENTATION_ITEM ( )  RATIONAL_B_SPLINE_CURVE ( ( 0.9330127018922194100, 0.9330127018922224100, 1.000000000000000000, 0.8660254037844387100, 1.000000000000000000, 0.8660254037844387100, 1.000000000000000000, 0.9330127018922163000, 0.9330127018922194100 ) ) 
 REPRESENTATION_ITEM ( '' )  );
#730 = CARTESIAN_POINT ( 'NONE',  ( 1.732050807568894700, -0.9999999999999696900, -2.333333333333325900 ) ) ;
#731 = CARTESIAN_POINT ( 'NONE',  ( -2.309401076758502900, -3.267715314911616300E-014, -2.712499999999990600 ) ) ;
#732 = CARTESIAN_POINT ( 'NONE',  ( 1.545336663013163100, 0.4140717108886058900, -13.88123926088300100 ) ) ;
#733 = VECTOR ( 'NONE', #184, 1000.000000000000000 ) ;
#734 =( GEOMETRIC_REPRESENTATION_CONTEXT ( 3 ) GLOBAL_UNCERTAINTY_ASSIGNED_CONTEXT ( ( #2987 ) ) GLOBAL_UNIT_ASSIGNED_CONTEXT ( ( #6433, #5861, #3931 ) ) REPRESENTATION_CONTEXT ( 'NONE', 'WORKASPACE' ) );
#735 = ORIENTED_EDGE ( 'NONE', *, *, #2526, .F. ) ;
#736 = EDGE_LOOP ( 'NONE', ( #7503, #3347, #4658, #1534 ) ) ;
#737 = CARTESIAN_POINT ( 'NONE',  ( -1.545336663013167300, 0.0000000000000000000, 0.0000000000000000000 ) ) ;
#738 = LINE ( 'NONE', #1119, #2816 ) ;
#739 = ADVANCED_FACE ( 'NONE', ( #5344 ), #6806, .T. ) ;
#740 = CARTESIAN_POINT ( 'NONE',  ( 0.8922005383792256400, 1.545336663013181500, -2.508333333333325300 ) ) ;
#741 = CARTESIAN_POINT ( 'NONE',  ( -2.000000000000000400, -0.5358983848622628200, -3.293739260883027200 ) ) ;
#742 =( BOUNDED_CURVE ( )  B_SPLINE_CURVE ( 2, ( #1838, #4719, #934, #4768, #2080, #1379, #7136, #5812, #4585 ),
 .UNSPECIFIED., .F., .F. ) 
 B_SPLINE_CURVE_WITH_KNOTS ( ( 3, 2, 2, 2, 3 ),
 ( 0.5955882352941177500, 0.5980392156862744900, 0.6029411764705882000, 0.6078431372549019100, 0.6102941176470589900 ),
 .UNSPECIFIED. ) 
 CURVE ( )  GEOMETRIC_REPRESENTATION_ITEM ( )  RATIONAL_B_SPLINE_CURVE ( ( 0.9330127018922194100, 0.9330127018922224100, 1.000000000000000000, 0.8660254037844387100, 1.000000000000000000, 0.8660254037844387100, 1.000000000000000000, 0.9330127018922147500, 0.9330127018922193000 ) ) 
 REPRESENTATION_ITEM ( '' )  );
#743 = CARTESIAN_POINT ( 'NONE',  ( -2.000000000000000400, 0.5358983848622267400, -1.956260739116958200 ) ) ;
#744 = CARTESIAN_POINT ( 'NONE',  ( -1.784401076758500100, -2.524860140211269500E-014, -12.77499999999996700 ) ) ;
#745 = EDGE_CURVE ( 'NONE', #8144, #4471, #2207, .T. ) ;
#746 = CARTESIAN_POINT ( 'NONE',  ( 1.545336663013166200, 1.167854608129230000E-014, -16.01249999999996000 ) ) ;
#747 = CARTESIAN_POINT ( 'NONE',  ( -0.8922005383792847000, 1.545336663013147500, -14.37916666666662900 ) ) ;
#748 = ORIENTED_EDGE ( 'NONE', *, *, #7415, .T. ) ;
#749 = CARTESIAN_POINT ( 'NONE',  ( 1.732050807568863200, 1.000000000000024400, -3.616666666666656000 ) ) ;
#750 = CARTESIAN_POINT ( 'NONE',  ( 0.8922005383792722700, -1.545336663013154900, -17.52916666666662200 ) ) ;
#751 = CARTESIAN_POINT ( 'NONE',  ( 1.154700538379305900, -1.999999999999968900, -17.87916666666662000 ) ) ;
#752 = CALENDAR_DATE ( 2021, 9, 9 ) ;
#753 = CARTESIAN_POINT ( 'NONE',  ( -1.999999999999998200, -6.797959659259697200E-015, -13.12499999999997000 ) ) ;
#754 = CARTESIAN_POINT ( 'NONE',  ( -2.000000000000001800, 0.5358983848622231900, -4.756260739116952700 ) ) ;
#755 = CARTESIAN_POINT ( 'NONE',  ( 1.545336663013166200, -4.938688641342514700E-016, -13.82499999999996600 ) ) ;
#756 = CARTESIAN_POINT ( 'NONE',  ( -2.000000000000002200, 1.162044386198238700E-015, -11.81249999999997000 ) ) ;
#757 = ORIENTED_EDGE ( 'NONE', *, *, #3807, .F. ) ;
#758 = CYLINDRICAL_SURFACE ( 'NONE', #7596, 2.000000000000000000 ) ;
#759 = CARTESIAN_POINT ( 'NONE',  ( 1.732050807568914700, -0.9999999999999349400, -19.13333333333328700 ) ) ;
#760 = CARTESIAN_POINT ( 'NONE',  ( 1.154700538379223000, 2.000000000000016000, -16.24583333333329100 ) ) ;
#761 = VECTOR ( 'NONE', #6143, 1000.000000000000000 ) ;
#762 = EDGE_CURVE ( 'NONE', #7370, #5585, #633, .T. ) ;
#763 = DIRECTION ( 'NONE',  ( -1.000000000000000000, 0.0000000000000000000, 0.0000000000000000000 ) ) ;
#764 = CARTESIAN_POINT ( 'NONE',  ( -1.338300807568862900, -0.7726683315066050800, -1.604166666666660500 ) ) ;
#765 = CARTESIAN_POINT ( 'NONE',  ( 4.165037078374177900E-014, -2.000000000000000000, -8.749999999999978700 ) ) ;
#766 = CARTESIAN_POINT ( 'NONE',  ( -1.732050807568862800, -1.000000000000025100, -4.054166666666653800 ) ) ;
#767 = ORIENTED_EDGE ( 'NONE', *, *, #4211, .F. ) ;
#768 = CARTESIAN_POINT ( 'NONE',  ( 2.000000000000000000, -8.192412922697582800E-015, -5.862499999999985600 ) ) ;
#769 = VECTOR ( 'NONE', #3647, 1000.000000000000000 ) ;
#770 = CARTESIAN_POINT ( 'NONE',  ( -1.500000000000000000, -2.145701662201152100E-025, -25.76794919243112100 ) ) ;
#771 = AXIS2_PLACEMENT_3D ( 'NONE', #2922, #5541, #4986 ) ;
#772 = CARTESIAN_POINT ( 'NONE',  ( -1.545336663013167500, 3.747593145489320200E-015, -2.974999999999993400 ) ) ;
#773 = CARTESIAN_POINT ( 'NONE',  ( -1.545336663013167100, 0.4140717108885706400, -2.306260739116957800 ) ) ;
#774 = CARTESIAN_POINT ( 'NONE',  ( 0.0000000000000000000, 0.0000000000000000000, -26.00000000000000000 ) ) ;
#775 = CARTESIAN_POINT ( 'NONE',  ( -1.784401076758500100, -2.524860140211269500E-014, -13.47499999999996400 ) ) ;
#776 = DIRECTION ( 'NONE',  ( 0.0000000000000000000, 0.0000000000000000000, 1.000000000000000000 ) ) ;
#777 = CARTESIAN_POINT ( 'NONE',  ( 1.154700538379223000, 2.000000000000016000, -4.258333333333321300 ) ) ;
#778 = CARTESIAN_POINT ( 'NONE',  ( 2.177130564435878500E-014, -1.545336663013167300, -11.98749999999996900 ) ) ;
#779 = CARTESIAN_POINT ( 'NONE',  ( -1.545336663013167700, 4.648177544792956300E-016, -0.8749999999999974500 ) ) ;
#780 = CARTESIAN_POINT ( 'NONE',  ( -3.185072046801659800E-014, 2.000000000000000000, -4.899999999999986100 ) ) ;
#781 = ORIENTED_EDGE ( 'NONE', *, *, #5559, .T. ) ;
#782 = CARTESIAN_POINT ( 'NONE',  ( 1.338300807568848500, 0.7726683315066297200, -13.76666666666663200 ) ) ;
#783 = CARTESIAN_POINT ( 'NONE',  ( 1.154700538379280100, -1.999999999999983300, -12.89166666666663400 ) ) ;
#784 = CARTESIAN_POINT ( 'NONE',  ( 2.309401076758502900, 3.239433308545619500E-014, -18.46249999999994900 ) ) ;
#785 = ORIENTED_EDGE ( 'NONE', *, *, #1222, .T. ) ;
#786 = APPROVAL_STATUS ( 'not_yet_approved' ) ;
#787 = ADVANCED_FACE ( 'NONE', ( #6220 ), #3246, .F. ) ;
#788 = CARTESIAN_POINT ( 'NONE',  ( -1.545336663013174000, 0.4140717108885484400, -17.09376073911691700 ) ) ;
#789 = CARTESIAN_POINT ( 'NONE',  ( 1.732050807568891200, -0.9999999999999753500, -7.320833333333313300 ) ) ;
#790 = DIRECTION ( 'NONE',  ( 1.000000000000000000, 0.0000000000000000000, 0.0000000000000000000 ) ) ;
#791 = CARTESIAN_POINT ( 'NONE',  ( 0.8922005383792005500, 1.545336663013195900, -18.60833333333328500 ) ) ;
#792 = CARTESIAN_POINT ( 'NONE',  ( -0.8922005383791838900, -1.545336663013205500, -18.95833333333328600 ) ) ;
#793 = EDGE_CURVE ( 'NONE', #2307, #2507, #1490, .T. ) ;
#794 = CARTESIAN_POINT ( 'NONE',  ( -1.545336663013168000, -0.4140717108885976200, -2.943739260883028000 ) ) ;
#795 = CARTESIAN_POINT ( 'NONE',  ( 1.338300807568862500, 0.7726683315066056300, -2.566666666666658000 ) ) ;
#796 = ORIENTED_EDGE ( 'NONE', *, *, #4107, .T. ) ;
#797 = CARTESIAN_POINT ( 'NONE',  ( 0.0000000000000000000, 0.0000000000000000000, -22.00000000000000000 ) ) ;
#798 = CARTESIAN_POINT ( 'NONE',  ( 0.8922005383792869200, -1.545336663013146200, -8.429166666666644000 ) ) ;
#799 = CARTESIAN_POINT ( 'NONE',  ( 2.177130564435878800E-014, -1.545336663013167300, -12.59999999999996600 ) ) ;
#800 =( BOUNDED_CURVE ( )  B_SPLINE_CURVE ( 2, ( #6331, #1295, #1450, #1536, #5287, #2709, #7143, #7083, #7168 ),
 .UNSPECIFIED., .F., .F. ) 
 B_SPLINE_CURVE_WITH_KNOTS ( ( 3, 2, 2, 2, 3 ),
 ( 0.8161764705882355000, 0.8186274509803921400, 0.8235294117647058400, 0.8284313725490196600, 0.8308823529411766300 ),
 .UNSPECIFIED. ) 
 CURVE ( )  GEOMETRIC_REPRESENTATION_ITEM ( )  RATIONAL_B_SPLINE_CURVE ( ( 0.9330127018922194100, 0.9330127018922254000, 1.000000000000000000, 0.8660254037844387100, 1.000000000000000000, 0.8660254037844387100, 1.000000000000000000, 0.9330127018922163000, 0.9330127018922194100 ) ) 
 REPRESENTATION_ITEM ( '' )  );
#801 = CARTESIAN_POINT ( 'NONE',  ( 1.154700538379218600, 2.000000000000018700, -14.14583333333329700 ) ) ;
#802 = VECTOR ( 'NONE', #3617, 1000.000000000000000 ) ;
#803 = CARTESIAN_POINT ( 'NONE',  ( -2.158205648456237400E-014, 1.545336663013167300, 0.9624999999999998000 ) ) ;
#804 = CARTESIAN_POINT ( 'NONE',  ( -1.338300807568886700, 0.7726683315065640000, -10.82083333333330400 ) ) ;
#805 = CARTESIAN_POINT ( 'NONE',  ( 2.000000000000000400, 0.5358983848622624900, -1.543739260883030900 ) ) ;
#806 = DIRECTION ( 'NONE',  ( 0.8660254037844386000, -0.4999999999999998900, 0.0000000000000000000 ) ) ;
#807 = EDGE_CURVE ( 'NONE', #6082, #552, #1374, .T. ) ;
#808 = CARTESIAN_POINT ( 'NONE',  ( 2.000000000000002700, 0.5358983848622630400, -2.943739260883028000 ) ) ;
#809 = CARTESIAN_POINT ( 'NONE',  ( -1.338300807568889100, 0.7726683315065598900, -13.53333333333329600 ) ) ;
#810 = CARTESIAN_POINT ( 'NONE',  ( 1.154700538379280100, -1.999999999999983300, -14.99166666666663000 ) ) ;
#811 = AXIS2_PLACEMENT_3D ( 'NONE', #5328, #5970, #2184 ) ;
#812 = CARTESIAN_POINT ( 'NONE',  ( 2.460812997436214500E-014, -1.545336663013167300, -14.78749999999996200 ) ) ;
#813 = CARTESIAN_POINT ( 'NONE',  ( 0.8922005383792722700, -1.545336663013154900, 0.7583333333333339700 ) ) ;
#814 = ORIENTED_EDGE ( 'NONE', *, *, #5844, .T. ) ;
#815 = VERTEX_POINT ( 'NONE', #2685 ) ;
#816 =( BOUNDED_CURVE ( )  B_SPLINE_CURVE ( 2, ( #6572, #7848, #4014, #4639, #3432, #7820, #2821, #4738, #7129 ),
 .UNSPECIFIED., .F., .F. ) 
 B_SPLINE_CURVE_WITH_KNOTS ( ( 3, 2, 2, 2, 3 ),
 ( 0.3308823529411765200, 0.3333333333333333100, 0.3382352941176470800, 0.3431372549019607900, 0.3455882352941177500 ),
 .UNSPECIFIED. ) 
 CURVE ( )  GEOMETRIC_REPRESENTATION_ITEM ( )  RATIONAL_B_SPLINE_CURVE ( ( 0.9330127018922194100, 0.9330127018922208500, 1.000000000000000000, 0.8660254037844387100, 1.000000000000000000, 0.8660254037844387100, 1.000000000000000000, 0.9330127018922163000, 0.9330127018922194100 ) ) 
 REPRESENTATION_ITEM ( '' )  );
#817 = CARTESIAN_POINT ( 'NONE',  ( 1.545336663013166400, -3.253724281355068900E-015, -20.12499999999995000 ) ) ;
#818 = DIRECTION ( 'NONE',  ( -1.000000000000000000, 0.0000000000000000000, 0.0000000000000000000 ) ) ;
#819 = CARTESIAN_POINT ( 'NONE',  ( 1.545336663013166200, 1.397358374403382100E-014, -17.41249999999995200 ) ) ;
#820 = CARTESIAN_POINT ( 'NONE',  ( -1.154700538379280800, 1.999999999999983100, -6.329166666666648000 ) ) ;
#821 = CARTESIAN_POINT ( 'NONE',  ( -1.545336663013169100, 2.527446539981169400E-015, -9.274999999999977300 ) ) ;
#822 = CARTESIAN_POINT ( 'NONE',  ( 1.545336663013166400, 7.408032962013773400E-015, -19.51249999999995300 ) ) ;
#823 = FACE_OUTER_BOUND ( 'NONE', #7819, .T. ) ;
#824 = EDGE_CURVE ( 'NONE', #5997, #6253, #99, .T. ) ;
#825 = CARTESIAN_POINT ( 'NONE',  ( 0.0000000000000000000, 0.0000000000000000000, -25.65000000000000200 ) ) ;
#826 = ORIENTED_EDGE ( 'NONE', *, *, #1026, .F. ) ;
#827 = ORIENTED_EDGE ( 'NONE', *, *, #1918, .T. ) ;
#828 = ADVANCED_FACE ( 'NONE', ( #5369 ), #7297, .T. ) ;
#829 = CARTESIAN_POINT ( 'NONE',  ( -1.545336663013166900, -6.391244124090313400E-016, -0.2624999999999988500 ) ) ;
#830 = VERTEX_POINT ( 'NONE', #3397 ) ;
#831 = ORIENTED_EDGE ( 'NONE', *, *, #4054, .F. ) ;
#832 = CARTESIAN_POINT ( 'NONE',  ( 1.338300807568886300, -0.7726683315065647800, -13.18333333333329800 ) ) ;
#833 = ORIENTED_EDGE ( 'NONE', *, *, #6304, .F. ) ;
#834 = CARTESIAN_POINT ( 'NONE',  ( 1.545336663013168600, 0.4140717108886082200, -15.28123926088299600 ) ) ;
#835 = CARTESIAN_POINT ( 'NONE',  ( -1.732050807568854100, -1.000000000000040600, -11.75416666666663400 ) ) ;
#836 = CARTESIAN_POINT ( 'NONE',  ( 1.784401076758500100, 2.503007529540795600E-014, 0.7875000000000003100 ) ) ;
#837 = CARTESIAN_POINT ( 'NONE',  ( 0.8922005383792722700, -1.545336663013154900, -12.62916666666663400 ) ) ;
#838 = CONICAL_SURFACE ( 'NONE', #5427, 1.732050807568877400, 0.7853981633974500600 ) ;
#839 = VERTEX_POINT ( 'NONE', #4666 ) ;
#840 = CARTESIAN_POINT ( 'NONE',  ( 1.154700538379160000, 2.000000000000052800, -17.55833333333329100 ) ) ;
#841 = CARTESIAN_POINT ( 'NONE',  ( 1.732050807568897200, -0.9999999999999655800, -9.333333333333309100 ) ) ;
#842 = CARTESIAN_POINT ( 'NONE',  ( -2.793185071074506100E-014, 2.000000000000000000, -13.29999999999996500 ) ) ;
#843 = CARTESIAN_POINT ( 'NONE',  ( 1.338300807568848900, 0.7726683315066292800, -12.36666666666663300 ) ) ;
#844 = CARTESIAN_POINT ( 'NONE',  ( -2.309401076758502900, -3.267715314911616300E-014, -19.51249999999994600 ) ) ;
#845 = FACE_OUTER_BOUND ( 'NONE', #4762, .T. ) ;
#846 = CARTESIAN_POINT ( 'NONE',  ( 2.177130564435878500E-014, -1.545336663013167300, -2.187499999999992500 ) ) ;
#847 = CARTESIAN_POINT ( 'NONE',  ( -1.732050807568899400, 0.9999999999999612500, -5.570833333333316900 ) ) ;
#848 = CARTESIAN_POINT ( 'NONE',  ( 1.154700538379333200, -1.999999999999952900, -16.47916666666662200 ) ) ;
#849 = DIRECTION ( 'NONE',  ( 1.000000000000000000, 0.0000000000000000000, 0.0000000000000000000 ) ) ;
#850 = CARTESIAN_POINT ( 'NONE',  ( 2.309401076758502900, 3.239433308545619500E-014, -5.862499999999982100 ) ) ;
#851 = VERTEX_POINT ( 'NONE', #1483 ) ;
#852 = CARTESIAN_POINT ( 'NONE',  ( 1.545336663013167500, -3.166570952390201500E-015, -3.412499999999992100 ) ) ;
#853 = CARTESIAN_POINT ( 'NONE',  ( 3.823789561358952700E-014, -1.545336663013167300, -19.68749999999994700 ) ) ;
#854 = ORIENTED_EDGE ( 'NONE', *, *, #2341, .T. ) ;
#855 = CARTESIAN_POINT ( 'NONE',  ( 2.915393594336171700E-014, -1.545336663013167300, -2.799999999999990900 ) ) ;
#856 = CARTESIAN_POINT ( 'NONE',  ( 0.0000000000000000000, 0.0000000000000000000, 0.0000000000000000000 ) ) ;
#857 =( BOUNDED_CURVE ( )  B_SPLINE_CURVE ( 2, ( #53, #743, #1424, #4537, #7742, #3363, #5232, #4005, #1455 ),
 .UNSPECIFIED., .F., .F. ) 
 B_SPLINE_CURVE_WITH_KNOTS ( ( 3, 2, 2, 2, 3 ),
 ( 0.1102941176470589000, 0.1127450980392156900, 0.1176470588235294100, 0.1225490196078431300, 0.1250000000000000800 ),
 .UNSPECIFIED. ) 
 CURVE ( )  GEOMETRIC_REPRESENTATION_ITEM ( )  RATIONAL_B_SPLINE_CURVE ( ( 0.9330127018922193000, 0.9330127018922214100, 1.000000000000000000, 0.8660254037844387100, 1.000000000000000000, 0.8660254037844387100, 1.000000000000000000, 0.9330127018922169700, 0.9330127018922194100 ) ) 
 REPRESENTATION_ITEM ( '' )  );
#858 = CALENDAR_DATE ( 2021, 9, 9 ) ;
#859 = CARTESIAN_POINT ( 'NONE',  ( 0.8922005383792283000, 1.545336663013179700, -15.80833333333329100 ) ) ;
#860 = EDGE_CURVE ( 'NONE', #6324, #34, #4409, .T. ) ;
#861 = CARTESIAN_POINT ( 'NONE',  ( -0.4908700901641195900, 1.448646828875487000, -25.76730941577313800 ) ) ;
#862 = CARTESIAN_POINT ( 'NONE',  ( -1.154700538379199100, -2.000000000000030200, -11.69583333333330300 ) ) ;
#863 =( BOUNDED_CURVE ( )  B_SPLINE_CURVE ( 2, ( #5155, #3950, #4521, #5809, #5103, #147, #1314, #4547, #5129 ),
 .UNSPECIFIED., .F., .F. ) 
 B_SPLINE_CURVE_WITH_KNOTS ( ( 3, 2, 2, 2, 3 ),
 ( 0.1691176470588236200, 0.1715686274509803900, 0.1764705882352941300, 0.1813725490196078400, 0.1838235294117648000 ),
 .UNSPECIFIED. ) 
 CURVE ( )  GEOMETRIC_REPRESENTATION_ITEM ( )  RATIONAL_B_SPLINE_CURVE ( ( 0.9330127018922194100, 0.9330127018922220700, 1.000000000000000000, 0.8660254037844387100, 1.000000000000000000, 0.8660254037844387100, 1.000000000000000000, 0.9330127018922167400, 0.9330127018922194100 ) ) 
 REPRESENTATION_ITEM ( '' )  );
#864 = ORIENTED_EDGE ( 'NONE', *, *, #3855, .T. ) ;
#865 = VECTOR ( 'NONE', #1917, 1000.000000000000000 ) ;
#866 = CARTESIAN_POINT ( 'NONE',  ( 0.8922005383792722700, -1.545336663013154900, -11.92916666666663500 ) ) ;
#867 = CYLINDRICAL_SURFACE ( 'NONE', #253, 2.000000000000000000 ) ;
#868 = CARTESIAN_POINT ( 'NONE',  ( 1.154700538379223000, 2.000000000000016000, -12.65833333333330100 ) ) ;
#869 = CARTESIAN_POINT ( 'NONE',  ( 1.545336663013163300, 0.4140717108886169400, -12.39373926088300600 ) ) ;
#870 = CARTESIAN_POINT ( 'NONE',  ( 1.732050807568891200, -0.9999999999999753500, -19.92083333333328100 ) ) ;
#871 = FACE_OUTER_BOUND ( 'NONE', #1378, .T. ) ;
#872 = EDGE_CURVE ( 'NONE', #3184, #552, #6440, .T. ) ;
#873 = CARTESIAN_POINT ( 'NONE',  ( 1.338300807568886300, -0.7726683315065647800, -3.470833333333322100 ) ) ;
#874 = CARTESIAN_POINT ( 'NONE',  ( -1.545336663013166200, -4.473870886863219300E-015, -11.46249999999997200 ) ) ;
#875 = AXIS2_PLACEMENT_3D ( 'NONE', #196, #8147, #5690 ) ;
#876 = CARTESIAN_POINT ( 'NONE',  ( 2.000000000000001800, -0.5358983848622083100, -12.19376073911693000 ) ) ;
#877 = CARTESIAN_POINT ( 'NONE',  ( 1.732050807568863200, 1.000000000000024400, -4.404166666666653500 ) ) ;
#878 = DIRECTION ( 'NONE',  ( -0.0000000000000000000, -0.0000000000000000000, -1.000000000000000000 ) ) ;
#879 = CARTESIAN_POINT ( 'NONE',  ( 3.028943090214019300E-014, -1.545336663013167300, -4.987499999999985600 ) ) ;
#880 = CARTESIAN_POINT ( 'NONE',  ( 1.784401076758500100, 2.503007529540795600E-014, -4.812499999999985800 ) ) ;
#881 = ORIENTED_EDGE ( 'NONE', *, *, #7709, .F. ) ;
#882 = EDGE_CURVE ( 'NONE', #7843, #6911, #7570, .T. ) ;
#883 = CARTESIAN_POINT ( 'NONE',  ( -1.154700538379216600, -2.000000000000020000, -7.408333333333312800 ) ) ;
#884 = ORIENTED_EDGE ( 'NONE', *, *, #5615, .T. ) ;
#885 = CARTESIAN_POINT ( 'NONE',  ( 1.732050807568849900, 1.000000000000048200, -14.81666666666662900 ) ) ;
#886 = AXIS2_PLACEMENT_3D ( 'NONE', #2457, #2435, #5028 ) ;
#887 = CARTESIAN_POINT ( 'NONE',  ( -1.338300807568864000, -0.7726683315066029700, -14.81666666666662600 ) ) ;
#888 = CARTESIAN_POINT ( 'NONE',  ( 0.0000000000000000000, 0.0000000000000000000, -22.35000000000000100 ) ) ;
#889 = CARTESIAN_POINT ( 'NONE',  ( 1.154700538379288100, -1.999999999999978700, -13.59166666666663100 ) ) ;
#890 = CARTESIAN_POINT ( 'NONE',  ( 1.338300807568886300, -0.7726683315065647800, -9.770833333333307300 ) ) ;
#891 = CARTESIAN_POINT ( 'NONE',  ( 1.999999999999998200, -5.810221930991193700E-016, -13.56249999999996400 ) ) ;
#892 = ORIENTED_EDGE ( 'NONE', *, *, #7415, .F. ) ;
#893 =( BOUNDED_CURVE ( )  B_SPLINE_CURVE ( 2, ( #2172, #3406, #4678, #5339, #7853, #6009, #5982, #898, #2826 ),
 .UNSPECIFIED., .F., .F. ) 
 B_SPLINE_CURVE_WITH_KNOTS ( ( 3, 2, 2, 2, 3 ),
 ( 0.7279411764705883100, 0.7303921568627450600, 0.7352941176470588800, 0.7401960784313725800, 0.7426470588235295500 ),
 .UNSPECIFIED. ) 
 CURVE ( )  GEOMETRIC_REPRESENTATION_ITEM ( )  RATIONAL_B_SPLINE_CURVE ( ( 0.9330127018922194100, 0.9330127018922224100, 1.000000000000000000, 0.8660254037844387100, 1.000000000000000000, 0.8660254037844387100, 1.000000000000000000, 0.9330127018922163000, 0.9330127018922194100 ) ) 
 REPRESENTATION_ITEM ( '' )  );
#894 = CARTESIAN_POINT ( 'NONE',  ( -2.000000000000001800, -0.5358983848622622700, -6.181239260883018000 ) ) ;
#895 = CARTESIAN_POINT ( 'NONE',  ( 1.154700538379223000, 2.000000000000016000, -14.75833333333329700 ) ) ;
#896 = CARTESIAN_POINT ( 'NONE',  ( 2.000000000000000000, 0.0000000000000000000, -22.00000000000000000 ) ) ;
#897 = CARTESIAN_POINT ( 'NONE',  ( 1.732050807568891200, -0.9999999999999753500, -21.32083333333327600 ) ) ;
#898 = CARTESIAN_POINT ( 'NONE',  ( 1.545336663013162400, 0.4140717108886075600, -16.59373926088299800 ) ) ;
#899 = VERTEX_POINT ( 'NONE', #7230 ) ;
#900 = CARTESIAN_POINT ( 'NONE',  ( 1.338300807568864300, 0.7726683315066025200, -3.354166666666656300 ) ) ;
#901 = CARTESIAN_POINT ( 'NONE',  ( 1.545336663013166400, 0.4140717108886056200, -11.78123926088300500 ) ) ;
#902 = VECTOR ( 'NONE', #1541, 1000.000000000000000 ) ;
#903 = CARTESIAN_POINT ( 'NONE',  ( -1.545336663013166200, 9.180150650966086200E-015, -6.474999999999983700 ) ) ;
#904 = CARTESIAN_POINT ( 'NONE',  ( 1.735999607741272700, -0.6596126132093203000, -0.3909447939952947500 ) ) ;
#905 =( BOUNDED_CURVE ( )  B_SPLINE_CURVE ( 2, ( #1062, #7341, #2169, #1493, #440, #4824, #843, #869, #4614 ),
 .UNSPECIFIED., .F., .F. ) 
 B_SPLINE_CURVE_WITH_KNOTS ( ( 3, 2, 2, 2, 3 ),
 ( 0.5514705882352942700, 0.5539215686274510100, 0.5588235294117647200, 0.5637254901960784300, 0.5661764705882353900 ),
 .UNSPECIFIED. ) 
 CURVE ( )  GEOMETRIC_REPRESENTATION_ITEM ( )  RATIONAL_B_SPLINE_CURVE ( ( 0.9330127018922194100, 0.9330127018922224100, 1.000000000000000000, 0.8660254037844387100, 1.000000000000000000, 0.8660254037844387100, 1.000000000000000000, 0.9330127018922163000, 0.9330127018922194100 ) ) 
 REPRESENTATION_ITEM ( '' )  );
#906 = CARTESIAN_POINT ( 'NONE',  ( -1.732050807568891800, 0.9999999999999742400, -5.570833333333316900 ) ) ;
#907 = CARTESIAN_POINT ( 'NONE',  ( 1.999999999999998200, -0.5358983848622060900, -14.90626073911692700 ) ) ;
#908 = CARTESIAN_POINT ( 'NONE',  ( -1.345294755824793600, 0.8821587301825824000, -0.2117400900548313800 ) ) ;
#909 = CARTESIAN_POINT ( 'NONE',  ( 1.338300807568886300, -0.7726683315065647800, -8.370833333333310500 ) ) ;
#910 = EDGE_LOOP ( 'NONE', ( #2884, #3147, #6497, #5038 ) ) ;
#911 = EDGE_CURVE ( 'NONE', #2889, #6082, #4782, .T. ) ;
#912 = ORIENTED_EDGE ( 'NONE', *, *, #2179, .T. ) ;
#913 = ORIENTED_EDGE ( 'NONE', *, *, #1063, .T. ) ;
#914 = ADVANCED_FACE ( 'NONE', ( #823 ), #7483, .T. ) ;
#915 = CARTESIAN_POINT ( 'NONE',  ( 1.732050807568895600, -0.9999999999999681400, -4.520833333333319700 ) ) ;
#916 = CARTESIAN_POINT ( 'NONE',  ( -1.784401076758500100, -2.524860140211269500E-014, -17.67499999999995500 ) ) ;
#917 = ORIENTED_EDGE ( 'NONE', *, *, #3472, .T. ) ;
#918 = CARTESIAN_POINT ( 'NONE',  ( -1.784401076758500100, -2.524860140211269200E-014, -13.56249999999996400 ) ) ;
#919 = ORIENTED_EDGE ( 'NONE', *, *, #1591, .F. ) ;
#920 = EDGE_CURVE ( 'NONE', #2604, #1728, #3674, .T. ) ;
#921 = CARTESIAN_POINT ( 'NONE',  ( 2.000000000000001300, -0.5358983848622103100, -10.00626073911693800 ) ) ;
#922 =( BOUNDED_CURVE ( )  B_SPLINE_CURVE ( 2, ( #5847, #4598, #5877, #7113, #7656, #7771, #3360, #7740, #103 ),
 .UNSPECIFIED., .F., .F. ) 
 B_SPLINE_CURVE_WITH_KNOTS ( ( 3, 2, 2, 2, 3 ),
 ( 0.4191176470588236500, 0.4215686274509803900, 0.4264705882352941000, 0.4313725490196078600, 0.4338235294117648300 ),
 .UNSPECIFIED. ) 
 CURVE ( )  GEOMETRIC_REPRESENTATION_ITEM ( )  RATIONAL_B_SPLINE_CURVE ( ( 0.9330127018922194100, 0.9330127018922224100, 1.000000000000000000, 0.8660254037844387100, 1.000000000000000000, 0.8660254037844387100, 1.000000000000000000, 0.9330127018922163000, 0.9330127018922194100 ) ) 
 REPRESENTATION_ITEM ( '' )  );
#923 = DIRECTION ( 'NONE',  ( -0.0000000000000000000, -0.0000000000000000000, -1.000000000000000000 ) ) ;
#924 = CARTESIAN_POINT ( 'NONE',  ( -1.732050807568891800, 0.9999999999999742400, -6.183333333333316700 ) ) ;
#925 = VECTOR ( 'NONE', #6475, 1000.000000000000000 ) ;
#926 = CARTESIAN_POINT ( 'NONE',  ( -1.154700538379280800, 1.999999999999983100, -19.62916666666661300 ) ) ;
#927 = CARTESIAN_POINT ( 'NONE',  ( -6.615073453432789900E-014, 2.000000000000000000, -13.29999999999996700 ) ) ;
#928 = VECTOR ( 'NONE', #5910, 1000.000000000000000 ) ;
#929 = CARTESIAN_POINT ( 'NONE',  ( 0.8922005383792283000, 1.545336663013179700, -0.4958333333333299100 ) ) ;
#930 = ORIENTED_EDGE ( 'NONE', *, *, #1896, .T. ) ;
#931 = CARTESIAN_POINT ( 'NONE',  ( 2.000000000000000000, 0.0000000000000000000, -22.00000000000000000 ) ) ;
#932 = CARTESIAN_POINT ( 'NONE',  ( 1.338300807568903600, -0.7726683315065348000, -16.07083333333329000 ) ) ;
#933 = CARTESIAN_POINT ( 'NONE',  ( -1.732050807568862800, -1.000000000000025100, -8.254166666666643300 ) ) ;
#934 = CARTESIAN_POINT ( 'NONE',  ( 1.338300807568891800, -0.7726683315065552300, -13.18333333333330000 ) ) ;
#935 = CARTESIAN_POINT ( 'NONE',  ( -1.219863615966173100, 1.065485882206326900, -0.2194293747241716800 ) ) ;
#936 = VECTOR ( 'NONE', #7344, 1000.000000000000000 ) ;
#937 = EDGE_CURVE ( 'NONE', #4466, #5655, #4180, .T. ) ;
#938 = ORIENTED_EDGE ( 'NONE', *, *, #6361, .F. ) ;
#939 = CARTESIAN_POINT ( 'NONE',  ( -1.338300807568856100, -0.7726683315066167300, -16.21666666666662600 ) ) ;
#940 = CARTESIAN_POINT ( 'NONE',  ( -1.784401076758500100, -2.524860140211269200E-014, -6.562499999999981300 ) ) ;
#941 = ORIENTED_EDGE ( 'NONE', *, *, #3792, .F. ) ;
#942 = CARTESIAN_POINT ( 'NONE',  ( 1.545336663013167300, 1.892491597964127500E-016, 0.0000000000000000000 ) ) ;
#943 = CARTESIAN_POINT ( 'NONE',  ( 0.8922005383792722700, -1.545336663013154900, -17.44166666666662000 ) ) ;
#944 = CARTESIAN_POINT ( 'NONE',  ( -1.545336663013169100, 2.527446539981169400E-015, -9.362499999999977600 ) ) ;
#945 = ORIENTED_EDGE ( 'NONE', *, *, #4479, .T. ) ;
#946 = CARTESIAN_POINT ( 'NONE',  ( -1.338300807568864000, -0.7726683315066029700, -14.90416666666662600 ) ) ;
#947 =( BOUNDED_CURVE ( )  B_SPLINE_CURVE ( 2, ( #7378, #6726, #4524, #42, #2262, #308, #984, #7354, #580 ),
 .UNSPECIFIED., .F., .F. ) 
 B_SPLINE_CURVE_WITH_KNOTS ( ( 3, 2, 2, 2, 3 ),
 ( 0.4632352941176471900, 0.4656862745098039300, 0.4705882352941176400, 0.4754901960784313500, 0.4779411764705883100 ),
 .UNSPECIFIED. ) 
 CURVE ( )  GEOMETRIC_REPRESENTATION_ITEM ( )  RATIONAL_B_SPLINE_CURVE ( ( 0.9330127018922194100, 0.9330127018922231800, 1.000000000000000000, 0.8660254037844387100, 1.000000000000000000, 0.8660254037844387100, 1.000000000000000000, 0.9330127018922170800, 0.9330127018922194100 ) ) 
 REPRESENTATION_ITEM ( '' )  );
#948 = VECTOR ( 'NONE', #7676, 1000.000000000000000 ) ;
#949 = CARTESIAN_POINT ( 'NONE',  ( -1.999999999999998200, 7.262777413738993000E-015, -10.32499999999997600 ) ) ;
#950 = AXIS2_PLACEMENT_3D ( 'NONE', #1596, #4731, #2861 ) ;
#951 = CARTESIAN_POINT ( 'NONE',  ( -1.545336663013167300, 0.4140717108885695900, -3.793760739116954100 ) ) ;
#952 = DIRECTION ( 'NONE',  ( -1.000000000000000000, 0.0000000000000000000, 0.0000000000000000000 ) ) ;
#953 = CARTESIAN_POINT ( 'NONE',  ( 2.309401076758502900, 3.239433308545618900E-014, -9.274999999999975500 ) ) ;
#954 = CARTESIAN_POINT ( 'NONE',  ( -2.158205648456237700E-014, 1.545336663013167300, -3.149999999999989700 ) ) ;
#955 = VERTEX_POINT ( 'NONE', #4126 ) ;
#956 = DIRECTION ( 'NONE',  ( -0.0000000000000000000, -0.0000000000000000000, -1.000000000000000000 ) ) ;
#957 = ADVANCED_FACE ( 'NONE', ( #8092 ), #3975, .T. ) ;
#958 = ORIENTED_EDGE ( 'NONE', *, *, #4330, .F. ) ;
#959 = CARTESIAN_POINT ( 'NONE',  ( -2.158205648456237400E-014, 1.545336663013167300, -4.637499999999986000 ) ) ;
#960 = CARTESIAN_POINT ( 'NONE',  ( 1.338300807568910500, -0.7726683315065231400, -20.97083333333327800 ) ) ;
#961 = EDGE_CURVE ( 'NONE', #5585, #294, #616, .T. ) ;
#962 = CARTESIAN_POINT ( 'NONE',  ( -1.545336663013168000, -0.4140717108885967900, -2.243739260883029100 ) ) ;
#963 = VERTEX_POINT ( 'NONE', #4944 ) ;
#964 = LINE ( 'NONE', #1575, #6859 ) ;
#965 = AXIS2_PLACEMENT_3D ( 'NONE', #7293, #6671, #3575 ) ;
#966 = CARTESIAN_POINT ( 'NONE',  ( -1.938153584520535500, -0.4935186752395485100, -0.4962114106110250800 ) ) ;
#967 = FACE_OUTER_BOUND ( 'NONE', #4351, .T. ) ;
#968 = CARTESIAN_POINT ( 'NONE',  ( -1.545336663013166200, -7.901901826148023500E-015, -16.27499999999995900 ) ) ;
#969 = CARTESIAN_POINT ( 'NONE',  ( -0.8922005383792279700, -1.545336663013180200, -5.045833333333319200 ) ) ;
#970 = B_SPLINE_CURVE_WITH_KNOTS ( 'NONE', 3,
 ( #3307, #2656, #1364, #7721, #2067, #861, #7660, #7008 ),
 .UNSPECIFIED., .F., .F.,
 ( 4, 2, 2, 4 ),
 ( 2.544365555418697300E-007, 0.0004475380576734570800, 0.0008948216787913723600, 0.001789388921027202700 ),
 .UNSPECIFIED. ) ;
#971 = ORIENTED_EDGE ( 'NONE', *, *, #1255, .F. ) ;
#972 = LINE ( 'NONE', #4077, #4032 ) ;
#973 = CARTESIAN_POINT ( 'NONE',  ( -1.338300807568886700, 0.7726683315065640000, -17.03333333333328900 ) ) ;
#974 = EDGE_CURVE ( 'NONE', #5950, #7327, #7325, .T. ) ;
#975 = CARTESIAN_POINT ( 'NONE',  ( -1.732050807568853400, -1.000000000000041300, -13.76666666666663200 ) ) ;
#976 = CARTESIAN_POINT ( 'NONE',  ( 0.8922005383792722700, -1.545336663013154900, -14.72916666666662700 ) ) ;
#977 = CARTESIAN_POINT ( 'NONE',  ( 2.000000000000001800, 4.125257571003747400E-015, -8.574999999999981500 ) ) ;
#978 = CARTESIAN_POINT ( 'NONE',  ( -1.999999999999998200, 1.080701279164362200E-014, -7.612499999999981200 ) ) ;
#979 = CARTESIAN_POINT ( 'NONE',  ( -2.271755144334085000E-014, 1.545336663013167300, -1.049999999999994900 ) ) ;
#980 = CARTESIAN_POINT ( 'NONE',  ( -3.369400271153278800E-014, 1.545336663013167300, -21.43749999999994300 ) ) ;
#981 = CARTESIAN_POINT ( 'NONE',  ( -1.154700538379222800, -2.000000000000016400, -6.008333333333316900 ) ) ;
#982 = CARTESIAN_POINT ( 'NONE',  ( -2.158205648456237400E-014, 1.545336663013167300, -21.43749999999994300 ) ) ;
#983 = CARTESIAN_POINT ( 'NONE',  ( 1.338300807568864300, 0.7726683315066025200, -1.866666666666659600 ) ) ;
#984 = CARTESIAN_POINT ( 'NONE',  ( 1.732050807568851200, 1.000000000000045500, -10.00416666666663800 ) ) ;
#985 = EDGE_CURVE ( 'NONE', #7022, #1280, #5629, .T. ) ;
#986 = CARTESIAN_POINT ( 'NONE',  ( 1.784401076758500100, 2.503007529540795600E-014, -4.112499999999988300 ) ) ;
#987 = CARTESIAN_POINT ( 'NONE',  ( -1.154700538379299900, 1.999999999999971800, -19.62916666666661300 ) ) ;
#988 = ORIENTED_EDGE ( 'NONE', *, *, #7857, .T. ) ;
#989 = CARTESIAN_POINT ( 'NONE',  ( -0.8922005383792837000, 1.545336663013148000, -12.89166666666663200 ) ) ;
#990 = CARTESIAN_POINT ( 'NONE',  ( -1.545336663013166200, -4.473870886863219300E-015, -11.46249999999997200 ) ) ;
#991 = CARTESIAN_POINT ( 'NONE',  ( 1.999999999999999600, 0.5358983848622712600, -9.243739260883012700 ) ) ;
#992 = CARTESIAN_POINT ( 'NONE',  ( 2.177130564435878500E-014, -1.545336663013167300, -7.087499999999980800 ) ) ;
#993 = ADVANCED_FACE ( 'NONE', ( #5152 ), #3496, .T. ) ;
#994 = CARTESIAN_POINT ( 'NONE',  ( -1.338300807568886700, 0.7726683315065640000, -19.13333333333328300 ) ) ;
#995 = CARTESIAN_POINT ( 'NONE',  ( -1.545336663013170000, -0.4140717108886037800, -17.03123926088299500 ) ) ;
#996 = CARTESIAN_POINT ( 'NONE',  ( 0.0000000000000000000, 0.0000000000000000000, -22.35000000000000100 ) ) ;
#997 = LINE ( 'NONE', #3945, #513 ) ;
#998 = CARTESIAN_POINT ( 'NONE',  ( -1.999999999999998200, -5.868324150301105800E-015, -11.11249999999997100 ) ) ;
#999 = CARTESIAN_POINT ( 'NONE',  ( 1.732050807568858100, 1.000000000000033500, -11.31666666666663800 ) ) ;
#1000 = VERTEX_POINT ( 'NONE', #3029 ) ;
#1001 = CARTESIAN_POINT ( 'NONE',  ( -1.545336663013164900, 0.4140717108885667600, -10.00626073911693900 ) ) ;
#1002 = CARTESIAN_POINT ( 'NONE',  ( -2.309401076758502900, -3.267715314911616300E-014, -6.124999999999982200 ) ) ;
#1003 = CARTESIAN_POINT ( 'NONE',  ( 1.338300807568886300, -0.7726683315065647800, -2.683333333333324200 ) ) ;
#1004 = ORIENTED_EDGE ( 'NONE', *, *, #3357, .T. ) ;
#1005 = AXIS2_PLACEMENT_3D ( 'NONE', #7504, #1322, #5689 ) ;
#1006 = CARTESIAN_POINT ( 'NONE',  ( -1.732050807568903000, 0.9999999999999553700, -15.37083333333329400 ) ) ;
#1007 = ORIENTED_EDGE ( 'NONE', *, *, #515, .T. ) ;
#1008 = DIRECTION ( 'NONE',  ( 0.0000000000000000000, 0.0000000000000000000, 1.000000000000000000 ) ) ;
#1009 = CC_DESIGN_APPROVAL ( #4144, ( #1735 ) ) ;
#1010 = CARTESIAN_POINT ( 'NONE',  ( -1.154700538379313900, 1.999999999999964000, -18.92916666666661400 ) ) ;
#1011 = CARTESIAN_POINT ( 'NONE',  ( 2.000000000000001800, 4.125257571003747400E-015, -7.962499999999979900 ) ) ;
#1012 = CARTESIAN_POINT ( 'NONE',  ( -1.784401076758500100, -2.524860140211269200E-014, -8.662499999999976600 ) ) ;
#1013 = ORIENTED_EDGE ( 'NONE', *, *, #5654, .T. ) ;
#1014 =( BOUNDED_CURVE ( )  B_SPLINE_CURVE ( 2, ( #2854, #5431, #442, #7959, #2880, #7245, #2298, #5449, #4800 ),
 .UNSPECIFIED., .F., .F. ) 
 B_SPLINE_CURVE_WITH_KNOTS ( ( 3, 2, 2, 2, 3 ),
 ( 0.2573529411764706700, 0.2598039215686274700, 0.2647058823529411800, 0.2696078431372548900, 0.2720588235294118500 ),
 .UNSPECIFIED. ) 
 CURVE ( )  GEOMETRIC_REPRESENTATION_ITEM ( )  RATIONAL_B_SPLINE_CURVE ( ( 0.9330127018922194100, 0.9330127018922216300, 1.000000000000000000, 0.8660254037844387100, 1.000000000000000000, 0.8660254037844387100, 1.000000000000000000, 0.9330127018922170800, 0.9330127018922194100 ) ) 
 REPRESENTATION_ITEM ( '' )  );
#1015 = EDGE_CURVE ( 'NONE', #7682, #2853, #3813, .T. ) ;
#1016 = CARTESIAN_POINT ( 'NONE',  ( -1.545336663013166200, -8.599128457866965900E-015, -20.56249999999995400 ) ) ;
#1017 = LINE ( 'NONE', #3423, #928 ) ;
#1018 = CARTESIAN_POINT ( 'NONE',  ( 2.000000000000003100, 0.5358983848622727000, -9.943739260883013700 ) ) ;
#1019 = CARTESIAN_POINT ( 'NONE',  ( 0.8922005383792722700, -1.545336663013154900, -21.64166666666661200 ) ) ;
#1020 = ORIENTED_EDGE ( 'NONE', *, *, #2957, .T. ) ;
#1021 = CARTESIAN_POINT ( 'NONE',  ( 2.000000000000002200, 5.171097518582162600E-015, -9.362499999999977600 ) ) ;
#1022 =( BOUNDED_CURVE ( )  B_SPLINE_CURVE ( 2, ( #5576, #7470, #4995, #7422, #543, #491, #3727, #7395, #591 ),
 .UNSPECIFIED., .F., .F. ) 
 B_SPLINE_CURVE_WITH_KNOTS ( ( 3, 2, 2, 2, 3 ),
 ( 0.5220588235294119100, 0.5245098039215686500, 0.5294117647058823600, 0.5343137254901960700, 0.5367647058823530300 ),
 .UNSPECIFIED. ) 
 CURVE ( )  GEOMETRIC_REPRESENTATION_ITEM ( )  RATIONAL_B_SPLINE_CURVE ( ( 0.9330127018922194100, 0.9330127018922224100, 1.000000000000000000, 0.8660254037844387100, 1.000000000000000000, 0.8660254037844387100, 1.000000000000000000, 0.9330127018922163000, 0.9330127018922194100 ) ) 
 REPRESENTATION_ITEM ( '' )  );
#1023 = LINE ( 'NONE', #5245, #2677 ) ;
#1024 = ORIENTED_EDGE ( 'NONE', *, *, #437, .F. ) ;
#1025 = CARTESIAN_POINT ( 'NONE',  ( 2.991093258254735900E-014, -1.545336663013167300, -4.287499999999987200 ) ) ;
#1026 = EDGE_CURVE ( 'NONE', #851, #7119, #129, .T. ) ;
#1027 = CARTESIAN_POINT ( 'NONE',  ( 2.000000000000002700, 0.5358983848622737000, -11.34373926088300900 ) ) ;
#1028 = ORIENTED_EDGE ( 'NONE', *, *, #6039, .F. ) ;
#1029 = CARTESIAN_POINT ( 'NONE',  ( 2.000000000000010200, -0.5358983848621931000, -15.60626073911692500 ) ) ;
#1030 = CARTESIAN_POINT ( 'NONE',  ( 0.0000000000000000000, 0.0000000000000000000, 0.0000000000000000000 ) ) ;
#1031 = CARTESIAN_POINT ( 'NONE',  ( -2.793185071074506100E-014, 2.000000000000000000, -7.699999999999978900 ) ) ;
#1032 = ORIENTED_EDGE ( 'NONE', *, *, #130, .F. ) ;
#1033 = CARTESIAN_POINT ( 'NONE',  ( 0.8922005383792722700, -1.545336663013154900, 0.05833333333333579800 ) ) ;
#1034 = DIRECTION ( 'NONE',  ( 0.0000000000000000000, 0.0000000000000000000, 1.000000000000000000 ) ) ;
#1035 = ADVANCED_FACE ( 'NONE', ( #7107 ), #4898, .F. ) ;
#1036 = ORIENTED_EDGE ( 'NONE', *, *, #7029, .T. ) ;
#1037 = CARTESIAN_POINT ( 'NONE',  ( -1.732050807568899400, 0.9999999999999615900, -5.483333333333318300 ) ) ;
#1038 = CARTESIAN_POINT ( 'NONE',  ( 0.0000000000000000000, 0.0000000000000000000, 0.0000000000000000000 ) ) ;
#1039 = ORIENTED_EDGE ( 'NONE', *, *, #3150, .F. ) ;
#1040 = EDGE_CURVE ( 'NONE', #7800, #1728, #4086, .T. ) ;
#1041 = CARTESIAN_POINT ( 'NONE',  ( 2.000000000000006700, -0.5358983848622068700, -16.30626073911692200 ) ) ;
#1042 = CARTESIAN_POINT ( 'NONE',  ( -0.8922005383792279700, -1.545336663013180200, -8.545833333333309400 ) ) ;
#1043 = LINE ( 'NONE', #2860, #7618 ) ;
#1044 = ORIENTED_EDGE ( 'NONE', *, *, #2117, .T. ) ;
#1045 = CARTESIAN_POINT ( 'NONE',  ( -1.154700538379299900, 1.999999999999971800, -20.24166666666661700 ) ) ;
#1046 = LOCAL_TIME ( 8, 0, 44.00000000000000000, #7514 ) ;
#1047 = CARTESIAN_POINT ( 'NONE',  ( 1.338300807568886300, -0.7726683315065647800, -21.58333333333327900 ) ) ;
#1048 = CARTESIAN_POINT ( 'NONE',  ( 0.0000000000000000000, 0.0000000000000000000, -22.00000000000000000 ) ) ;
#1049 = CARTESIAN_POINT ( 'NONE',  ( -0.8922005383792186400, -1.545336663013185100, -15.54583333333329000 ) ) ;
#1050 = ORIENTED_EDGE ( 'NONE', *, *, #340, .T. ) ;
#1051 = CARTESIAN_POINT ( 'NONE',  ( 1.999999999999998200, -3.892848693764099900E-015, -7.262499999999981500 ) ) ;
#1052 = DIRECTION ( 'NONE',  ( 2.503857664561931400E-016, 1.000000000000000000, 0.0000000000000000000 ) ) ;
#1053 = CALENDAR_DATE ( 2021, 9, 9 ) ;
#1054 = CARTESIAN_POINT ( 'NONE',  ( -0.8922005383792789300, 1.545336663013150600, -3.879166666666654900 ) ) ;
#1055 = CARTESIAN_POINT ( 'NONE',  ( 1.732050807568840100, 1.000000000000064800, -21.90416666666661200 ) ) ;
#1056 = CARTESIAN_POINT ( 'NONE',  ( -1.154700538379280800, 1.999999999999983100, -11.14166666666663700 ) ) ;
#1057 =( BOUNDED_CURVE ( )  B_SPLINE_CURVE ( 2, ( #159, #652, #2002, #5056, #4447 ),
 .UNSPECIFIED., .F., .F. ) 
 B_SPLINE_CURVE_WITH_KNOTS ( ( 3, 2, 3 ),
 ( 0.9632352941176473000, 0.9656862745098039300, 0.9684643577782636700 ),
 .UNSPECIFIED. ) 
 CURVE ( )  GEOMETRIC_REPRESENTATION_ITEM ( )  RATIONAL_B_SPLINE_CURVE ( ( 0.9330127018922194100, 0.9330127018922254000, 1.000000000000000000, 0.9240727128343992900, 0.9342058147152705300 ) ) 
 REPRESENTATION_ITEM ( '' )  );
#1058 = CARTESIAN_POINT ( 'NONE',  ( 1.338300807568864300, 0.7726683315066025200, -0.4666666666666629500 ) ) ;
#1059 = EDGE_LOOP ( 'NONE', ( #2406, #7196, #190, #2191 ) ) ;
#1060 = CARTESIAN_POINT ( 'NONE',  ( 1.545336663013172000, 1.353781709920948100E-014, -18.02499999999995600 ) ) ;
#1061 = CYLINDRICAL_SURFACE ( 'NONE', #875, 1.545336663013167300 ) ;
#1062 = CARTESIAN_POINT ( 'NONE',  ( -1.545336663013169100, 9.877377282685029400E-016, -12.07499999999996700 ) ) ;
#1063 = EDGE_CURVE ( 'NONE', #3372, #1163, #2346, .T. ) ;
#1064 = CARTESIAN_POINT ( 'NONE',  ( 1.545336663013172000, 1.353781709920948100E-014, -18.02499999999995600 ) ) ;
#1065 = FACE_OUTER_BOUND ( 'NONE', #6150, .T. ) ;
#1066 = CARTESIAN_POINT ( 'NONE',  ( 1.154700538379280100, -1.999999999999983300, -10.87916666666663800 ) ) ;
#1067 = CARTESIAN_POINT ( 'NONE',  ( -1.545336663013166000, 8.366719580627318400E-015, -7.874999999999981300 ) ) ;
#1068 = CARTESIAN_POINT ( 'NONE',  ( 1.732050807568899200, -0.9999999999999622500, -14.32083333333329600 ) ) ;
#1069 = CARTESIAN_POINT ( 'NONE',  ( 1.338300807568886300, -0.7726683315065647800, -20.18333333333328400 ) ) ;
#1070 = EDGE_CURVE ( 'NONE', #2893, #6641, #3580, .T. ) ;
#1071 = CARTESIAN_POINT ( 'NONE',  ( -1.732050807568847900, -1.000000000000051500, -9.654166666666640100 ) ) ;
#1072 = VERTEX_POINT ( 'NONE', #4379 ) ;
#1073 = ORIENTED_EDGE ( 'NONE', *, *, #745, .F. ) ;
#1074 = DIRECTION ( 'NONE',  ( 0.0000000000000000000, 0.0000000000000000000, -1.000000000000000000 ) ) ;
#1075 = ADVANCED_FACE ( 'NONE', ( #3072 ), #1194, .T. ) ;
#1076 = CARTESIAN_POINT ( 'NONE',  ( -1.154700538379222800, -2.000000000000016400, -10.20833333333330600 ) ) ;
#1077 = CARTESIAN_POINT ( 'NONE',  ( 1.338300807568886300, -0.7726683315065647800, -3.383333333333322200 ) ) ;
#1078 = ORIENTED_EDGE ( 'NONE', *, *, #7744, .T. ) ;
#1079 = CARTESIAN_POINT ( 'NONE',  ( 5.944145377855908300E-014, -1.545336663013167300, -18.19999999999995300 ) ) ;
#1080 = EDGE_CURVE ( 'NONE', #583, #552, #2209, .T. ) ;
#1081 = ORIENTED_EDGE ( 'NONE', *, *, #7376, .F. ) ;
#1082 = CARTESIAN_POINT ( 'NONE',  ( 1.338300807568896700, -0.7726683315065466800, -11.17083333333330400 ) ) ;
#1083 = CARTESIAN_POINT ( 'NONE',  ( 1.500000000000000000, 0.8660254037844396000, -26.00000000000000000 ) ) ;
#1084 = CARTESIAN_POINT ( 'NONE',  ( 1.732050807568891200, -0.9999999999999753500, -8.720833333333310100 ) ) ;
#1085 = EDGE_LOOP ( 'NONE', ( #7353, #1271, #3748, #333 ) ) ;
#1086 = CARTESIAN_POINT ( 'NONE',  ( 1.545336663013169100, 3.166570952390200700E-015, -8.224999999999980100 ) ) ;
#1087 = DIRECTION ( 'NONE',  ( -1.000000000000000000, 0.0000000000000000000, 0.0000000000000000000 ) ) ;
#1088 = CARTESIAN_POINT ( 'NONE',  ( -2.000000000000001800, 3.137519842735244800E-015, -9.624999999999976900 ) ) ;
#1089 = CARTESIAN_POINT ( 'NONE',  ( 1.338300807568886300, -0.7726683315065647800, -20.88333333333328300 ) ) ;
#1090 = ORIENTED_EDGE ( 'NONE', *, *, #2341, .F. ) ;
#1091 = AXIS2_PLACEMENT_3D ( 'NONE', #5130, #5857, #7614 ) ;
#1092 = EDGE_LOOP ( 'NONE', ( #2400, #607, #1475, #7254 ) ) ;
#1093 = ORIENTED_EDGE ( 'NONE', *, *, #608, .F. ) ;
#1094 = CARTESIAN_POINT ( 'NONE',  ( -1.154700538379184200, -2.000000000000038600, -13.00833333333330100 ) ) ;
#1095 =( BOUNDED_CURVE ( )  B_SPLINE_CURVE ( 2, ( #5102, #5741, #3893, #3253, #4464, #693, #6915, #640, #88 ),
 .UNSPECIFIED., .F., .F. ) 
 B_SPLINE_CURVE_WITH_KNOTS ( ( 3, 2, 2, 2, 3 ),
 ( 0.3602941176470589300, 0.3627450980392156700, 0.3676470588235294400, 0.3725490196078431500, 0.3750000000000001100 ),
 .UNSPECIFIED. ) 
 CURVE ( )  GEOMETRIC_REPRESENTATION_ITEM ( )  RATIONAL_B_SPLINE_CURVE ( ( 0.9330127018922194100, 0.9330127018922224100, 1.000000000000000000, 0.8660254037844387100, 1.000000000000000000, 0.8660254037844387100, 1.000000000000000000, 0.9330127018922163000, 0.9330127018922194100 ) ) 
 REPRESENTATION_ITEM ( '' )  );
#1096 = CARTESIAN_POINT ( 'NONE',  ( -1.545336663013164900, 0.4140717108885667600, -10.09376073911694000 ) ) ;
#1097 = CARTESIAN_POINT ( 'NONE',  ( 1.545336663013175300, -0.4140717108885439400, -15.25626073911692500 ) ) ;
#1098 = CARTESIAN_POINT ( 'NONE',  ( -1.732050807568862800, -1.000000000000025100, -10.96666666666663800 ) ) ;
#1100 =( BOUNDED_CURVE ( )  B_SPLINE_CURVE ( 2, ( #7180, #293, #5309, #3979, #5276, #1522, #1459, #6597, #5242 ),
 .UNSPECIFIED., .F., .F. ) 
 B_SPLINE_CURVE_WITH_KNOTS ( ( 3, 2, 2, 2, 3 ),
 ( 0.1102941176470589000, 0.1127450980392156900, 0.1176470588235294100, 0.1225490196078431300, 0.1250000000000000600 ),
 .UNSPECIFIED. ) 
 CURVE ( )  GEOMETRIC_REPRESENTATION_ITEM ( )  RATIONAL_B_SPLINE_CURVE ( ( 0.9330127018922193000, 0.9330127018922214100, 1.000000000000000000, 0.8660254037844387100, 1.000000000000000000, 0.8660254037844387100, 1.000000000000000000, 0.9330127018922176300, 0.9330127018922194100 ) ) 
 REPRESENTATION_ITEM ( '' )  );
#1099 = CARTESIAN_POINT ( 'NONE',  ( -1.732050807568904900, 0.9999999999999519300, -21.58333333333328200 ) ) ;
#1101 = CARTESIAN_POINT ( 'NONE',  ( 0.8922005383792283000, 1.545336663013179700, -5.308333333333318500 ) ) ;
#1102 = ORIENTED_EDGE ( 'NONE', *, *, #549, .T. ) ;
#1103 = AXIS2_PLACEMENT_3D ( 'NONE', #7762, #4020, #763 ) ;
#1104 = CARTESIAN_POINT ( 'NONE',  ( -1.500000000000000200, -0.8660254037844387100, -23.75000000000000000 ) ) ;
#1105 = CONICAL_SURFACE ( 'NONE', #6024, 1.732050807568877400, 0.7853981633974500600 ) ;
#1106 = CARTESIAN_POINT ( 'NONE',  ( -0.8922005383792792600, 1.545336663013150400, -4.491666666666652900 ) ) ;
#1107 = CARTESIAN_POINT ( 'NONE',  ( -1.784401076758500100, -2.524860140211269200E-014, -20.56249999999995000 ) ) ;
#1108 = ORIENTED_EDGE ( 'NONE', *, *, #2570, .F. ) ;
#1109 = CARTESIAN_POINT ( 'NONE',  ( 1.732050807568891200, -0.9999999999999753500, -19.13333333333328700 ) ) ;
#1110 = CARTESIAN_POINT ( 'NONE',  ( 1.545336663013168900, 9.470661747515645500E-015, -6.912499999999981000 ) ) ;
#1111 = CARTESIAN_POINT ( 'NONE',  ( -2.000000000000000000, 2.449293598294706400E-016, -22.00000000000000000 ) ) ;
#1112 = CONICAL_SURFACE ( 'NONE', #647, 1.732050807568877400, 0.7853981633974500600 ) ;
#1113 = CARTESIAN_POINT ( 'NONE',  ( -2.000000000000001800, -0.5358983848622622700, -6.793739260883018700 ) ) ;
#1114 = CARTESIAN_POINT ( 'NONE',  ( 1.154700538379280100, -1.999999999999983300, -8.779166666666641900 ) ) ;
#1115 = ADVANCED_FACE ( 'NONE', ( #3386 ), #6063, .T. ) ;
#1116 = EDGE_CURVE ( 'NONE', #2233, #222, #1800, .T. ) ;
#1117 = ORIENTED_EDGE ( 'NONE', *, *, #4840, .T. ) ;
#1118 = VERTEX_POINT ( 'NONE', #4458 ) ;
#1119 = CARTESIAN_POINT ( 'NONE',  ( 2.000000000000000000, 0.0000000000000000000, -22.00000000000000000 ) ) ;
#1120 = ORIENTED_EDGE ( 'NONE', *, *, #7175, .F. ) ;
#1121 = CARTESIAN_POINT ( 'NONE',  ( -1.338300807568886700, 0.7726683315065640000, -22.63333333333327600 ) ) ;
#1122 = CARTESIAN_POINT ( 'NONE',  ( 1.154700538379321400, -1.999999999999959800, -19.97916666666661500 ) ) ;
#1123 = EDGE_LOOP ( 'NONE', ( #5589, #1020, #2870, #152 ) ) ;
#1124 = CYLINDRICAL_SURFACE ( 'NONE', #8153, 2.000000000000000000 ) ;
#1125 = DIRECTION ( 'NONE',  ( -0.0000000000000000000, -0.0000000000000000000, -1.000000000000000000 ) ) ;
#1126 = EDGE_CURVE ( 'NONE', #3082, #899, #3764, .T. ) ;
#1127 = CARTESIAN_POINT ( 'NONE',  ( -1.732050807568846600, -1.000000000000053100, -13.06666666666663400 ) ) ;
#1128 = CARTESIAN_POINT ( 'NONE',  ( 0.8922005383792283000, 1.545336663013179700, -6.008333333333316000 ) ) ;
#1129 = ORIENTED_EDGE ( 'NONE', *, *, #6225, .T. ) ;
#1130 = CARTESIAN_POINT ( 'NONE',  ( -0.1171973830342271100, -1.664386866925746400, -25.93233605935687100 ) ) ;
#1131 = CARTESIAN_POINT ( 'NONE',  ( -1.338300807568886700, 0.7726683315065640000, -22.02083333333327500 ) ) ;
#1132 = CARTESIAN_POINT ( 'NONE',  ( -1.154700538379280800, 1.999999999999983100, -16.04166666666662900 ) ) ;
#1133 = CARTESIAN_POINT ( 'NONE',  ( 1.154700538379208800, 2.000000000000024000, -8.458333333333312600 ) ) ;
#1134 = CARTESIAN_POINT ( 'NONE',  ( 0.0000000000000000000, 0.0000000000000000000, 0.0000000000000000000 ) ) ;
#1135 = CARTESIAN_POINT ( 'NONE',  ( 1.999999999999998200, -3.892848693764099900E-015, -7.262499999999981500 ) ) ;
#1136 = ORIENTED_EDGE ( 'NONE', *, *, #2971, .T. ) ;
#1137 = CARTESIAN_POINT ( 'NONE',  ( -1.154700538379222800, -2.000000000000016400, -10.99583333333330200 ) ) ;
#1138 = APPROVAL_PERSON_ORGANIZATION ( #3421, #5403, #6488 ) ;
#1139 = DIRECTION ( 'NONE',  ( -1.000000000000000000, 0.0000000000000000000, 0.0000000000000000000 ) ) ;
#1140 = ORIENTED_EDGE ( 'NONE', *, *, #6723, .T. ) ;
#1141 = FACE_OUTER_BOUND ( 'NONE', #7021, .T. ) ;
#1142 = FACE_OUTER_BOUND ( 'NONE', #7151, .T. ) ;
#1143 = CARTESIAN_POINT ( 'NONE',  ( 2.817678007057453700E-014, -2.000000000000000000, 0.2625000000000025100 ) ) ;
#1144 = DIRECTION ( 'NONE',  ( -0.0000000000000000000, -0.0000000000000000000, 1.000000000000000000 ) ) ;
#1145 = CARTESIAN_POINT ( 'NONE',  ( -1.732050807568901400, 0.9999999999999579200, -11.17083333333330400 ) ) ;
#1146 = CIRCLE ( 'NONE', #1180, 3.500000000000000000 ) ;
#1147 = CARTESIAN_POINT ( 'NONE',  ( -6.615073453432789900E-014, 2.000000000000000000, -12.68749999999996600 ) ) ;
#1149 = CARTESIAN_POINT ( 'NONE',  ( -1.999999999999998200, -6.797959659259696400E-015, -13.12499999999997000 ) ) ;
#1148 = VECTOR ( 'NONE', #5275, 1000.000000000000000 ) ;
#1150 = ADVANCED_FACE ( 'NONE', ( #7688 ), #1889, .T. ) ;
#1151 = PRODUCT_RELATED_PRODUCT_CATEGORY ( 'detail', '', ( #3705 ) ) ;
#1152 = CARTESIAN_POINT ( 'NONE',  ( -1.545336663013166400, 5.694017492371369400E-015, -10.06249999999997500 ) ) ;
#1153 = DIRECTION ( 'NONE',  ( -0.0000000000000000000, -0.0000000000000000000, -1.000000000000000000 ) ) ;
#1154 = CARTESIAN_POINT ( 'NONE',  ( -1.338300807568886700, 0.7726683315065640000, -5.133333333333318600 ) ) ;
#1155 = CARTESIAN_POINT ( 'NONE',  ( -0.8922005383792279700, -1.545336663013180200, -20.44583333333328000 ) ) ;
#1156 = CARTESIAN_POINT ( 'NONE',  ( 1.154700538379223000, 2.000000000000016000, -17.55833333333329100 ) ) ;
#1157 =( BOUNDED_CURVE ( )  B_SPLINE_CURVE ( 2, ( #2627, #7085, #4059, #3419, #7258, #7891, #7803, #313, #2887 ),
 .UNSPECIFIED., .F., .F. ) 
 B_SPLINE_CURVE_WITH_KNOTS ( ( 3, 2, 2, 2, 3 ),
 ( 0.7573529411764706700, 0.7598039215686274200, 0.7647058823529411200, 0.7696078431372549400, 0.7720588235294119100 ),
 .UNSPECIFIED. ) 
 CURVE ( )  GEOMETRIC_REPRESENTATION_ITEM ( )  RATIONAL_B_SPLINE_CURVE ( ( 0.9330127018922194100, 0.9330127018922224100, 1.000000000000000000, 0.8660254037844387100, 1.000000000000000000, 0.8660254037844387100, 1.000000000000000000, 0.9330127018922163000, 0.9330127018922194100 ) ) 
 REPRESENTATION_ITEM ( '' )  );
#1158 = CARTESIAN_POINT ( 'NONE',  ( -1.732050807568893000, 0.9999999999999722400, -8.283333333333311900 ) ) ;
#1159 = EDGE_CURVE ( 'NONE', #7880, #3682, #2950, .T. ) ;
#1160 = CARTESIAN_POINT ( 'NONE',  ( 1.545336663013167500, -3.544235377904629100E-015, -2.624999999999994200 ) ) ;
#1161 = CARTESIAN_POINT ( 'NONE',  ( 0.8737278025849347700, -1.799055231778638600, -22.00000000000000000 ) ) ;
#1162 = CARTESIAN_POINT ( 'NONE',  ( 1.154700538379223000, 2.000000000000016000, -15.54583333333329200 ) ) ;
#1163 = VERTEX_POINT ( 'NONE', #5037 ) ;
#1164 = CARTESIAN_POINT ( 'NONE',  ( -1.338300807568901400, 0.7726683315065388000, -17.73333333333328800 ) ) ;
#1165 = CARTESIAN_POINT ( 'NONE',  ( -1.545336663013170000, -0.4140717108886037800, -16.94373926088299600 ) ) ;
#1166 = CARTESIAN_POINT ( 'NONE',  ( 0.0000000000000000000, 0.0000000000000000000, -22.00000000000000000 ) ) ;
#1167 = EDGE_CURVE ( 'NONE', #1821, #4466, #6754, .T. ) ;
#1168 = CARTESIAN_POINT ( 'NONE',  ( 0.0000000000000000000, 0.0000000000000000000, -22.00000000000000000 ) ) ;
#1169 = AXIS2_PLACEMENT_3D ( 'NONE', #4655, #7082, #189 ) ;
#1170 = CARTESIAN_POINT ( 'NONE',  ( -1.545336663013169100, -7.640441839253419300E-015, -10.67499999999997400 ) ) ;
#1171 = CARTESIAN_POINT ( 'NONE',  ( -2.000000000000000000, -2.672702088255949100E-015, -5.424999999999986500 ) ) ;
#1172 = CARTESIAN_POINT ( 'NONE',  ( -1.732050807568909600, 0.9999999999999433800, -14.67083333333329500 ) ) ;
#1173 = CARTESIAN_POINT ( 'NONE',  ( 1.545336663013167500, 4.764381983412778700E-015, -2.012499999999994800 ) ) ;
#1174 = CARTESIAN_POINT ( 'NONE',  ( -1.338300807568864000, -0.7726683315066029700, -5.716666666666649900 ) ) ;
#1175 = LINE ( 'NONE', #2599, #3254 ) ;
#1176 =( BOUNDED_CURVE ( )  B_SPLINE_CURVE ( 2, ( #3614, #2388, #1195, #6228, #3025, #6801, #4325, #7409, #1171 ),
 .UNSPECIFIED., .F., .F. ) 
 B_SPLINE_CURVE_WITH_KNOTS ( ( 3, 2, 2, 2, 3 ),
 ( 0.2426470588235294900, 0.2450980392156862600, 0.2500000000000000000, 0.2549019607843137100, 0.2573529411764706700 ),
 .UNSPECIFIED. ) 
 CURVE ( )  GEOMETRIC_REPRESENTATION_ITEM ( )  RATIONAL_B_SPLINE_CURVE ( ( 0.9330127018922194100, 0.9330127018922216300, 1.000000000000000000, 0.8660254037844387100, 1.000000000000000000, 0.8660254037844387100, 1.000000000000000000, 0.9330127018922170800, 0.9330127018922194100 ) ) 
 REPRESENTATION_ITEM ( '' )  );
#1177 = CARTESIAN_POINT ( 'NONE',  ( 2.177130564435878500E-014, -1.545336663013167300, -22.48749999999994400 ) ) ;
#1178 = ORIENTED_EDGE ( 'NONE', *, *, #4623, .T. ) ;
#1179 = CARTESIAN_POINT ( 'NONE',  ( 2.817678007057453100E-014, -2.000000000000000000, -15.74999999999996300 ) ) ;
#1180 = AXIS2_PLACEMENT_3D ( 'NONE', #3059, #7364, #7451 ) ;
#1181 = CARTESIAN_POINT ( 'NONE',  ( -1.545336663013166200, -5.258250847547030400E-015, -12.86249999999996500 ) ) ;
#1182 = DIRECTION ( 'NONE',  ( 0.0000000000000000000, 0.0000000000000000000, 1.000000000000000000 ) ) ;
#1183 = DIRECTION ( 'NONE',  ( -0.0000000000000000000, -0.0000000000000000000, -1.000000000000000000 ) ) ;
#1184 = ORIENTED_EDGE ( 'NONE', *, *, #3456, .F. ) ;
#1185 = CARTESIAN_POINT ( 'NONE',  ( 1.154700538379223000, 2.000000000000016000, -12.04583333333330100 ) ) ;
#1186 = CARTESIAN_POINT ( 'NONE',  ( 1.999999999999998200, 0.0000000000000000000, -12.86249999999996500 ) ) ;
#1187 = FACE_OUTER_BOUND ( 'NONE', #6346, .T. ) ;
#1188 = DIRECTION ( 'NONE',  ( 1.000000000000000000, 0.0000000000000000000, 0.0000000000000000000 ) ) ;
#1189 = CARTESIAN_POINT ( 'NONE',  ( -2.793185071074506700E-014, 2.000000000000000000, -0.08749999999999665000 ) ) ;
#1190 = CARTESIAN_POINT ( 'NONE',  ( 2.000000000000007500, -0.5358983848622028700, -21.29376073911690500 ) ) ;
#1191 = ORIENTED_EDGE ( 'NONE', *, *, #4437, .F. ) ;
#1192 = CARTESIAN_POINT ( 'NONE',  ( -1.545336663013166400, 5.694017492371369400E-015, -10.06249999999997500 ) ) ;
#1193 = CARTESIAN_POINT ( 'NONE',  ( -1.545336663013166600, 0.4140717108885639800, -7.293760739116944300 ) ) ;
#1194 = CYLINDRICAL_SURFACE ( 'NONE', #4806, 2.000000000000000000 ) ;
#1195 = CARTESIAN_POINT ( 'NONE',  ( 1.732050807568895600, -0.9999999999999681400, -5.133333333333318600 ) ) ;
#1196 = ORIENTED_EDGE ( 'NONE', *, *, #7744, .F. ) ;
#1197 = CARTESIAN_POINT ( 'NONE',  ( 2.000000000000002200, 0.5358983848622763700, -14.93123926088299800 ) ) ;
#1198 = CARTESIAN_POINT ( 'NONE',  ( -1.154700538379286800, 1.999999999999979600, -0.7291666666666618600 ) ) ;
#1199 = DIRECTION ( 'NONE',  ( -0.0000000000000000000, -0.0000000000000000000, -1.000000000000000000 ) ) ;
#1200 = CARTESIAN_POINT ( 'NONE',  ( 0.8922005383792722700, -1.545336663013154900, -8.341666666666643700 ) ) ;
#1201 = EDGE_CURVE ( 'NONE', #409, #2513, #5259, .T. ) ;
#1202 = ORIENTED_EDGE ( 'NONE', *, *, #4383, .F. ) ;
#1203 = CARTESIAN_POINT ( 'NONE',  ( 1.154700538379280100, -1.999999999999983300, -0.9916666666666623700 ) ) ;
#1204 = CARTESIAN_POINT ( 'NONE',  ( -2.309401076758502900, -3.267715314911616300E-014, -18.72499999999995200 ) ) ;
#1205 = ORIENTED_EDGE ( 'NONE', *, *, #2131, .F. ) ;
#1206 = CARTESIAN_POINT ( 'NONE',  ( 2.000000000000001800, 4.125257571003747400E-015, -8.574999999999981500 ) ) ;
#1207 = CARTESIAN_POINT ( 'NONE',  ( 1.500000000000000000, -0.8660254037844387100, -23.75000000000000000 ) ) ;
#1208 = EDGE_LOOP ( 'NONE', ( #4983, #6823, #5376, #2949 ) ) ;
#1209 = CIRCLE ( 'NONE', #4874, 3.500000000000000000 ) ;
#1210 = CARTESIAN_POINT ( 'NONE',  ( -1.732050807568862800, -1.000000000000025100, -12.45416666666663400 ) ) ;
#1211 = EDGE_LOOP ( 'NONE', ( #4218, #3793 ) ) ;
#1212 = EDGE_CURVE ( 'NONE', #5564, #3568, #4183, .T. ) ;
#1213 = CARTESIAN_POINT ( 'NONE',  ( -2.000000000000000000, 2.449293598294706400E-016, -22.00000000000000000 ) ) ;
#1214 = ORIENTED_EDGE ( 'NONE', *, *, #8131, .T. ) ;
#1215 = ORIENTED_EDGE ( 'NONE', *, *, #644, .F. ) ;
#1216 = CARTESIAN_POINT ( 'NONE',  ( 0.1893015199821120600, -1.929379351181710800, -21.99999999999998200 ) ) ;
#1217 = CARTESIAN_POINT ( 'NONE',  ( 1.338300807568898200, -0.7726683315065440100, -16.68333333333329100 ) ) ;
#1218 = CIRCLE ( 'NONE', #7534, 3.149999999999999900 ) ;
#1219 = CARTESIAN_POINT ( 'NONE',  ( 3.293891913928996700E-014, -1.545336663013167300, -9.887499999999974400 ) ) ;
#1220 = VERTEX_POINT ( 'NONE', #1427 ) ;
#1221 = CARTESIAN_POINT ( 'NONE',  ( 1.999999999999998200, 1.016788837923459000E-014, -10.67499999999997400 ) ) ;
#1222 = EDGE_CURVE ( 'NONE', #2549, #5819, #970, .T. ) ;
#1223 = CARTESIAN_POINT ( 'NONE',  ( -1.545336663013169100, -7.640441839253419300E-015, -10.76249999999997100 ) ) ;
#1224 = PERSON_AND_ORGANIZATION ( #8118, #275 ) ;
#1225 = ADVANCED_FACE ( 'NONE', ( #229 ), #6736, .T. ) ;
#1226 = CARTESIAN_POINT ( 'NONE',  ( 1.154700538379202800, 2.000000000000028400, -16.24583333333329100 ) ) ;
#1227 =( BOUNDED_CURVE ( )  B_SPLINE_CURVE ( 2, ( #7980, #5447, #5498, #6113, #1638, #5471, #2253, #2293, #2902 ),
 .UNSPECIFIED., .F., .T. ) 
 B_SPLINE_CURVE_WITH_KNOTS ( ( 3, 2, 2, 2, 3 ),
 ( 0.4485294117647060100, 0.4509803921568627500, 0.4558823529411764600, 0.4607843137254901700, 0.4632352941176471900 ),
 .UNSPECIFIED. ) 
 CURVE ( )  GEOMETRIC_REPRESENTATION_ITEM ( )  RATIONAL_B_SPLINE_CURVE ( ( 0.9330127018922194100, 0.9330127018922224100, 1.000000000000000000, 0.8660254037844387100, 1.000000000000000000, 0.8660254037844387100, 1.000000000000000000, 0.9330127018922156300, 0.9330127018922194100 ) ) 
 REPRESENTATION_ITEM ( '' )  );
#1228 = CARTESIAN_POINT ( 'NONE',  ( 3.142492586091867000E-014, -1.545336663013167300, -7.087499999999980800 ) ) ;
#1229 = CARTESIAN_POINT ( 'NONE',  ( -2.158205648456237700E-014, 1.545336663013167300, -7.349999999999979200 ) ) ;
#1230 = ORIENTED_EDGE ( 'NONE', *, *, #5203, .T. ) ;
#1231 = CARTESIAN_POINT ( 'NONE',  ( -1.338300807568902000, 0.7726683315065374600, -20.53333333333328200 ) ) ;
#1232 = CARTESIAN_POINT ( 'NONE',  ( -1.732050807568891800, 0.9999999999999742400, -0.5833333333333300400 ) ) ;
#1233 = CARTESIAN_POINT ( 'NONE',  ( -1.732050807568891800, 0.9999999999999742400, -22.98333333333327700 ) ) ;
#1234 = CARTESIAN_POINT ( 'NONE',  ( -1.338300807568894000, 0.7726683315065512300, -11.43333333333330200 ) ) ;
#1235 = ORIENTED_EDGE ( 'NONE', *, *, #3264, .F. ) ;
#1236 = CARTESIAN_POINT ( 'NONE',  ( 0.0000000000000000000, 0.0000000000000000000, -22.00000000000000000 ) ) ;
#1237 = CARTESIAN_POINT ( 'NONE',  ( -1.732050807568862800, -1.000000000000025100, -13.85416666666662900 ) ) ;
#1238 = VECTOR ( 'NONE', #7088, 1000.000000000000000 ) ;
#1239 = CARTESIAN_POINT ( 'NONE',  ( -0.8922005383792155400, -1.545336663013186800, -21.05833333333328000 ) ) ;
#1240 = CARTESIAN_POINT ( 'NONE',  ( 0.01378768764244476900, -1.922951468835823400, -22.00000000000017400 ) ) ;
#1241 = CARTESIAN_POINT ( 'NONE',  ( -0.8922005383791958800, -1.545336663013198200, -16.85833333333329200 ) ) ;
#1242 = CARTESIAN_POINT ( 'NONE',  ( -1.338300807568859600, -0.7726683315066109600, -3.616666666666655100 ) ) ;
#1243 = CARTESIAN_POINT ( 'NONE',  ( 2.000000000000000400, -4.009053132383925200E-015, -3.062499999999992000 ) ) ;
#1244 =( BOUNDED_CURVE ( )  B_SPLINE_CURVE ( 2, ( #2230, #876, #4111, #4145, #2855, #244, #7828, #7884, #367 ),
 .UNSPECIFIED., .F., .F. ) 
 B_SPLINE_CURVE_WITH_KNOTS ( ( 3, 2, 2, 2, 3 ),
 ( 0.5661764705882353900, 0.5686274509803921400, 0.5735294117647058400, 0.5784313725490196600, 0.5808823529411766300 ),
 .UNSPECIFIED. ) 
 CURVE ( )  GEOMETRIC_REPRESENTATION_ITEM ( )  RATIONAL_B_SPLINE_CURVE ( ( 0.9330127018922194100, 0.9330127018922224100, 1.000000000000000000, 0.8660254037844387100, 1.000000000000000000, 0.8660254037844387100, 1.000000000000000000, 0.9330127018922163000, 0.9330127018922194100 ) ) 
 REPRESENTATION_ITEM ( '' )  );
#1245 = ORIENTED_EDGE ( 'NONE', *, *, #681, .T. ) ;
#1246 = CARTESIAN_POINT ( 'NONE',  ( -1.338300807568845000, -0.7726683315066365000, -17.61666666666662100 ) ) ;
#1247 = CARTESIAN_POINT ( 'NONE',  ( 0.8922005383792283000, 1.545336663013179700, -10.20833333333330600 ) ) ;
#1248 =( BOUNDED_CURVE ( )  B_SPLINE_CURVE ( 2, ( #5587, #5633, #4391, #7459, #6876, #6276, #3678, #8071, #2431 ),
 .UNSPECIFIED., .F., .F. ) 
 B_SPLINE_CURVE_WITH_KNOTS ( ( 3, 2, 2, 2, 3 ),
 ( 0.3161764705882353900, 0.3186274509803921400, 0.3235294117647059000, 0.3284313725490196100, 0.3308823529411765200 ),
 .UNSPECIFIED. ) 
 CURVE ( )  GEOMETRIC_REPRESENTATION_ITEM ( )  RATIONAL_B_SPLINE_CURVE ( ( 0.9330127018922194100, 0.9330127018922224100, 1.000000000000000000, 0.8660254037844387100, 1.000000000000000000, 0.8660254037844387100, 1.000000000000000000, 0.9330127018922178600, 0.9330127018922194100 ) ) 
 REPRESENTATION_ITEM ( '' )  );
#1249 = CARTESIAN_POINT ( 'NONE',  ( -1.545336663013168200, -0.4140717108885987900, -9.331239260883013000 ) ) ;
#1250 = ORIENTED_EDGE ( 'NONE', *, *, #807, .T. ) ;
#1251 = CARTESIAN_POINT ( 'NONE',  ( -1.154700538379280800, 1.999999999999983100, -2.041666666666659900 ) ) ;
#1252 = CARTESIAN_POINT ( 'NONE',  ( 0.8922005383792283000, 1.545336663013179700, -18.69583333333328700 ) ) ;
#1253 = CARTESIAN_POINT ( 'NONE',  ( -1.154700538379280800, 1.999999999999983100, -23.04166666666660700 ) ) ;
#1254 = CARTESIAN_POINT ( 'NONE',  ( 0.0000000000000000000, 0.0000000000000000000, 0.0000000000000000000 ) ) ;
#1255 = EDGE_CURVE ( 'NONE', #7670, #4260, #5905, .T. ) ;
#1256 = ORIENTED_EDGE ( 'NONE', *, *, #4479, .F. ) ;
#1257 = CARTESIAN_POINT ( 'NONE',  ( -2.000000000000000400, -2.149782114466741500E-015, -4.112499999999989200 ) ) ;
#1258 = CARTESIAN_POINT ( 'NONE',  ( 2.309401076758502900, 3.239433308545619500E-014, -12.16249999999996800 ) ) ;
#1259 = ADVANCED_FACE ( 'NONE', ( #1398 ), #2575, .T. ) ;
#1260 = ORIENTED_EDGE ( 'NONE', *, *, #5953, .T. ) ;
#1261 = CARTESIAN_POINT ( 'NONE',  ( 1.999999999999998200, -5.810221930991193700E-016, -14.17499999999996700 ) ) ;
#1262 = CARTESIAN_POINT ( 'NONE',  ( -1.999999999999998200, -3.892848693764099900E-015, -8.924999999999977600 ) ) ;
#1263 = CARTESIAN_POINT ( 'NONE',  ( 2.000000000000006200, 1.958044790744032300E-014, -21.17499999999994400 ) ) ;
#1264 = CARTESIAN_POINT ( 'NONE',  ( 1.154700538379223000, 2.000000000000016000, -0.8458333333333283300 ) ) ;
#1265 = CARTESIAN_POINT ( 'NONE',  ( 0.6162907893786161400, 1.376235154422046600, -25.76827416960032500 ) ) ;
#1266 = CARTESIAN_POINT ( 'NONE',  ( 1.154700538379204800, 2.000000000000027100, -13.44583333333329700 ) ) ;
#1267 = EDGE_CURVE ( 'NONE', #34, #6247, #2692, .T. ) ;
#1268 = VERTEX_POINT ( 'NONE', #2779 ) ;
#1269 = CARTESIAN_POINT ( 'NONE',  ( -1.732050807568854500, -1.000000000000039700, -10.35416666666663800 ) ) ;
#1270 = CARTESIAN_POINT ( 'NONE',  ( -1.999999999999998200, 2.051008341639891300E-014, -20.91249999999994800 ) ) ;
#1271 = ORIENTED_EDGE ( 'NONE', *, *, #762, .F. ) ;
#1272 = CARTESIAN_POINT ( 'NONE',  ( 0.8922005383792261900, 1.545336663013181100, -1.895833333333327000 ) ) ;
#1273 = CARTESIAN_POINT ( 'NONE',  ( -1.999999999999998200, -1.028409281785441300E-014, -16.62499999999996400 ) ) ;
#1274 = CARTESIAN_POINT ( 'NONE',  ( -1.784401076758500100, -2.524860140211269500E-014, -9.974999999999971200 ) ) ;
#1275 = CARTESIAN_POINT ( 'NONE',  ( 0.8922005383792022100, 1.545336663013194800, -15.80833333333329300 ) ) ;
#1276 = ORIENTED_EDGE ( 'NONE', *, *, #4155, .T. ) ;
#1277 = AXIS2_PLACEMENT_3D ( 'NONE', #5365, #2822, #2789 ) ;
#1278 = CARTESIAN_POINT ( 'NONE',  ( 1.154700538379280100, -1.999999999999983300, -3.091666666666657000 ) ) ;
#1279 = CARTESIAN_POINT ( 'NONE',  ( 2.177130564435878500E-014, -1.545336663013167300, -18.28749999999994800 ) ) ;
#1280 = VERTEX_POINT ( 'NONE', #7635 ) ;
#1281 = CARTESIAN_POINT ( 'NONE',  ( 1.732050807568891200, -0.9999999999999753500, -19.83333333333328200 ) ) ;
#1282 = CARTESIAN_POINT ( 'NONE',  ( 1.338300807568897100, -0.7726683315065460100, -12.48333333333330100 ) ) ;
#1283 = VERTEX_POINT ( 'NONE', #6395 ) ;
#1284 = DIRECTION ( 'NONE',  ( -0.0000000000000000000, -0.0000000000000000000, 1.000000000000000000 ) ) ;
#1285 = CARTESIAN_POINT ( 'NONE',  ( -1.154700538379222800, -2.000000000000016400, -15.89583333333329000 ) ) ;
#1286 = ORIENTED_EDGE ( 'NONE', *, *, #6685, .F. ) ;
#1287 = CARTESIAN_POINT ( 'NONE',  ( -1.732050807568860500, -1.000000000000029500, -14.46666666666662900 ) ) ;
#1288 = LINE ( 'NONE', #1452, #925 ) ;
#1289 = CARTESIAN_POINT ( 'NONE',  ( 0.8922005383793026900, -1.545336663013136900, -17.52916666666662200 ) ) ;
#1290 = CARTESIAN_POINT ( 'NONE',  ( 1.545336663013167700, -2.324088772396478200E-016, -1.224999999999996300 ) ) ;
#1291 = CARTESIAN_POINT ( 'NONE',  ( -2.309401076758502900, -3.267715314911616300E-014, -3.412499999999989000 ) ) ;
#1292 = CARTESIAN_POINT ( 'NONE',  ( 0.8922005383792256400, 1.545336663013181500, -2.595833333333325200 ) ) ;
#1293 = CARTESIAN_POINT ( 'NONE',  ( -1.999999999999998200, -1.121372832681300300E-014, -20.21249999999994900 ) ) ;
#1294 = ORIENTED_EDGE ( 'NONE', *, *, #5010, .F. ) ;
#1295 = CARTESIAN_POINT ( 'NONE',  ( -1.999999999999988200, 0.5358983848622187500, -18.14376073911691700 ) ) ;
#1296 = CC_DESIGN_APPROVAL ( #5403, ( #4021 ) ) ;
#1297 = ORIENTED_EDGE ( 'NONE', *, *, #4149, .F. ) ;
#1298 = ORIENTED_EDGE ( 'NONE', *, *, #4650, .F. ) ;
#1299 = VECTOR ( 'NONE', #619, 1000.000000000000000 ) ;
#1300 = CARTESIAN_POINT ( 'NONE',  ( 1.291336663013167500, 1.581431310980699900E-016, 0.0000000000000000000 ) ) ;
#1301 = ORIENTED_EDGE ( 'NONE', *, *, #6348, .T. ) ;
#1302 = ADVANCED_FACE ( 'NONE', ( #1613 ), #7401, .T. ) ;
#1303 = CARTESIAN_POINT ( 'NONE',  ( 1.999999999999997100, -0.5358983848621995400, -19.80626073911691900 ) ) ;
#1304 = ORIENTED_EDGE ( 'NONE', *, *, #4039, .F. ) ;
#1305 = CARTESIAN_POINT ( 'NONE',  ( 1.338300807568861600, 0.7726683315066073000, -6.066666666666649600 ) ) ;
#1306 = CARTESIAN_POINT ( 'NONE',  ( 1.338300807568864300, 0.7726683315066025200, -9.566666666666639800 ) ) ;
#1307 = EDGE_CURVE ( 'NONE', #2393, #4755, #1017, .T. ) ;
#1308 = CARTESIAN_POINT ( 'NONE',  ( 1.545336663013166200, -2.295037662741521500E-015, -9.012499999999978000 ) ) ;
#1309 = DIRECTION ( 'NONE',  ( 1.000000000000000000, 0.0000000000000000000, 0.0000000000000000000 ) ) ;
#1310 = CARTESIAN_POINT ( 'NONE',  ( -1.154700538379280800, 1.999999999999983100, 0.05833333333333504100 ) ) ;
#1311 = CARTESIAN_POINT ( 'NONE',  ( -1.338300807568886700, 0.7726683315065640000, -18.52083333333328600 ) ) ;
#1312 = CARTESIAN_POINT ( 'NONE',  ( 2.309401076758502900, 3.239433308545618900E-014, -20.47499999999995200 ) ) ;
#1313 = CARTESIAN_POINT ( 'NONE',  ( -1.545336663013166200, -4.473870886863219300E-015, -11.37499999999997200 ) ) ;
#1314 = CARTESIAN_POINT ( 'NONE',  ( 1.338300807568862300, 0.7726683315066059700, -3.266666666666656400 ) ) ;
#1315 = CARTESIAN_POINT ( 'NONE',  ( 1.999999999999998200, -3.892848693764099900E-015, -7.874999999999981300 ) ) ;
#1316 = VERTEX_POINT ( 'NONE', #6563 ) ;
#1317 = CARTESIAN_POINT ( 'NONE',  ( -0.8922005383792082100, -1.545336663013191500, -14.84583333333329600 ) ) ;
#1318 = CARTESIAN_POINT ( 'NONE',  ( 1.154700538379280100, -1.999999999999983300, -18.57916666666661600 ) ) ;
#1319 = FACE_OUTER_BOUND ( 'NONE', #2231, .T. ) ;
#1320 = EDGE_CURVE ( 'NONE', #4438, #24, #3570, .T. ) ;
#1321 = B_SPLINE_CURVE_WITH_KNOTS ( 'NONE', 3,
 ( #6640, #1532, #5928, #1470, #7858, #6580, #3500, #278 ),
 .UNSPECIFIED., .F., .F.,
 ( 4, 2, 2, 4 ),
 ( 2.544365555416380100E-007, 0.0004475380576734569200, 0.0008948216787913721400, 0.001789388921027202700 ),
 .UNSPECIFIED. ) ;
#1322 = DIRECTION ( 'NONE',  ( 1.000000000000000000, 0.0000000000000000000, -0.0000000000000000000 ) ) ;
#1323 =( BOUNDED_CURVE ( )  B_SPLINE_CURVE ( 2, ( #82, #3918, #5095, #747, #1339, #2545, #6340, #7040, #4540 ),
 .UNSPECIFIED., .F., .T. ) 
 B_SPLINE_CURVE_WITH_KNOTS ( ( 3, 2, 2, 2, 3 ),
 ( 0.6397058823529413500, 0.6421568627450980900, 0.6470588235294118000, 0.6519607843137255100, 0.6544117647058824700 ),
 .UNSPECIFIED. ) 
 CURVE ( )  GEOMETRIC_REPRESENTATION_ITEM ( )  RATIONAL_B_SPLINE_CURVE ( ( 0.9330127018922193000, 0.9330127018922238500, 1.000000000000000000, 0.8660254037844387100, 1.000000000000000000, 0.8660254037844387100, 1.000000000000000000, 0.9330127018922163000, 0.9330127018922194100 ) ) 
 REPRESENTATION_ITEM ( '' )  );
#1324 = CARTESIAN_POINT ( 'NONE',  ( -2.000000000000000400, -0.5358983848622764800, -19.48123926088298300 ) ) ;
#1325 = CARTESIAN_POINT ( 'NONE',  ( -1.154700538379280800, 1.999999999999983100, -2.829166666666656800 ) ) ;
#1326 = ORIENTED_EDGE ( 'NONE', *, *, #4450, .F. ) ;
#1327 = DIRECTION ( 'NONE',  ( 1.000000000000000000, 0.0000000000000000000, 0.0000000000000000000 ) ) ;
#1328 = CARTESIAN_POINT ( 'NONE',  ( -1.999999999999998200, 2.051008341639891300E-014, -21.52499999999995200 ) ) ;
#1329 = FACE_OUTER_BOUND ( 'NONE', #7300, .T. ) ;
#1330 = ORIENTED_EDGE ( 'NONE', *, *, #4091, .T. ) ;
#1331 = DIRECTION ( 'NONE',  ( -1.000000000000000000, 0.0000000000000000000, 0.0000000000000000000 ) ) ;
#1332 = EDGE_CURVE ( 'NONE', #6837, #6324, #25, .T. ) ;
#1333 = FACE_OUTER_BOUND ( 'NONE', #6658, .T. ) ;
#1334 = DIRECTION ( 'NONE',  ( -0.0000000000000000000, -0.0000000000000000000, -1.000000000000000000 ) ) ;
#1335 = DIRECTION ( 'NONE',  ( -1.000000000000000000, 0.0000000000000000000, 0.0000000000000000000 ) ) ;
#1336 = AXIS2_PLACEMENT_3D ( 'NONE', #6863, #6194, #8089 ) ;
#1337 =( BOUNDED_CURVE ( )  B_SPLINE_CURVE ( 2, ( #8126, #4300, #1860, #2432, #6848, #2451, #1242, #7460, #6877 ),
 .UNSPECIFIED., .F., .F. ) 
 B_SPLINE_CURVE_WITH_KNOTS ( ( 3, 2, 2, 2, 3 ),
 ( 0.1838235294117648000, 0.1862745098039215700, 0.1911764705882352800, 0.1960784313725490200, 0.1985294117647059800 ),
 .UNSPECIFIED. ) 
 CURVE ( )  GEOMETRIC_REPRESENTATION_ITEM ( )  RATIONAL_B_SPLINE_CURVE ( ( 0.9330127018922194100, 0.9330127018922220700, 1.000000000000000000, 0.8660254037844387100, 1.000000000000000000, 0.8660254037844387100, 1.000000000000000000, 0.9330127018922167400, 0.9330127018922194100 ) ) 
 REPRESENTATION_ITEM ( '' )  );
#1338 = CARTESIAN_POINT ( 'NONE',  ( 1.338300807568864300, 0.7726683315066025200, -11.66666666666663400 ) ) ;
#1339 = CARTESIAN_POINT ( 'NONE',  ( -5.186957431975972400E-014, 1.545336663013167300, -14.43749999999996300 ) ) ;
#1340 = FACE_OUTER_BOUND ( 'NONE', #2485, .T. ) ;
#1341 = CARTESIAN_POINT ( 'NONE',  ( 2.309401076758502900, 3.239433308545618900E-014, -5.774999999999984400 ) ) ;
#1342 = CARTESIAN_POINT ( 'NONE',  ( 0.8922005383792283000, 1.545336663013179700, -15.89583333333329000 ) ) ;
#1343 = LINE ( 'NONE', #3111, #3532 ) ;
#1344 = CARTESIAN_POINT ( 'NONE',  ( 1.154700538379307900, -1.999999999999967800, -21.29166666666661500 ) ) ;
#1345 = CARTESIAN_POINT ( 'NONE',  ( -2.000000000000000000, 2.614599868946037200E-015, -2.624999999999993300 ) ) ;
#1346 = AXIS2_PLACEMENT_3D ( 'NONE', #439, #6713, #7955 ) ;
#1347 = CARTESIAN_POINT ( 'NONE',  ( -1.999999999999999600, 0.5358983848622278500, -2.043760739116956800 ) ) ;
#1348 = CARTESIAN_POINT ( 'NONE',  ( 1.338300807568892000, -0.7726683315065545600, -14.67083333333329500 ) ) ;
#1349 = CARTESIAN_POINT ( 'NONE',  ( -2.309401076758502900, -3.267715314911616300E-014, -18.81249999999995000 ) ) ;
#1350 = ADVANCED_FACE ( 'NONE', ( #533 ), #4349, .T. ) ;
#1351 = CARTESIAN_POINT ( 'NONE',  ( -1.545336663013169100, 9.877377282685029400E-016, -12.16249999999996800 ) ) ;
#1352 = CARTESIAN_POINT ( 'NONE',  ( -2.309401076758502900, -3.267715314911616300E-014, -1.312499999999993800 ) ) ;
#1353 = DIRECTION ( 'NONE',  ( -1.000000000000000000, 0.0000000000000000000, 0.0000000000000000000 ) ) ;
#1354 = VERTEX_POINT ( 'NONE', #7100 ) ;
#1355 = CARTESIAN_POINT ( 'NONE',  ( 1.746537921721416500, 0.4294009083061978700, -0.3528352914065121000 ) ) ;
#1356 = CARTESIAN_POINT ( 'NONE',  ( -2.000000000000007100, -0.5358983848622713700, -13.18123926088300600 ) ) ;
#1357 = ORIENTED_EDGE ( 'NONE', *, *, #6001, .T. ) ;
#1358 = EDGE_CURVE ( 'NONE', #1623, #217, #5289, .T. ) ;
#1359 = DIRECTION ( 'NONE',  ( 0.0000000000000000000, 0.0000000000000000000, 1.000000000000000000 ) ) ;
#1360 = CARTESIAN_POINT ( 'NONE',  ( -1.005607740932629200, -1.728801050258928800, -0.4962114106110250800 ) ) ;
#1361 = CARTESIAN_POINT ( 'NONE',  ( -1.154700538379219500, -2.000000000000018200, -3.208333333333323700 ) ) ;
#1362 = CARTESIAN_POINT ( 'NONE',  ( 1.154700538379281000, -1.999999999999982500, -2.479166666666657200 ) ) ;
#1363 = CARTESIAN_POINT ( 'NONE',  ( -1.784401076758500100, -2.524860140211269500E-014, -14.17499999999996200 ) ) ;
#1364 = CARTESIAN_POINT ( 'NONE',  ( -1.262961302073744200, 1.002879759840521200, -25.87480464285493700 ) ) ;
#1365 = CARTESIAN_POINT ( 'NONE',  ( 1.154700538379187500, 2.000000000000036900, -18.95833333333328600 ) ) ;
#1366 = CARTESIAN_POINT ( 'NONE',  ( -1.154700538379280800, 1.999999999999983100, -4.841666666666653500 ) ) ;
#1367 = CARTESIAN_POINT ( 'NONE',  ( -0.8922005383792724900, 1.545336663013154900, -17.17916666666662100 ) ) ;
#1368 = ORIENTED_EDGE ( 'NONE', *, *, #6585, .T. ) ;
#1369 = CARTESIAN_POINT ( 'NONE',  ( 0.0000000000000000000, 0.0000000000000000000, -22.00000000000000000 ) ) ;
#1370 = CARTESIAN_POINT ( 'NONE',  ( -1.732050807568910700, 0.9999999999999417100, -17.47083333333328500 ) ) ;
#1371 = EDGE_CURVE ( 'NONE', #217, #7351, #7013, .T. ) ;
#1372 = DIRECTION ( 'NONE',  ( 0.0000000000000000000, 0.0000000000000000000, 1.000000000000000000 ) ) ;
#1373 = CARTESIAN_POINT ( 'NONE',  ( -1.154700538379287700, 1.999999999999979100, -2.741666666666657800 ) ) ;
#1374 = LINE ( 'NONE', #7009, #6623 ) ;
#1375 = DIRECTION ( 'NONE',  ( 0.0000000000000000000, 0.0000000000000000000, 1.000000000000000000 ) ) ;
#1376 = CARTESIAN_POINT ( 'NONE',  ( -1.154700538379280800, 1.999999999999983100, -16.12916666666662000 ) ) ;
#1377 = MECHANICAL_CONTEXT ( 'NONE', #3899, 'mechanical' ) ;
#1378 = EDGE_LOOP ( 'NONE', ( #4420, #1739, #7766, #4836 ) ) ;
#1379 = CARTESIAN_POINT ( 'NONE',  ( -0.8922005383791867800, -1.545336663013203700, -13.35833333333329900 ) ) ;
#1380 = CARTESIAN_POINT ( 'NONE',  ( 2.000000000000000400, -3.544235377904629100E-015, -4.374999999999990200 ) ) ;
#1381 = CARTESIAN_POINT ( 'NONE',  ( -0.3739538603772740200, -1.941149194662543700, -0.4750299489883492200 ) ) ;
#1382 = CARTESIAN_POINT ( 'NONE',  ( -1.154700538379280800, 1.999999999999983100, -1.429166666666660000 ) ) ;
#1383 = CARTESIAN_POINT ( 'NONE',  ( -1.500000000000000000, -2.145701662201152100E-025, -25.76794919243112100 ) ) ;
#1384 = ORIENTED_EDGE ( 'NONE', *, *, #301, .F. ) ;
#1385 = EDGE_CURVE ( 'NONE', #7568, #6313, #893, .T. ) ;
#1386 = CARTESIAN_POINT ( 'NONE',  ( 3.149999999999999900, 4.071950607164949400E-016, -22.00000000000000000 ) ) ;
#1387 = VECTOR ( 'NONE', #3876, 1000.000000000000000 ) ;
#1388 = DIRECTION ( 'NONE',  ( 1.000000000000000000, 0.0000000000000000000, 0.0000000000000000000 ) ) ;
#1389 = ORIENTED_EDGE ( 'NONE', *, *, #21, .F. ) ;
#1390 = ADVANCED_FACE ( 'NONE', ( #5756 ), #1105, .F. ) ;
#1391 = DIRECTION ( 'NONE',  ( 0.0000000000000000000, 0.0000000000000000000, -1.000000000000000000 ) ) ;
#1392 = CARTESIAN_POINT ( 'NONE',  ( 1.999999999999998200, 1.336351044127974500E-015, -16.97499999999995900 ) ) ;
#1393 = CARTESIAN_POINT ( 'NONE',  ( -1.338300807568864000, -0.7726683315066029700, -14.11666666666662800 ) ) ;
#1394 = CARTESIAN_POINT ( 'NONE',  ( -1.999999999999990000, 0.5358983848622250700, -13.85626073911693200 ) ) ;
#1395 = DIRECTION ( 'NONE',  ( 1.000000000000000000, 0.0000000000000000000, 0.0000000000000000000 ) ) ;
#1396 = CARTESIAN_POINT ( 'NONE',  ( -1.732050807568862800, -1.000000000000025100, -3.966666666666654800 ) ) ;
#1397 = CARTESIAN_POINT ( 'NONE',  ( 0.8922005383792283000, 1.545336663013179700, -13.09583333333329900 ) ) ;
#1398 = FACE_OUTER_BOUND ( 'NONE', #4564, .T. ) ;
#1399 = CARTESIAN_POINT ( 'NONE',  ( -2.000000000000000000, 2.449293598294706400E-016, -22.00000000000000000 ) ) ;
#1400 = ORIENTED_EDGE ( 'NONE', *, *, #8021, .T. ) ;
#1401 = CARTESIAN_POINT ( 'NONE',  ( 1.732050807568860300, 1.000000000000030000, -5.016666666666652400 ) ) ;
#1402 = DIRECTION ( 'NONE',  ( -1.000000000000000000, 0.0000000000000000000, 0.0000000000000000000 ) ) ;
#1403 = CARTESIAN_POINT ( 'NONE',  ( 1.545336663013163100, 0.4140717108886058900, -13.79373926088300300 ) ) ;
#1404 = CARTESIAN_POINT ( 'NONE',  ( -1.154700538379222800, -2.000000000000016400, -13.70833333333329800 ) ) ;
#1405 = CARTESIAN_POINT ( 'NONE',  ( 2.000000000000007100, -0.5358983848622049800, -19.10626073911691900 ) ) ;
#1406 = FACE_OUTER_BOUND ( 'NONE', #1208, .T. ) ;
#1407 = CARTESIAN_POINT ( 'NONE',  ( -1.154700538379222800, -2.000000000000016400, -17.29583333333328800 ) ) ;
#1408 = ORIENTED_EDGE ( 'NONE', *, *, #5307, .T. ) ;
#1409 = APPROVAL_STATUS ( 'not_yet_approved' ) ;
#1410 = ORIENTED_EDGE ( 'NONE', *, *, #5450, .T. ) ;
#1411 = CARTESIAN_POINT ( 'NONE',  ( 2.000000000000000000, -8.192412922697582800E-015, -5.862499999999985600 ) ) ;
#1412 = ORIENTED_EDGE ( 'NONE', *, *, #417, .T. ) ;
#1413 = CARTESIAN_POINT ( 'NONE',  ( 1.154700538379280100, -1.999999999999983300, -8.079166666666644400 ) ) ;
#1414 = CARTESIAN_POINT ( 'NONE',  ( 1.338300807568890700, -0.7726683315065571200, -8.983333333333307600 ) ) ;
#1415 = CARTESIAN_POINT ( 'NONE',  ( 1.796391330824815400, 0.2167057808147153900, -0.3604575446216545200 ) ) ;
#1416 = FACE_OUTER_BOUND ( 'NONE', #3895, .T. ) ;
#1417 = ORIENTED_EDGE ( 'NONE', *, *, #2624, .F. ) ;
#1418 = ORIENTED_EDGE ( 'NONE', *, *, #6457, .F. ) ;
#1419 = ORIENTED_EDGE ( 'NONE', *, *, #4884, .F. ) ;
#1420 = CARTESIAN_POINT ( 'NONE',  ( -3.136086174835765700E-014, 2.000000000000000000, -4.199999999999987700 ) ) ;
#1421 = FACE_OUTER_BOUND ( 'NONE', #6075, .T. ) ;
#1422 = CARTESIAN_POINT ( 'NONE',  ( -1.999999999999998200, -1.225956827439141800E-014, -18.81249999999994700 ) ) ;
#1423 = CARTESIAN_POINT ( 'NONE',  ( -2.000000000000001800, 3.137519842735244800E-015, -9.624999999999976900 ) ) ;
#1424 = CARTESIAN_POINT ( 'NONE',  ( -1.732050807568894500, 0.9999999999999699100, -1.983333333333326500 ) ) ;
#1425 = CARTESIAN_POINT ( 'NONE',  ( -1.338300807568864000, -0.7726683315066029700, -12.71666666666663300 ) ) ;
#1426 = EDGE_CURVE ( 'NONE', #1523, #3268, #3485, .T. ) ;
#1427 = CARTESIAN_POINT ( 'NONE',  ( -1.999999999999998200, -9.354457308895821800E-015, -17.41249999999995200 ) ) ;
#1428 = CARTESIAN_POINT ( 'NONE',  ( 1.732050807568892300, -0.9999999999999738000, -0.9333333333333293500 ) ) ;
#1429 = ORIENTED_EDGE ( 'NONE', *, *, #872, .T. ) ;
#1430 = CARTESIAN_POINT ( 'NONE',  ( 1.338300807568864300, 0.7726683315066025200, -13.15416666666663100 ) ) ;
#1431 = CARTESIAN_POINT ( 'NONE',  ( -1.154700538379286800, 1.999999999999979600, -1.341666666666661700 ) ) ;
#1432 = DIRECTION ( 'NONE',  ( -1.000000000000000000, 0.0000000000000000000, 0.0000000000000000000 ) ) ;
#1433 = CARTESIAN_POINT ( 'NONE',  ( -1.545336663013166400, 1.237577271301124400E-014, -13.47499999999996900 ) ) ;
#1434 = ORIENTED_EDGE ( 'NONE', *, *, #3417, .T. ) ;
#1435 = CARTESIAN_POINT ( 'NONE',  ( -2.793185071074506100E-014, 2.000000000000000000, -15.39999999999996300 ) ) ;
#1436 = CARTESIAN_POINT ( 'NONE',  ( -1.545336663013166000, -5.577813053751546400E-015, -14.96249999999996100 ) ) ;
#1437 = CARTESIAN_POINT ( 'NONE',  ( -2.309401076758502900, -3.267715314911616300E-014, -20.21249999999994500 ) ) ;
#1438 = LINE ( 'NONE', #931, #2613 ) ;
#1439 = ADVANCED_FACE ( 'NONE', ( #7206 ), #6643, .F. ) ;
#1440 = EDGE_CURVE ( 'NONE', #5544, #1000, #1227, .T. ) ;
#1441 = CARTESIAN_POINT ( 'NONE',  ( 2.177130564435878500E-014, -1.545336663013167300, -0.08749999999999752400 ) ) ;
#1442 = DIRECTION ( 'NONE',  ( -0.0000000000000000000, -0.0000000000000000000, -1.000000000000000000 ) ) ;
#1443 = CARTESIAN_POINT ( 'NONE',  ( -1.338300807568906500, 0.7726683315065295800, -17.12083333333328700 ) ) ;
#1444 = CARTESIAN_POINT ( 'NONE',  ( 1.154700538379280100, -1.999999999999983300, -4.579166666666651500 ) ) ;
#1445 = DIRECTION ( 'NONE',  ( 0.0000000000000000000, 0.0000000000000000000, 1.000000000000000000 ) ) ;
#1446 = VERTEX_POINT ( 'NONE', #5249 ) ;
#1447 = CYLINDRICAL_SURFACE ( 'NONE', #7155, 1.545336663013167300 ) ;
#1448 = CARTESIAN_POINT ( 'NONE',  ( 1.545336663013159100, 0.4140717108886196000, -18.69373926088298900 ) ) ;
#1449 = LINE ( 'NONE', #3815, #1936 ) ;
#1450 = CARTESIAN_POINT ( 'NONE',  ( -1.732050807568904100, 0.9999999999999535900, -18.17083333333328500 ) ) ;
#1451 = ORIENTED_EDGE ( 'NONE', *, *, #6293, .F. ) ;
#1452 = CARTESIAN_POINT ( 'NONE',  ( 1.545336663013167300, 1.892491597964127500E-016, 0.0000000000000000000 ) ) ;
#1453 = CARTESIAN_POINT ( 'NONE',  ( -1.338300807568859200, -0.7726683315066115200, -5.016666666666651500 ) ) ;
#1454 = AXIS2_PLACEMENT_3D ( 'NONE', #4389, #5717, #6246 ) ;
#1455 = CARTESIAN_POINT ( 'NONE',  ( 2.000000000000000000, -5.868324150301105800E-015, -2.274999999999995000 ) ) ;
#1456 = CARTESIAN_POINT ( 'NONE',  ( -1.338300807568864000, -0.7726683315066029700, -13.41666666666663100 ) ) ;
#1457 = CARTESIAN_POINT ( 'NONE',  ( 0.8922005383792283000, 1.545336663013179700, -10.99583333333330200 ) ) ;
#1458 = DIRECTION ( 'NONE',  ( -0.0000000000000000000, -0.0000000000000000000, -1.000000000000000000 ) ) ;
#1459 = CARTESIAN_POINT ( 'NONE',  ( 1.338300807568862700, 0.7726683315066053000, -1.866666666666659800 ) ) ;
#1460 = ORIENTED_EDGE ( 'NONE', *, *, #1840, .T. ) ;
#1461 = CARTESIAN_POINT ( 'NONE',  ( 1.999999999999997100, -0.5358983848622270700, -5.893760739116947500 ) ) ;
#1462 = CARTESIAN_POINT ( 'NONE',  ( 2.309401076758502900, 3.239433308545618900E-014, -12.77499999999997000 ) ) ;
#1463 = CARTESIAN_POINT ( 'NONE',  ( 1.338300807568904200, -0.7726683315065335800, -18.87083333333328700 ) ) ;
#1464 = CARTESIAN_POINT ( 'NONE',  ( -2.309401076758502900, -3.267715314911616300E-014, -20.91249999999994500 ) ) ;
#1465 = ORIENTED_EDGE ( 'NONE', *, *, #1015, .T. ) ;
#1466 = DIRECTION ( 'NONE',  ( 1.000000000000000000, 0.0000000000000000000, 0.0000000000000000000 ) ) ;
#1467 = CARTESIAN_POINT ( 'NONE',  ( 0.8922005383792722700, -1.545336663013154900, -1.429166666666661100 ) ) ;
#1468 = CARTESIAN_POINT ( 'NONE',  ( 1.338300807568893800, -0.7726683315065519000, -20.18333333333328400 ) ) ;
#1469 = CARTESIAN_POINT ( 'NONE',  ( 2.000000000000002700, -0.5358983848622207400, -16.39376073911692100 ) ) ;
#1470 = CARTESIAN_POINT ( 'NONE',  ( 1.014703996554337900, -1.146211182010441500, -25.79260313667953500 ) ) ;
#1471 = CARTESIAN_POINT ( 'NONE',  ( -2.793185071074506700E-014, 2.000000000000000000, -4.987499999999984700 ) ) ;
#1472 = CARTESIAN_POINT ( 'NONE',  ( 2.000000000000000000, 0.0000000000000000000, -22.00000000000000000 ) ) ;
#1473 = CARTESIAN_POINT ( 'NONE',  ( -1.499999999999999800, 0.7320312570727405300, -25.93300292664415000 ) ) ;
#1474 = CARTESIAN_POINT ( 'NONE',  ( 0.8922005383792849200, -1.545336663013147300, -4.929166666666652000 ) ) ;
#1475 = ORIENTED_EDGE ( 'NONE', *, *, #232, .T. ) ;
#1476 = EDGE_CURVE ( 'NONE', #4190, #5285, #119, .T. ) ;
#1477 = DIRECTION ( 'NONE',  ( -0.0000000000000000000, -0.0000000000000000000, 1.000000000000000000 ) ) ;
#1478 = CARTESIAN_POINT ( 'NONE',  ( -1.999999999999999600, -0.5358983848622864700, -18.78123926088298700 ) ) ;
#1479 = ORIENTED_EDGE ( 'NONE', *, *, #1694, .T. ) ;
#1480 = CARTESIAN_POINT ( 'NONE',  ( 1.154700538379218600, 2.000000000000018700, -14.75833333333329700 ) ) ;
#1481 = CARTESIAN_POINT ( 'NONE',  ( -1.784401076758500100, -2.524860140211269500E-014, -15.57499999999995800 ) ) ;
#1482 = DIRECTION ( 'NONE',  ( -0.0000000000000000000, -0.0000000000000000000, -1.000000000000000000 ) ) ;
#1483 = CARTESIAN_POINT ( 'NONE',  ( 1.999999999999998200, 9.703070624755296100E-015, -19.16249999999995200 ) ) ;
#1484 = LINE ( 'NONE', #5492, #802 ) ;
#1485 = CARTESIAN_POINT ( 'NONE',  ( 1.338300807568886300, -0.7726683315065647800, -12.57083333333330100 ) ) ;
#1486 = EDGE_CURVE ( 'NONE', #5607, #2100, #2666, .T. ) ;
#1487 = EDGE_LOOP ( 'NONE', ( #5659, #6208, #2062, #2224 ) ) ;
#1488 = CARTESIAN_POINT ( 'NONE',  ( 1.545336663013167300, 1.892491597964127500E-016, 0.0000000000000000000 ) ) ;
#1489 = EDGE_LOOP ( 'NONE', ( #3505, #3004, #3388, #2706 ) ) ;
#1490 =( BOUNDED_CURVE ( )  B_SPLINE_CURVE ( 2, ( #5911, #2095, #1428, #6593, #5851, #6506, #7747, #6531, #6564 ),
 .UNSPECIFIED., .F., .F. ) 
 B_SPLINE_CURVE_WITH_KNOTS ( ( 3, 2, 2, 2, 3 ),
 ( 0.06617647058823536400, 0.06862745098039216300, 0.07352941176470588500, 0.07843137254901960700, 0.08088235294117654400 ),
 .UNSPECIFIED. ) 
 CURVE ( )  GEOMETRIC_REPRESENTATION_ITEM ( )  RATIONAL_B_SPLINE_CURVE ( ( 0.9330127018922193000, 0.9330127018922211900, 1.000000000000000000, 0.8660254037844387100, 1.000000000000000000, 0.8660254037844387100, 1.000000000000000000, 0.9330127018922171900, 0.9330127018922193000 ) ) 
 REPRESENTATION_ITEM ( '' )  );
#1491 = CARTESIAN_POINT ( 'NONE',  ( 1.154700538379210200, 2.000000000000023500, -6.358333333333315600 ) ) ;
#1492 = CARTESIAN_POINT ( 'NONE',  ( 1.154700538379280100, -1.999999999999983300, -13.59166666666663100 ) ) ;
#1493 = CARTESIAN_POINT ( 'NONE',  ( -0.8922005383792944700, 1.545336663013142000, -12.19166666666663600 ) ) ;
#1494 = CARTESIAN_POINT ( 'NONE',  ( -1.154700538379280800, 1.999999999999983100, -22.42916666666660700 ) ) ;
#1495 = EDGE_LOOP ( 'NONE', ( #3412, #1989, #5802, #7381 ) ) ;
#1496 = ORIENTED_EDGE ( 'NONE', *, *, #2463, .F. ) ;
#1497 = CARTESIAN_POINT ( 'NONE',  ( -2.158205648456237400E-014, 1.545336663013167300, -3.237499999999989600 ) ) ;
#1498 = CARTESIAN_POINT ( 'NONE',  ( -1.545336663013167300, 0.4140717108885617100, -11.49376073911693500 ) ) ;
#1499 = DIRECTION ( 'NONE',  ( -1.000000000000000000, 0.0000000000000000000, 0.0000000000000000000 ) ) ;
#1500 = CARTESIAN_POINT ( 'NONE',  ( 4.732568141770299800E-014, -1.545336663013167300, -16.18749999999995700 ) ) ;
#1501 =( BOUNDED_CURVE ( )  B_SPLINE_CURVE ( 2, ( #1667, #7318, #2278, #4829, #4188, #1588, #939, #7885, #968 ),
 .UNSPECIFIED., .F., .F. ) 
 B_SPLINE_CURVE_WITH_KNOTS ( ( 3, 2, 2, 2, 3 ),
 ( 0.7132352941176471900, 0.7156862745098039300, 0.7205882352941176400, 0.7254901960784313500, 0.7279411764705883100 ),
 .UNSPECIFIED. ) 
 CURVE ( )  GEOMETRIC_REPRESENTATION_ITEM ( )  RATIONAL_B_SPLINE_CURVE ( ( 0.9330127018922194100, 0.9330127018922224100, 1.000000000000000000, 0.8660254037844387100, 1.000000000000000000, 0.8660254037844387100, 1.000000000000000000, 0.9330127018922163000, 0.9330127018922194100 ) ) 
 REPRESENTATION_ITEM ( '' )  );
#1502 = CARTESIAN_POINT ( 'NONE',  ( -2.793185071074506700E-014, 2.000000000000000000, -6.387499999999981500 ) ) ;
#1503 = CARTESIAN_POINT ( 'NONE',  ( -1.829311716163020400, -0.6279555647152765800, -0.4455846054679376600 ) ) ;
#1504 = VECTOR ( 'NONE', #470, 1000.000000000000000 ) ;
#1505 = EDGE_CURVE ( 'NONE', #1700, #5963, #2103, .T. ) ;
#1506 = CARTESIAN_POINT ( 'NONE',  ( -1.545336663013167500, -2.062628785501873700E-015, -5.162499999999987200 ) ) ;
#1507 = CARTESIAN_POINT ( 'NONE',  ( 2.177130564435878500E-014, -1.545336663013167300, -4.987499999999985600 ) ) ;
#1508 = EDGE_LOOP ( 'NONE', ( #4846, #3569, #727, #2718 ) ) ;
#1509 = FACE_OUTER_BOUND ( 'NONE', #5537, .T. ) ;
#1510 = ORIENTED_EDGE ( 'NONE', *, *, #4291, .F. ) ;
#1511 = CARTESIAN_POINT ( 'NONE',  ( 1.338300807568891100, -0.7726683315065564500, -10.47083333333330700 ) ) ;
#1512 = CARTESIAN_POINT ( 'NONE',  ( 5.831051909723848600E-014, -2.000000000000000000, -12.24999999999997000 ) ) ;
#1513 = CARTESIAN_POINT ( 'NONE',  ( -2.000000000000001800, 0.5358983848622123100, -14.55626073911692900 ) ) ;
#1514 = EDGE_LOOP ( 'NONE', ( #8128, #884, #4554, #1619 ) ) ;
#1515 = CARTESIAN_POINT ( 'NONE',  ( 2.177130564435878800E-014, -1.545336663013167300, -16.09999999999995900 ) ) ;
#1516 = ORIENTED_EDGE ( 'NONE', *, *, #592, .F. ) ;
#1517 = CARTESIAN_POINT ( 'NONE',  ( 3.871121846578812900E-014, -2.000000000000000000, -3.937499999999988000 ) ) ;
#1518 = CARTESIAN_POINT ( 'NONE',  ( 1.154700538379315600, -1.999999999999962900, -11.57916666666663400 ) ) ;
#1519 = CARTESIAN_POINT ( 'NONE',  ( -2.158205648456237400E-014, 1.545336663013167300, -10.23749999999997200 ) ) ;
#1520 = LINE ( 'NONE', #7940, #936 ) ;
#1521 = ORIENTED_EDGE ( 'NONE', *, *, #4394, .F. ) ;
#1522 = CARTESIAN_POINT ( 'NONE',  ( 0.8922005383792261900, 1.545336663013181100, -1.808333333333326500 ) ) ;
#1523 = VERTEX_POINT ( 'NONE', #7286 ) ;
#1524 = ADVANCED_BREP_SHAPE_REPRESENTATION ( '91292A806_18-8 Stainless Steel Socket Head Screw', ( #5661, #330 ), #734 ) ;
#1525 = CARTESIAN_POINT ( 'NONE',  ( -1.732050807568891800, 0.9999999999999742400, -15.28333333333329400 ) ) ;
#1526 = CARTESIAN_POINT ( 'NONE',  ( 1.154700538379223000, 2.000000000000016000, -19.74583333333328000 ) ) ;
#1527 = CARTESIAN_POINT ( 'NONE',  ( -1.154700538379218600, -2.000000000000018700, -3.995833333333319800 ) ) ;
#1528 = LINE ( 'NONE', #1213, #6842 ) ;
#1529 = CARTESIAN_POINT ( 'NONE',  ( -1.338300807568864000, -0.7726683315066029700, -0.9041666666666622300 ) ) ;
#1530 = CARTESIAN_POINT ( 'NONE',  ( -1.544874621343060200, 0.03778632534141219300, -0.1778527147052652000 ) ) ;
#1531 = DIRECTION ( 'NONE',  ( 0.0000000000000000000, 0.0000000000000000000, 1.000000000000000000 ) ) ;
#1532 = CARTESIAN_POINT ( 'NONE',  ( 1.382802616965772300, -0.9336893444275702300, -25.93233605935687100 ) ) ;
#1533 = CARTESIAN_POINT ( 'NONE',  ( -1.154700538379222800, -2.000000000000016400, -4.695833333333319500 ) ) ;
#1534 = ORIENTED_EDGE ( 'NONE', *, *, #557, .T. ) ;
#1535 = CARTESIAN_POINT ( 'NONE',  ( 2.000000000000000000, 0.0000000000000000000, -22.00000000000000000 ) ) ;
#1536 = CARTESIAN_POINT ( 'NONE',  ( -1.154700538379327400, 1.999999999999955800, -18.22916666666661800 ) ) ;
#1537 = CARTESIAN_POINT ( 'NONE',  ( 0.8922005383792722700, -1.545336663013154900, -8.429166666666644000 ) ) ;
#1538 = CIRCLE ( 'NONE', #358, 1.545336663013167300 ) ;
#1539 = CARTESIAN_POINT ( 'NONE',  ( 1.154700538379321400, -1.999999999999959800, -20.59166666666661500 ) ) ;
#1540 = PLANE ( 'NONE',  #3964 ) ;
#1541 = DIRECTION ( 'NONE',  ( -0.0000000000000000000, -0.0000000000000000000, 1.000000000000000000 ) ) ;
#1542 = PERSON_AND_ORGANIZATION ( #8118, #275 ) ;
#1543 = CARTESIAN_POINT ( 'NONE',  ( -0.8922005383792724900, 1.545336663013154900, -17.79166666666662200 ) ) ;
#1544 = EDGE_CURVE ( 'NONE', #8007, #5230, #7950, .T. ) ;
#1545 = CARTESIAN_POINT ( 'NONE',  ( 2.000000000000000400, -1.743066579297358300E-016, -1.574999999999996400 ) ) ;
#1546 = CARTESIAN_POINT ( 'NONE',  ( -1.154700538379181300, -2.000000000000040000, -17.20833333333329000 ) ) ;
#1547 = ORIENTED_EDGE ( 'NONE', *, *, #7913, .T. ) ;
#1548 = CYLINDRICAL_SURFACE ( 'NONE', #1725, 2.000000000000000000 ) ;
#1549 = CARTESIAN_POINT ( 'NONE',  ( -1.784401076758500100, -2.524860140211269200E-014, -15.66249999999996200 ) ) ;
#1550 = CYLINDRICAL_SURFACE ( 'NONE', #3240, 2.000000000000000000 ) ;
#1551 = CARTESIAN_POINT ( 'NONE',  ( -1.545336663013167300, 0.0000000000000000000, 0.0000000000000000000 ) ) ;
#1552 = CARTESIAN_POINT ( 'NONE',  ( 1.732050807568904500, -0.9999999999999527000, -10.03333333333330700 ) ) ;
#1553 = CARTESIAN_POINT ( 'NONE',  ( 1.549074113842671100, 1.026555903808245000, -21.99999999999999600 ) ) ;
#1554 = CARTESIAN_POINT ( 'NONE',  ( 2.817678007057453100E-014, -2.000000000000000000, -7.349999999999981000 ) ) ;
#1555 = CARTESIAN_POINT ( 'NONE',  ( 1.154700538379280100, -1.999999999999983300, -22.07916666666660900 ) ) ;
#1556 = CARTESIAN_POINT ( 'NONE',  ( 1.545336663013168200, -0.4140717108885578800, -8.256260739116942900 ) ) ;
#1557 = EDGE_CURVE ( 'NONE', #6330, #6633, #3270, .T. ) ;
#1558 = CARTESIAN_POINT ( 'NONE',  ( 1.784401076758500100, 2.503007529540795600E-014, -3.412499999999989400 ) ) ;
#1559 = DIRECTION ( 'NONE',  ( 0.0000000000000000000, 0.0000000000000000000, 1.000000000000000000 ) ) ;
#1560 = CARTESIAN_POINT ( 'NONE',  ( -1.545336663013166200, -7.117521865464212500E-015, -17.67499999999995800 ) ) ;
#1561 = CARTESIAN_POINT ( 'NONE',  ( 0.6137131250728616900, -1.833858687949170500, -0.4448737243211770000 ) ) ;
#1562 = CARTESIAN_POINT ( 'NONE',  ( -1.154700538379280800, 1.999999999999983100, -8.429166666666644000 ) ) ;
#1563 = CARTESIAN_POINT ( 'NONE',  ( -1.545336663013167500, 2.033577675846917700E-015, -2.274999999999994600 ) ) ;
#1564 = CARTESIAN_POINT ( 'NONE',  ( -0.09179999824076999500, 1.676845470804403600, -0.2692027785717895900 ) ) ;
#1565 = CARTESIAN_POINT ( 'NONE',  ( 6.124967141519214200E-014, -2.000000000000000000, -16.44999999999995700 ) ) ;
#1566 = CARTESIAN_POINT ( 'NONE',  ( 1.338300807568864300, 0.7726683315066025200, -5.454166666666651500 ) ) ;
#1567 = ORIENTED_EDGE ( 'NONE', *, *, #8117, .F. ) ;
#1568 = ADVANCED_FACE ( 'NONE', ( #7474 ), #1601, .T. ) ;
#1569 = CARTESIAN_POINT ( 'NONE',  ( -1.545336663013166200, -2.963213184805508800E-015, -8.662499999999978300 ) ) ;
#1570 = CARTESIAN_POINT ( 'NONE',  ( -0.8922005383792724900, 1.545336663013154900, -17.09166666666662200 ) ) ;
#1571 = ORIENTED_EDGE ( 'NONE', *, *, #2433, .T. ) ;
#1572 = DIRECTION ( 'NONE',  ( -0.0000000000000000000, -0.0000000000000000000, -1.000000000000000000 ) ) ;
#1573 = CARTESIAN_POINT ( 'NONE',  ( 1.784401076758500100, 2.503007529540795600E-014, -14.61249999999996200 ) ) ;
#1574 = CARTESIAN_POINT ( 'NONE',  ( 2.000000000000000400, -4.009053132383925200E-015, -3.674999999999992300 ) ) ;
#1575 = CARTESIAN_POINT ( 'NONE',  ( -1.545336663013167300, 0.0000000000000000000, 0.0000000000000000000 ) ) ;
#1576 = CARTESIAN_POINT ( 'NONE',  ( -1.545336663013166000, -5.577813053751546400E-015, -14.96249999999996100 ) ) ;
#1577 = DIRECTION ( 'NONE',  ( 0.0000000000000000000, 0.0000000000000000000, 1.000000000000000000 ) ) ;
#1578 = CARTESIAN_POINT ( 'NONE',  ( 1.154700538379280100, -1.999999999999983300, -8.691666666666641600 ) ) ;
#1579 = CARTESIAN_POINT ( 'NONE',  ( -1.784401076758500100, -2.524860140211269500E-014, -0.8749999999999954500 ) ) ;
#1580 = CARTESIAN_POINT ( 'NONE',  ( -0.8922005383792226400, -1.545336663013183300, -8.458333333333310800 ) ) ;
#1581 = VERTEX_POINT ( 'NONE', #3495 ) ;
#1582 = CARTESIAN_POINT ( 'NONE',  ( 0.8922005383792283000, 1.545336663013179700, -3.995833333333321600 ) ) ;
#1583 = CARTESIAN_POINT ( 'NONE',  ( -0.8922005383792155400, -1.545336663013186800, -21.14583333333327900 ) ) ;
#1584 = CC_DESIGN_PERSON_AND_ORGANIZATION_ASSIGNMENT ( #1224, #5894, ( #6133 ) ) ;
#1585 = CIRCLE ( 'NONE', #1670, 1.732050807568877400 ) ;
#1586 = CARTESIAN_POINT ( 'NONE',  ( 1.545336663013167300, -6.362193014435357400E-015, -6.124999999999984900 ) ) ;
#1587 = CARTESIAN_POINT ( 'NONE',  ( -1.545336663013166200, 1.830219908262226200E-014, -19.86249999999995800 ) ) ;
#1588 = CARTESIAN_POINT ( 'NONE',  ( -0.8922005383791853400, -1.545336663013204400, -16.15833333333329200 ) ) ;
#1589 = CARTESIAN_POINT ( 'NONE',  ( -1.338300807568864000, -0.7726683315066029700, -6.504166666666648700 ) ) ;
#1590 = ORIENTED_EDGE ( 'NONE', *, *, #6250, .T. ) ;
#1591 = EDGE_CURVE ( 'NONE', #7563, #1316, #6498, .T. ) ;
#1592 =( BOUNDED_CURVE ( )  B_SPLINE_CURVE ( 2, ( #5063, #3719, #6905 ),
 .UNSPECIFIED., .F., .F. ) 
 B_SPLINE_CURVE_WITH_KNOTS ( ( 3, 3 ),
 ( 0.9779411764705884200, 0.9794513285035033600 ),
 .UNSPECIFIED. ) 
 CURVE ( )  GEOMETRIC_REPRESENTATION_ITEM ( )  RATIONAL_B_SPLINE_CURVE ( ( 0.9330127018922194100, 0.9330127018922230700, 0.9584431568889361100 ) ) 
 REPRESENTATION_ITEM ( '' )  );
#1593 = ORIENTED_EDGE ( 'NONE', *, *, #3286, .F. ) ;
#1594 = CARTESIAN_POINT ( 'NONE',  ( -2.000000000000000000, 2.449293598294706400E-016, -22.00000000000000000 ) ) ;
#1595 = EDGE_LOOP ( 'NONE', ( #2215, #2913, #2981, #7890 ) ) ;
#1596 = CARTESIAN_POINT ( 'NONE',  ( 0.0000000000000000000, 0.0000000000000000000, 0.0000000000000000000 ) ) ;
#1597 = CARTESIAN_POINT ( 'NONE',  ( -1.338300807568864000, -0.7726683315066029700, -21.11666666666661400 ) ) ;
#1598 = CARTESIAN_POINT ( 'NONE',  ( -1.545336663013166200, 9.180150650966086200E-015, -6.562499999999984000 ) ) ;
#1599 = CARTESIAN_POINT ( 'NONE',  ( -0.8922005383793087900, 1.545336663013133300, -18.57916666666662300 ) ) ;
#1600 = CARTESIAN_POINT ( 'NONE',  ( -2.158205648456237400E-014, 1.545336663013167300, -15.13749999999996200 ) ) ;
#1601 = CYLINDRICAL_SURFACE ( 'NONE', #1346, 1.545336663013167300 ) ;
#1602 = ORIENTED_EDGE ( 'NONE', *, *, #2683, .F. ) ;
#1603 = EDGE_CURVE ( 'NONE', #321, #8144, #7797, .T. ) ;
#1604 = CARTESIAN_POINT ( 'NONE',  ( 1.732050807568860800, 1.000000000000029100, -3.616666666666656000 ) ) ;
#1605 = CARTESIAN_POINT ( 'NONE',  ( -1.732050807568893000, 0.9999999999999722400, -7.670833333333312100 ) ) ;
#1606 =( BOUNDED_CURVE ( )  B_SPLINE_CURVE ( 2, ( #817, #4527, #1468, #5223, #3380, #3901, #5864, #6519, #6492 ),
 .UNSPECIFIED., .F., .F. ) 
 B_SPLINE_CURVE_WITH_KNOTS ( ( 3, 2, 2, 2, 3 ),
 ( 0.8897058823529413500, 0.8921568627450980900, 0.8970588235294118000, 0.9019607843137255100, 0.9044117647058824700 ),
 .UNSPECIFIED. ) 
 CURVE ( )  GEOMETRIC_REPRESENTATION_ITEM ( )  RATIONAL_B_SPLINE_CURVE ( ( 0.9330127018922193000, 0.9330127018922238500, 1.000000000000000000, 0.8660254037844387100, 1.000000000000000000, 0.8660254037844387100, 1.000000000000000000, 0.9330127018922163000, 0.9330127018922194100 ) ) 
 REPRESENTATION_ITEM ( '' )  );
#1607 = CARTESIAN_POINT ( 'NONE',  ( 1.545336663013169100, 0.4140717108885985700, -4.081239260883024600 ) ) ;
#1608 = CARTESIAN_POINT ( 'NONE',  ( 1.905952322126715800, 0.2252581045865199900, -22.00000000000001400 ) ) ;
#1609 = CARTESIAN_POINT ( 'NONE',  ( 2.817678007057453100E-014, -2.000000000000000000, -8.049999999999977600 ) ) ;
#1610 = CARTESIAN_POINT ( 'NONE',  ( 1.338300807568886300, -0.7726683315065647800, -22.37083333333327700 ) ) ;
#1611 = CARTESIAN_POINT ( 'NONE',  ( 1.338300807568886300, -0.7726683315065647800, 0.1166666666666688900 ) ) ;
#1612 = CARTESIAN_POINT ( 'NONE',  ( -0.8922005383793179000, 1.545336663013128400, -15.07916666666662800 ) ) ;
#1613 = FACE_OUTER_BOUND ( 'NONE', #5173, .T. ) ;
#1614 = CARTESIAN_POINT ( 'NONE',  ( -0.8922005383792724900, 1.545336663013154900, -3.879166666666654900 ) ) ;
#1615 = CARTESIAN_POINT ( 'NONE',  ( 1.154700538379157500, 2.000000000000053700, -19.74583333333328000 ) ) ;
#1616 = EDGE_LOOP ( 'NONE', ( #239, #6073, #2985, #7999 ) ) ;
#1617 = CARTESIAN_POINT ( 'NONE',  ( -1.154700538379218600, -2.000000000000018700, -4.608333333333320100 ) ) ;
#1618 = CYLINDRICAL_SURFACE ( 'NONE', #7972, 2.000000000000000000 ) ;
#1619 = ORIENTED_EDGE ( 'NONE', *, *, #7288, .F. ) ;
#1620 = CARTESIAN_POINT ( 'NONE',  ( 1.545336663013167500, 2.643650978600993100E-015, -5.512499999999986000 ) ) ;
#1621 = CARTESIAN_POINT ( 'NONE',  ( 1.784401076758500100, 2.503007529540795600E-014, -5.512499999999985100 ) ) ;
#1622 = ORIENTED_EDGE ( 'NONE', *, *, #681, .F. ) ;
#1623 = VERTEX_POINT ( 'NONE', #1720 ) ;
#1624 = DIRECTION ( 'NONE',  ( 0.0000000000000000000, 0.0000000000000000000, 1.000000000000000000 ) ) ;
#1625 = CARTESIAN_POINT ( 'NONE',  ( 1.338300807568848900, 0.7726683315066292800, -12.45416666666663400 ) ) ;
#1626 = ORIENTED_EDGE ( 'NONE', *, *, #3357, .F. ) ;
#1627 = CARTESIAN_POINT ( 'NONE',  ( -0.8922005383792817000, 1.545336663013149500, -8.779166666666643700 ) ) ;
#1628 = CARTESIAN_POINT ( 'NONE',  ( -1.338300807568864000, -0.7726683315066029700, -19.71666666666661900 ) ) ;
#1629 =( BOUNDED_CURVE ( )  B_SPLINE_CURVE ( 2, ( #6930, #5696, #3144, #682, #6332, #7542, #5763, #3822, #2565 ),
 .UNSPECIFIED., .F., .F. ) 
 B_SPLINE_CURVE_WITH_KNOTS ( ( 3, 2, 2, 2, 3 ),
 ( 0.5073529411764706700, 0.5098039215686274200, 0.5147058823529411200, 0.5196078431372549400, 0.5220588235294119100 ),
 .UNSPECIFIED. ) 
 CURVE ( )  GEOMETRIC_REPRESENTATION_ITEM ( )  RATIONAL_B_SPLINE_CURVE ( ( 0.9330127018922194100, 0.9330127018922224100, 1.000000000000000000, 0.8660254037844387100, 1.000000000000000000, 0.8660254037844387100, 1.000000000000000000, 0.9330127018922163000, 0.9330127018922194100 ) ) 
 REPRESENTATION_ITEM ( '' )  );
#1630 = ORIENTED_EDGE ( 'NONE', *, *, #6515, .F. ) ;
#1631 = ORIENTED_EDGE ( 'NONE', *, *, #287, .T. ) ;
#1632 = CYLINDRICAL_SURFACE ( 'NONE', #3123, 2.000000000000000000 ) ;
#1633 = CARTESIAN_POINT ( 'NONE',  ( -2.000000000000006700, 0.5358983848622120800, -11.05626073911693700 ) ) ;
#1634 = CARTESIAN_POINT ( 'NONE',  ( 1.545336663013164200, 0.4140717108886092800, -10.29373926088301300 ) ) ;
#1635 = CARTESIAN_POINT ( 'NONE',  ( 1.154700538379280100, -1.999999999999983300, -9.391666666666640900 ) ) ;
#1636 = CARTESIAN_POINT ( 'NONE',  ( 0.8922005383792722700, -1.545336663013154900, -2.741666666666657400 ) ) ;
#1637 = ORIENTED_EDGE ( 'NONE', *, *, #599, .T. ) ;
#1638 = CARTESIAN_POINT ( 'NONE',  ( 3.293891913928996700E-014, -1.545336663013167300, -9.799999999999975800 ) ) ;
#1639 = CARTESIAN_POINT ( 'NONE',  ( -1.545336663013166200, 1.600716141988073900E-014, -21.26249999999995300 ) ) ;
#1640 = CARTESIAN_POINT ( 'NONE',  ( 0.0000000000000000000, 0.0000000000000000000, -22.00000000000000000 ) ) ;
#1641 = EDGE_CURVE ( 'NONE', #4101, #556, #5018, .T. ) ;
#1642 = CARTESIAN_POINT ( 'NONE',  ( 2.000000000000000000, -5.868324150301105800E-015, -2.274999999999995000 ) ) ;
#1643 = CARTESIAN_POINT ( 'NONE',  ( 1.338300807568852500, 0.7726683315066232800, -20.15416666666661200 ) ) ;
#1644 = VERTEX_POINT ( 'NONE', #3035 ) ;
#1645 = VECTOR ( 'NONE', #6162, 1000.000000000000000 ) ;
#1646 = FACE_OUTER_BOUND ( 'NONE', #7555, .T. ) ;
#1647 = CARTESIAN_POINT ( 'NONE',  ( 1.338300807568864300, 0.7726683315066025200, -9.654166666666640100 ) ) ;
#1648 = CARTESIAN_POINT ( 'NONE',  ( 0.8922005383791913300, 1.545336663013201100, -15.10833333333329700 ) ) ;
#1649 = CARTESIAN_POINT ( 'NONE',  ( -1.545336663013166200, -5.258250847547030400E-015, -12.86249999999996500 ) ) ;
#1650 = ORIENTED_EDGE ( 'NONE', *, *, #5776, .F. ) ;
#1651 = FACE_OUTER_BOUND ( 'NONE', #2238, .T. ) ;
#1652 = ADVANCED_FACE ( 'NONE', ( #5747 ), #337, .T. ) ;
#1653 = CARTESIAN_POINT ( 'NONE',  ( 1.338300807568886300, -0.7726683315065647800, -18.78333333333328900 ) ) ;
#1654 = EDGE_CURVE ( 'NONE', #1716, #1268, #6148, .T. ) ;
#1655 = CARTESIAN_POINT ( 'NONE',  ( -1.999999999999998200, -1.121372832681300300E-014, -20.21249999999994900 ) ) ;
#1656 = CARTESIAN_POINT ( 'NONE',  ( 2.000000000000000000, -0.5358983848622218500, -5.806260739116949000 ) ) ;
#1657 = CARTESIAN_POINT ( 'NONE',  ( -1.732050807568891800, 0.9999999999999742400, -7.583333333333312600 ) ) ;
#1658 =( BOUNDED_CURVE ( )  B_SPLINE_CURVE ( 2, ( #1261, #3200, #8145, #6972, #6894, #7588, #1287, #1965, #1882 ),
 .UNSPECIFIED., .F., .F. ) 
 B_SPLINE_CURVE_WITH_KNOTS ( ( 3, 2, 2, 2, 3 ),
 ( 0.6250000000000001100, 0.6274509803921568500, 0.6323529411764705600, 0.6372549019607842700, 0.6397058823529413500 ),
 .UNSPECIFIED. ) 
 CURVE ( )  GEOMETRIC_REPRESENTATION_ITEM ( )  RATIONAL_B_SPLINE_CURVE ( ( 0.9330127018922194100, 0.9330127018922224100, 1.000000000000000000, 0.8660254037844387100, 1.000000000000000000, 0.8660254037844387100, 1.000000000000000000, 0.9330127018922147500, 0.9330127018922193000 ) ) 
 REPRESENTATION_ITEM ( '' )  );
#1659 = CARTESIAN_POINT ( 'NONE',  ( 0.8922005383792283000, 1.545336663013179700, -2.508333333333325300 ) ) ;
#1660 = EDGE_CURVE ( 'NONE', #6988, #5324, #7437, .T. ) ;
#1661 = DIRECTION ( 'NONE',  ( 0.0000000000000000000, 0.0000000000000000000, 1.000000000000000000 ) ) ;
#1662 = ORIENTED_EDGE ( 'NONE', *, *, #6871, .F. ) ;
#1663 = CARTESIAN_POINT ( 'NONE',  ( -1.545336663013166000, 8.366719580627318400E-015, -7.874999999999981300 ) ) ;
#1664 = CARTESIAN_POINT ( 'NONE',  ( -2.000000000000008400, -0.5358983848622772600, -18.69373926088298900 ) ) ;
#1665 = DIRECTION ( 'NONE',  ( -1.000000000000000000, 0.0000000000000000000, 0.0000000000000000000 ) ) ;
#1666 = VERTEX_POINT ( 'NONE', #1160 ) ;
#1667 = CARTESIAN_POINT ( 'NONE',  ( 1.545336663013166200, 1.167854608129230000E-014, -15.92499999999996000 ) ) ;
#1668 = CARTESIAN_POINT ( 'NONE',  ( -1.338300807568886700, 0.7726683315065640000, -8.720833333333310100 ) ) ;
#1669 = CARTESIAN_POINT ( 'NONE',  ( -1.545336663013163700, 0.4140717108885745300, -7.906260739116945000 ) ) ;
#1670 = AXIS2_PLACEMENT_3D ( 'NONE', #3243, #1949, #1335 ) ;
#1671 = CARTESIAN_POINT ( 'NONE',  ( 1.154700538379317600, -1.999999999999961800, -14.37916666666662900 ) ) ;
#1672 = CARTESIAN_POINT ( 'NONE',  ( 0.0000000000000000000, 0.0000000000000000000, -26.00000000000000000 ) ) ;
#1673 = CARTESIAN_POINT ( 'NONE',  ( -0.8922005383792279700, -1.545336663013180200, -21.75833333333327600 ) ) ;
#1674 = ORIENTED_EDGE ( 'NONE', *, *, #6556, .T. ) ;
#1675 = CARTESIAN_POINT ( 'NONE',  ( 1.999999999999993600, -0.5358983848622133100, -19.89376073911691700 ) ) ;
#1676 = DIRECTION ( 'NONE',  ( -1.000000000000000000, 0.0000000000000000000, 0.0000000000000000000 ) ) ;
#1677 = CARTESIAN_POINT ( 'NONE',  ( 1.545336663013166200, -0.4140717108885689800, -4.143760739116952000 ) ) ;
#1678 = DIRECTION ( 'NONE',  ( -0.0000000000000000000, -0.0000000000000000000, -1.000000000000000000 ) ) ;
#1679 = ORIENTED_EDGE ( 'NONE', *, *, #232, .F. ) ;
#1680 = CARTESIAN_POINT ( 'NONE',  ( -1.338300807568888500, 0.7726683315065608900, -0.9333333333333285700 ) ) ;
#1681 = CARTESIAN_POINT ( 'NONE',  ( -2.309401076758502900, -3.267715314911616300E-014, -9.624999999999973400 ) ) ;
#1682 = CARTESIAN_POINT ( 'NONE',  ( 2.177130564435878800E-014, -1.545336663013167300, -2.099999999999992500 ) ) ;
#1683 = CYLINDRICAL_SURFACE ( 'NONE', #771, 1.545336663013167300 ) ;
#1684 = VERTEX_POINT ( 'NONE', #3671 ) ;
#1685 = CARTESIAN_POINT ( 'NONE',  ( 1.545336663013166200, -8.134310703387671400E-016, -11.81249999999997000 ) ) ;
#1686 = ORIENTED_EDGE ( 'NONE', *, *, #3110, .F. ) ;
#1687 = ORIENTED_EDGE ( 'NONE', *, *, #4736, .T. ) ;
#1688 = CARTESIAN_POINT ( 'NONE',  ( 1.545336663013166400, 7.408032962013773400E-015, -19.42499999999995800 ) ) ;
#1689 = CARTESIAN_POINT ( 'NONE',  ( 1.545336663013166200, 1.243387493232115400E-014, -14.61249999999996300 ) ) ;
#1690 = ORIENTED_EDGE ( 'NONE', *, *, #7817, .F. ) ;
#1691 = DIRECTION ( 'NONE',  ( 0.0000000000000000000, 0.0000000000000000000, 1.000000000000000000 ) ) ;
#1692 = CARTESIAN_POINT ( 'NONE',  ( -2.309401076758502900, -3.267715314911616300E-014, -11.11249999999996900 ) ) ;
#1693 = ORIENTED_EDGE ( 'NONE', *, *, #882, .T. ) ;
#1694 = EDGE_CURVE ( 'NONE', #8159, #8057, #5843, .T. ) ;
#1695 = DIRECTION ( 'NONE',  ( 1.000000000000000000, 0.0000000000000000000, 0.0000000000000000000 ) ) ;
#1696 = CARTESIAN_POINT ( 'NONE',  ( 1.154700538379209700, 2.000000000000023500, -7.058333333333314000 ) ) ;
#1697 = FACE_OUTER_BOUND ( 'NONE', #3097, .T. ) ;
#1698 = CARTESIAN_POINT ( 'NONE',  ( 0.8922005383792268600, 1.545336663013180400, -0.4958333333333299100 ) ) ;
#1699 = CARTESIAN_POINT ( 'NONE',  ( -1.784401076758500100, -2.524860140211269500E-014, -20.47499999999995200 ) ) ;
#1700 = VERTEX_POINT ( 'NONE', #1064 ) ;
#1701 = CARTESIAN_POINT ( 'NONE',  ( -1.732050807568861400, -1.000000000000027800, -1.866666666666660000 ) ) ;
#1702 = CARTESIAN_POINT ( 'NONE',  ( -1.545336663013167300, 0.0000000000000000000, 0.0000000000000000000 ) ) ;
#1703 = LINE ( 'NONE', #5192, #1897 ) ;
#1704 = VERTEX_POINT ( 'NONE', #1689 ) ;
#1705 = EDGE_CURVE ( 'NONE', #3082, #3236, #3431, .T. ) ;
#1706 = CARTESIAN_POINT ( 'NONE',  ( 1.999999999999998200, -1.278248824818062500E-014, -21.96249999999994900 ) ) ;
#1707 = ORIENTED_EDGE ( 'NONE', *, *, #7142, .F. ) ;
#1708 =( BOUNDED_CURVE ( )  B_SPLINE_CURVE ( 2, ( #4067, #292, #6570, #2979, #3006, #7385, #5976, #4099, #5363 ),
 .UNSPECIFIED., .F., .F. ) 
 B_SPLINE_CURVE_WITH_KNOTS ( ( 3, 2, 2, 2, 3 ),
 ( 0.1838235294117648000, 0.1862745098039215700, 0.1911764705882352800, 0.1960784313725490200, 0.1985294117647059800 ),
 .UNSPECIFIED. ) 
 CURVE ( )  GEOMETRIC_REPRESENTATION_ITEM ( )  RATIONAL_B_SPLINE_CURVE ( ( 0.9330127018922194100, 0.9330127018922220700, 1.000000000000000000, 0.8660254037844387100, 1.000000000000000000, 0.8660254037844387100, 1.000000000000000000, 0.9330127018922167400, 0.9330127018922194100 ) ) 
 REPRESENTATION_ITEM ( '' )  );
#1709 = CARTESIAN_POINT ( 'NONE',  ( -1.338300807568892000, 0.7726683315065545600, -4.520833333333320600 ) ) ;
#1710 = CARTESIAN_POINT ( 'NONE',  ( -2.309401076758502900, -3.267715314911616300E-014, -10.32499999999997300 ) ) ;
#1711 = ORIENTED_EDGE ( 'NONE', *, *, #1385, .T. ) ;
#1712 =( BOUNDED_CURVE ( )  B_SPLINE_CURVE ( 2, ( #1826, #4968, #6792, #6814, #4996, #5602, #5526, #6267, #4354 ),
 .UNSPECIFIED., .F., .F. ) 
 B_SPLINE_CURVE_WITH_KNOTS ( ( 3, 2, 2, 2, 3 ),
 ( 0.4338235294117648300, 0.4362745098039215700, 0.4411764705882352800, 0.4460784313725490400, 0.4485294117647060100 ),
 .UNSPECIFIED. ) 
 CURVE ( )  GEOMETRIC_REPRESENTATION_ITEM ( )  RATIONAL_B_SPLINE_CURVE ( ( 0.9330127018922194100, 0.9330127018922224100, 1.000000000000000000, 0.8660254037844387100, 1.000000000000000000, 0.8660254037844387100, 1.000000000000000000, 0.9330127018922163000, 0.9330127018922194100 ) ) 
 REPRESENTATION_ITEM ( '' )  );
#1713 = CARTESIAN_POINT ( 'NONE',  ( 2.177130564435878800E-014, -1.545336663013167300, -4.199999999999987700 ) ) ;
#1714 = CYLINDRICAL_SURFACE ( 'NONE', #2054, 1.545336663013167300 ) ;
#1715 = CIRCLE ( 'NONE', #438, 1.732050807568877400 ) ;
#1716 = VERTEX_POINT ( 'NONE', #4355 ) ;
#1717 = CARTESIAN_POINT ( 'NONE',  ( -1.732050807568891800, 0.9999999999999742400, -18.78333333333328900 ) ) ;
#1718 = CARTESIAN_POINT ( 'NONE',  ( 1.999999999999999600, 0.5358983848622712600, -8.631239260883012000 ) ) ;
#1719 = CARTESIAN_POINT ( 'NONE',  ( -1.338300807568852100, -0.7726683315066239500, -11.40416666666663700 ) ) ;
#1720 = CARTESIAN_POINT ( 'NONE',  ( 1.545336663013169100, 3.166570952390200700E-015, -8.224999999999980100 ) ) ;
#1721 = EDGE_CURVE ( 'NONE', #2637, #8159, #8053, .T. ) ;
#1722 = CARTESIAN_POINT ( 'NONE',  ( -1.732050807568855900, -1.000000000000036900, -6.766666666666648000 ) ) ;
#1723 = LINE ( 'NONE', #3706, #6558 ) ;
#1724 = CARTESIAN_POINT ( 'NONE',  ( 1.154700538379223000, 2.000000000000016000, -11.34583333333330300 ) ) ;
#1725 = AXIS2_PLACEMENT_3D ( 'NONE', #3212, #709, #2538 ) ;
#1726 = CARTESIAN_POINT ( 'NONE',  ( -1.545336663013166000, -5.577813053751546400E-015, -14.87499999999996100 ) ) ;
#1727 = CARTESIAN_POINT ( 'NONE',  ( -1.732050807568839000, -1.000000000000066800, -14.55416666666662600 ) ) ;
#1728 = VERTEX_POINT ( 'NONE', #5477 ) ;
#1729 = CARTESIAN_POINT ( 'NONE',  ( -1.999999999999991600, -0.5358983848622835800, -17.99373926088299300 ) ) ;
#1730 = CARTESIAN_POINT ( 'NONE',  ( -1.338300807568864000, -0.7726683315066029700, -22.51666666666660900 ) ) ;
#1731 = FACE_OUTER_BOUND ( 'NONE', #8028, .T. ) ;
#1732 = CARTESIAN_POINT ( 'NONE',  ( -1.732050807568836800, -1.000000000000070200, -20.15416666666661200 ) ) ;
#1733 = CARTESIAN_POINT ( 'NONE',  ( 7.155722613941515500E-014, -1.545336663013167300, -20.38749999999994600 ) ) ;
#1734 = ADVANCED_FACE ( 'NONE', ( #2566 ), #1793, .T. ) ;
#1735 = SECURITY_CLASSIFICATION ( '', '', #3348 ) ;
#1736 = CARTESIAN_POINT ( 'NONE',  ( -2.000000000000000400, 0.5358983848622040900, -21.64376073911691000 ) ) ;
#1737 = CARTESIAN_POINT ( 'NONE',  ( -2.793185071074506100E-014, 2.000000000000000000, -11.19999999999997100 ) ) ;
#1738 = CARTESIAN_POINT ( 'NONE',  ( 0.8922005383792283000, 1.545336663013179700, -6.708333333333314400 ) ) ;
#1739 = ORIENTED_EDGE ( 'NONE', *, *, #3275, .T. ) ;
#1740 = CIRCLE ( 'NONE', #1454, 3.150000000000003000 ) ;
#1741 = CARTESIAN_POINT ( 'NONE',  ( -0.8922005383792808200, 1.545336663013149500, -7.291666666666647400 ) ) ;
#1742 = CARTESIAN_POINT ( 'NONE',  ( 2.000000000000000000, -8.192412922697582800E-015, -6.474999999999985400 ) ) ;
#1743 = CARTESIAN_POINT ( 'NONE',  ( 1.154700538379223000, 2.000000000000016000, 0.6416666666666669400 ) ) ;
#1744 = CARTESIAN_POINT ( 'NONE',  ( -2.309401076758502900, -3.267715314911616300E-014, -16.62499999999996100 ) ) ;
#1745 = CARTESIAN_POINT ( 'NONE',  ( 2.000000000000001300, 0.5358983848622599400, -1.631239260883029500 ) ) ;
#1746 = EDGE_CURVE ( 'NONE', #450, #3586, #1337, .T. ) ;
#1747 = CARTESIAN_POINT ( 'NONE',  ( -1.338300807568859800, -0.7726683315066106300, -3.004166666666656700 ) ) ;
#1748 = CARTESIAN_POINT ( 'NONE',  ( 1.499999999999999800, 0.1525981339195947300, -25.76795879513456100 ) ) ;
#1749 = LINE ( 'NONE', #6380, #6867 ) ;
#1750 = CARTESIAN_POINT ( 'NONE',  ( -2.000000000000000000, -3.079417623425332900E-015, -5.512499999999984200 ) ) ;
#1751 = CARTESIAN_POINT ( 'NONE',  ( 2.309401076758502900, 3.239433308545619500E-014, -8.662499999999976600 ) ) ;
#1752 = CARTESIAN_POINT ( 'NONE',  ( 1.545336663013167500, 0.4140717108886239300, -19.48123926088299000 ) ) ;
#1753 =( BOUNDED_CURVE ( )  B_SPLINE_CURVE ( 2, ( #6016, #2204, #2234, #3534, #4778, #4724, #6644, #991, #4164 ),
 .UNSPECIFIED., .F., .F. ) 
 B_SPLINE_CURVE_WITH_KNOTS ( ( 3, 2, 2, 2, 3 ),
 ( 0.4044117647058824700, 0.4068627450980392100, 0.4117647058823529200, 0.4166666666666666900, 0.4191176470588236500 ),
 .UNSPECIFIED. ) 
 CURVE ( )  GEOMETRIC_REPRESENTATION_ITEM ( )  RATIONAL_B_SPLINE_CURVE ( ( 0.9330127018922194100, 0.9330127018922224100, 1.000000000000000000, 0.8660254037844387100, 1.000000000000000000, 0.8660254037844387100, 1.000000000000000000, 0.9330127018922163000, 0.9330127018922194100 ) ) 
 REPRESENTATION_ITEM ( '' )  );
#1754 = CARTESIAN_POINT ( 'NONE',  ( 0.8922005383792722700, -1.545336663013154900, -22.34166666666661200 ) ) ;
#1755 = EDGE_CURVE ( 'NONE', #2781, #6988, #7197, .T. ) ;
#1756 = CARTESIAN_POINT ( 'NONE',  ( -1.154700538379307900, 1.999999999999967800, -10.52916666666663800 ) ) ;
#1757 = VERTEX_POINT ( 'NONE', #1781 ) ;
#1758 = CARTESIAN_POINT ( 'NONE',  ( -1.338300807568892900, 0.7726683315065532300, -7.320833333333313300 ) ) ;
#1759 = CARTESIAN_POINT ( 'NONE',  ( 1.732050807568905400, -0.9999999999999510400, -12.83333333333330000 ) ) ;
#1760 = DIRECTION ( 'NONE',  ( -1.000000000000000000, 0.0000000000000000000, 0.0000000000000000000 ) ) ;
#1761 = CARTESIAN_POINT ( 'NONE',  ( 1.545336663013167500, -3.166570952390201500E-015, -3.324999999999992200 ) ) ;
#1762 = ORIENTED_EDGE ( 'NONE', *, *, #6609, .T. ) ;
#1763 = CARTESIAN_POINT ( 'NONE',  ( 0.8922005383792779300, -1.545336663013151300, -2.129166666666659300 ) ) ;
#1764 = CARTESIAN_POINT ( 'NONE',  ( -2.158205648456237700E-014, 1.545336663013167300, -6.649999999999981700 ) ) ;
#1765 = CARTESIAN_POINT ( 'NONE',  ( -1.545336663013163500, 0.4140717108885753600, -6.593760739116946800 ) ) ;
#1766 = EDGE_CURVE ( 'NONE', #4821, #1354, #2983, .T. ) ;
#1767 = DIRECTION ( 'NONE',  ( 0.0000000000000000000, 0.0000000000000000000, 1.000000000000000000 ) ) ;
#1768 = CARTESIAN_POINT ( 'NONE',  ( 0.8922005383792722700, -1.545336663013154900, -21.72916666666661100 ) ) ;
#1769 = CARTESIAN_POINT ( 'NONE',  ( 1.732050807568891200, -0.9999999999999753500, -17.03333333333328900 ) ) ;
#1770 = AXIS2_PLACEMENT_3D ( 'NONE', #4649, #3498, #2347 ) ;
#1771 =( BOUNDED_CURVE ( )  B_SPLINE_CURVE ( 2, ( #1569, #5384, #6559, #1627, #3511, #7227, #4124, #2210, #4698 ),
 .UNSPECIFIED., .F., .F. ) 
 B_SPLINE_CURVE_WITH_KNOTS ( ( 3, 2, 2, 2, 3 ),
 ( 0.4044117647058824700, 0.4068627450980392100, 0.4117647058823529200, 0.4166666666666666900, 0.4191176470588236500 ),
 .UNSPECIFIED. ) 
 CURVE ( )  GEOMETRIC_REPRESENTATION_ITEM ( )  RATIONAL_B_SPLINE_CURVE ( ( 0.9330127018922194100, 0.9330127018922224100, 1.000000000000000000, 0.8660254037844387100, 1.000000000000000000, 0.8660254037844387100, 1.000000000000000000, 0.9330127018922163000, 0.9330127018922194100 ) ) 
 REPRESENTATION_ITEM ( '' )  );
#1772 = CARTESIAN_POINT ( 'NONE',  ( -2.989128558938083600E-014, 2.000000000000000000, -1.487499999999993200 ) ) ;
#1773 = DIRECTION ( 'NONE',  ( -0.8660254037844386000, -0.4999999999999998900, 0.0000000000000000000 ) ) ;
#1774 = CARTESIAN_POINT ( 'NONE',  ( 1.500000000000000200, -0.7318455913397979900, -25.93291009377767900 ) ) ;
#1775 = CARTESIAN_POINT ( 'NONE',  ( -1.154700538379280800, 1.999999999999983100, -9.829166666666642600 ) ) ;
#1776 = ORIENTED_EDGE ( 'NONE', *, *, #6304, .T. ) ;
#1777 = ADVANCED_FACE ( 'NONE', ( #1697 ), #526, .T. ) ;
#1778 = CARTESIAN_POINT ( 'NONE',  ( 1.545336663013168200, 0.4140717108886098900, -17.99373926088299300 ) ) ;
#1779 = CYLINDRICAL_SURFACE ( 'NONE', #4910, 2.000000000000000000 ) ;
#1780 = CARTESIAN_POINT ( 'NONE',  ( -2.309401076758502900, -3.267715314911616300E-014, 0.08750000000000295000 ) ) ;
#1781 = CARTESIAN_POINT ( 'NONE',  ( 2.000000000000001800, 6.100733027540754000E-015, -11.37499999999997300 ) ) ;
#1782 = VERTEX_POINT ( 'NONE', #4935 ) ;
#1783 = ORIENTED_EDGE ( 'NONE', *, *, #8064, .F. ) ;
#1784 = CARTESIAN_POINT ( 'NONE',  ( -0.8922005383792921400, 1.545336663013143100, -8.079166666666644400 ) ) ;
#1785 = CARTESIAN_POINT ( 'NONE',  ( 1.545336663013166400, -3.253724281355068900E-015, -20.21249999999995200 ) ) ;
#1786 = PLANE ( 'NONE',  #7559 ) ;
#1787 = CARTESIAN_POINT ( 'NONE',  ( 5.792746050018777300E-014, -1.545336663013167300, -15.39999999999996300 ) ) ;
#1788 = CARTESIAN_POINT ( 'NONE',  ( 1.545336663013169100, 3.950950913074011700E-015, -9.624999999999976900 ) ) ;
#1789 = CARTESIAN_POINT ( 'NONE',  ( -2.158205648456237700E-014, 1.545336663013167300, -5.249999999999984900 ) ) ;
#1790 = EDGE_CURVE ( 'NONE', #7022, #2678, #4954, .T. ) ;
#1791 = ORIENTED_EDGE ( 'NONE', *, *, #7647, .T. ) ;
#1792 = CARTESIAN_POINT ( 'NONE',  ( 1.545336663013168900, 9.470661747515645500E-015, -6.912499999999981000 ) ) ;
#1793 = CYLINDRICAL_SURFACE ( 'NONE', #3313, 3.500000000000000000 ) ;
#1794 =( BOUNDED_CURVE ( )  B_SPLINE_CURVE ( 2, ( #1974, #4532, #2712, #3359, #855, #7629, #2679, #794, #772 ),
 .UNSPECIFIED., .F., .F. ) 
 B_SPLINE_CURVE_WITH_KNOTS ( ( 3, 2, 2, 2, 3 ),
 ( 0.1544117647058824400, 0.1568627450980392100, 0.1617647058823529500, 0.1666666666666666600, 0.1691176470588236200 ),
 .UNSPECIFIED. ) 
 CURVE ( )  GEOMETRIC_REPRESENTATION_ITEM ( )  RATIONAL_B_SPLINE_CURVE ( ( 0.9330127018922194100, 0.9330127018922220700, 1.000000000000000000, 0.8660254037844387100, 1.000000000000000000, 0.8660254037844387100, 1.000000000000000000, 0.9330127018922167400, 0.9330127018922194100 ) ) 
 REPRESENTATION_ITEM ( '' )  );
#1795 = CARTESIAN_POINT ( 'NONE',  ( -1.338300807568886700, 0.7726683315065640000, -19.92083333333328500 ) ) ;
#1796 = VERTEX_POINT ( 'NONE', #3042 ) ;
#1797 = CARTESIAN_POINT ( 'NONE',  ( 1.154700538379223000, 2.000000000000016000, -16.15833333333329200 ) ) ;
#1798 = CARTESIAN_POINT ( 'NONE',  ( 1.999999999999997100, -0.5358983848622270700, -6.506260739116946500 ) ) ;
#1799 = CARTESIAN_POINT ( 'NONE',  ( 1.154700538379223000, 2.000000000000016000, -12.74583333333330000 ) ) ;
#1800 = LINE ( 'NONE', #3187, #5047 ) ;
#1801 = EDGE_CURVE ( 'NONE', #8007, #411, #8084, .T. ) ;
#1802 = DIRECTION ( 'NONE',  ( 0.0000000000000000000, 0.0000000000000000000, 1.000000000000000000 ) ) ;
#1803 = AXIS2_PLACEMENT_3D ( 'NONE', #1048, #2360, #3003 ) ;
#1804 = FACE_BOUND ( 'NONE', #6775, .T. ) ;
#1805 = ORIENTED_EDGE ( 'NONE', *, *, #3338, .F. ) ;
#1806 = CARTESIAN_POINT ( 'NONE',  ( 3.672390233521821700E-014, -1.545336663013167300, -16.79999999999995800 ) ) ;
#1807 = DIRECTION ( 'NONE',  ( 1.000000000000000000, 0.0000000000000000000, 0.0000000000000000000 ) ) ;
#1808 = CARTESIAN_POINT ( 'NONE',  ( -1.545336663013167500, -0.4140717108886056700, -10.03123926088300900 ) ) ;
#1809 = ORIENTED_EDGE ( 'NONE', *, *, #5234, .T. ) ;
#1810 = VERTEX_POINT ( 'NONE', #6203 ) ;
#1811 = FACE_OUTER_BOUND ( 'NONE', #7032, .T. ) ;
#1812 = CARTESIAN_POINT ( 'NONE',  ( 1.545336663013169100, 3.166570952390200700E-015, -8.312499999999980500 ) ) ;
#1813 = EDGE_CURVE ( 'NONE', #4590, #539, #6616, .T. ) ;
#1814 = ORIENTED_EDGE ( 'NONE', *, *, #1255, .T. ) ;
#1815 = CARTESIAN_POINT ( 'NONE',  ( 1.545336663013166200, 1.051650169509406100E-014, -12.42499999999996900 ) ) ;
#1816 = ADVANCED_FACE ( 'NONE', ( #5360 ), #2202, .T. ) ;
#1817 = CARTESIAN_POINT ( 'NONE',  ( 2.168404344971008900E-016, -1.732050807568877600, -26.00000000000000000 ) ) ;
#1818 = CARTESIAN_POINT ( 'NONE',  ( -0.8922005383791974400, -1.545336663013197300, -14.14583333333329700 ) ) ;
#1819 = AXIS2_PLACEMENT_3D ( 'NONE', #3825, #3217, #5769 ) ;
#1820 = CARTESIAN_POINT ( 'NONE',  ( -2.158205648456237700E-014, 1.545336663013167300, -5.949999999999983300 ) ) ;
#1821 = VERTEX_POINT ( 'NONE', #18 ) ;
#1822 = EDGE_LOOP ( 'NONE', ( #5722, #5048, #1674, #8086 ) ) ;
#1823 = CARTESIAN_POINT ( 'NONE',  ( -1.338300807568886700, 0.7726683315065640000, -22.72083333333327500 ) ) ;
#1824 = CARTESIAN_POINT ( 'NONE',  ( 2.817678007057453100E-014, -2.000000000000000000, -16.44999999999995700 ) ) ;
#1825 = CARTESIAN_POINT ( 'NONE',  ( -1.154700538379287400, 1.999999999999979100, -1.429166666666660300 ) ) ;
#1826 = CARTESIAN_POINT ( 'NONE',  ( -1.545336663013169100, 2.527446539981169400E-015, -9.274999999999977300 ) ) ;
#1827 = CARTESIAN_POINT ( 'NONE',  ( 4.165037078374177900E-014, -2.000000000000000000, -8.137499999999978000 ) ) ;
#1828 = ORIENTED_EDGE ( 'NONE', *, *, #417, .F. ) ;
#1829 = CARTESIAN_POINT ( 'NONE',  ( -1.338300807568859400, -0.7726683315066111800, -4.316666666666654000 ) ) ;
#1830 = CARTESIAN_POINT ( 'NONE',  ( 1.154700538379223000, 2.000000000000016000, -13.44583333333329700 ) ) ;
#1831 = CARTESIAN_POINT ( 'NONE',  ( -1.499999999999999800, 0.8660254037844392600, -26.00000000000000000 ) ) ;
#1832 = ORIENTED_EDGE ( 'NONE', *, *, #5814, .T. ) ;
#1833 = FACE_OUTER_BOUND ( 'NONE', #4535, .T. ) ;
#1834 = CARTESIAN_POINT ( 'NONE',  ( 1.545336663013166600, -0.4140717108885521600, -17.44376073911691800 ) ) ;
#1835 = CARTESIAN_POINT ( 'NONE',  ( -0.8922005383792859200, 1.545336663013146600, -17.09166666666662200 ) ) ;
#1836 = CYLINDRICAL_SURFACE ( 'NONE', #2345, 1.545336663013167300 ) ;
#1837 = CARTESIAN_POINT ( 'NONE',  ( 1.154700538379223000, 2.000000000000016000, -0.1458333333333298500 ) ) ;
#1838 = CARTESIAN_POINT ( 'NONE',  ( 1.545336663013166000, -5.810221930991194200E-017, -13.12499999999996800 ) ) ;
#1839 = CARTESIAN_POINT ( 'NONE',  ( 0.0000000000000000000, 0.0000000000000000000, 0.0000000000000000000 ) ) ;
#1840 = EDGE_CURVE ( 'NONE', #7758, #7628, #6821, .T. ) ;
#1841 = VERTEX_POINT ( 'NONE', #4414 ) ;
#1843 = CARTESIAN_POINT ( 'NONE',  ( -1.999999999999998200, -9.354457308895821800E-015, -18.02499999999995600 ) ) ;
#1842 = LINE ( 'NONE', #2704, #174 ) ;
#1844 = AXIS2_PLACEMENT_3D ( 'NONE', #3609, #5533, #7947 ) ;
#1845 = CARTESIAN_POINT ( 'NONE',  ( 1.545336663013175700, -0.4140717108885424400, -18.14376073911691700 ) ) ;
#1846 = CARTESIAN_POINT ( 'NONE',  ( 0.8922005383792283000, 1.545336663013179700, -8.108333333333311200 ) ) ;
#1847 = CARTESIAN_POINT ( 'NONE',  ( 1.545336663013166200, 1.167854608129230000E-014, -15.92499999999996000 ) ) ;
#1848 = CARTESIAN_POINT ( 'NONE',  ( -2.793185071074506100E-014, 2.000000000000000000, 1.843143693225357500E-015 ) ) ;
#1849 = CARTESIAN_POINT ( 'NONE',  ( -1.732050807568862800, -1.000000000000025100, -20.06666666666661700 ) ) ;
#1850 = CARTESIAN_POINT ( 'NONE',  ( 1.732050807568861200, 1.000000000000028000, -1.604166666666659600 ) ) ;
#1851 = EDGE_CURVE ( 'NONE', #7313, #4384, #3066, .T. ) ;
#1852 = CARTESIAN_POINT ( 'NONE',  ( 1.545336663013166200, 1.397358374403382100E-014, -17.41249999999995200 ) ) ;
#1853 = CARTESIAN_POINT ( 'NONE',  ( 2.309401076758502900, 3.239433308545619500E-014, -14.96249999999995900 ) ) ;
#1854 = ADVANCED_FACE ( 'NONE', ( #1992 ), #6234, .T. ) ;
#1855 = EDGE_LOOP ( 'NONE', ( #4573, #854, #7962, #5557 ) ) ;
#1856 = CARTESIAN_POINT ( 'NONE',  ( -5.340945597810272300E-014, 2.000000000000000000, -15.39999999999996300 ) ) ;
#1857 = DIRECTION ( 'NONE',  ( 1.000000000000000000, 0.0000000000000000000, 0.0000000000000000000 ) ) ;
#1858 = CARTESIAN_POINT ( 'NONE',  ( -0.8071712571060605200, -1.647364574235118800, -22.00000000000005000 ) ) ;
#1859 = CARTESIAN_POINT ( 'NONE',  ( -1.545336663013166200, -2.963213184805508800E-015, -8.662499999999978300 ) ) ;
#1860 = CARTESIAN_POINT ( 'NONE',  ( 1.338300807568889100, -0.7726683315065598900, -3.383333333333322200 ) ) ;
#1861 = ORIENTED_EDGE ( 'NONE', *, *, #4797, .F. ) ;
#1862 = CARTESIAN_POINT ( 'NONE',  ( 1.732050807568860800, 1.000000000000029100, -3.004166666666656200 ) ) ;
#1863 = EDGE_CURVE ( 'NONE', #5612, #3965, #6018, .T. ) ;
#1864 =( BOUNDED_CURVE ( )  B_SPLINE_CURVE ( 2, ( #2644, #788, #1443, #3292, #187, #4503, #4588, #3993, #819 ),
 .UNSPECIFIED., .F., .F. ) 
 B_SPLINE_CURVE_WITH_KNOTS ( ( 3, 2, 2, 2, 3 ),
 ( 0.7573529411764706700, 0.7598039215686274200, 0.7647058823529411200, 0.7696078431372549400, 0.7720588235294119100 ),
 .UNSPECIFIED. ) 
 CURVE ( )  GEOMETRIC_REPRESENTATION_ITEM ( )  RATIONAL_B_SPLINE_CURVE ( ( 0.9330127018922194100, 0.9330127018922224100, 1.000000000000000000, 0.8660254037844387100, 1.000000000000000000, 0.8660254037844387100, 1.000000000000000000, 0.9330127018922163000, 0.9330127018922194100 ) ) 
 REPRESENTATION_ITEM ( '' )  );
#1865 = CARTESIAN_POINT ( 'NONE',  ( 0.0000000000000000000, 0.0000000000000000000, 0.0000000000000000000 ) ) ;
#1866 = CARTESIAN_POINT ( 'NONE',  ( 1.545336663013169100, 0.4140717108886060000, -11.08123926088300900 ) ) ;
#1867 = CARTESIAN_POINT ( 'NONE',  ( 0.0000000000000000000, 0.0000000000000000000, -22.00000000000000000 ) ) ;
#1868 = CARTESIAN_POINT ( 'NONE',  ( 1.999999999999998200, 1.911563015296102800E-014, -21.87499999999994700 ) ) ;
#1869 = CARTESIAN_POINT ( 'NONE',  ( -1.338300807568886700, 0.7726683315065640000, -8.633333333333308000 ) ) ;
#1870 =( BOUNDED_CURVE ( )  B_SPLINE_CURVE ( 2, ( #4239, #4872, #1082, #5501, #2881, #5451, #1719, #3629, #990 ),
 .UNSPECIFIED., .F., .F. ) 
 B_SPLINE_CURVE_WITH_KNOTS ( ( 3, 2, 2, 2, 3 ),
 ( 0.5073529411764706700, 0.5098039215686274200, 0.5147058823529411200, 0.5196078431372549400, 0.5220588235294119100 ),
 .UNSPECIFIED. ) 
 CURVE ( )  GEOMETRIC_REPRESENTATION_ITEM ( )  RATIONAL_B_SPLINE_CURVE ( ( 0.9330127018922194100, 0.9330127018922224100, 1.000000000000000000, 0.8660254037844387100, 1.000000000000000000, 0.8660254037844387100, 1.000000000000000000, 0.9330127018922163000, 0.9330127018922194100 ) ) 
 REPRESENTATION_ITEM ( '' )  );
#1871 = CARTESIAN_POINT ( 'NONE',  ( -1.500000000000000200, -0.8660254037844387100, -26.00000000000000000 ) ) ;
#1872 = CARTESIAN_POINT ( 'NONE',  ( -2.309401076758502900, -3.267715314911616300E-014, -3.324999999999990400 ) ) ;
#1873 = ORIENTED_EDGE ( 'NONE', *, *, #5823, .T. ) ;
#1874 = CARTESIAN_POINT ( 'NONE',  ( -1.154700538379222800, -2.000000000000016400, -21.40833333333327800 ) ) ;
#1875 = AXIS2_PLACEMENT_3D ( 'NONE', #3005, #6708, #6684 ) ;
#1876 = CARTESIAN_POINT ( 'NONE',  ( -1.465837531754079700, -1.461094919360559800, -0.5272694630372974900 ) ) ;
#1877 = CARTESIAN_POINT ( 'NONE',  ( 6.124967141519214200E-014, -2.000000000000000000, -15.83749999999995600 ) ) ;
#1878 = VECTOR ( 'NONE', #4860, 1000.000000000000000 ) ;
#1879 = CARTESIAN_POINT ( 'NONE',  ( 1.154700538379280100, -1.999999999999983300, -12.27916666666663500 ) ) ;
#1880 = ORIENTED_EDGE ( 'NONE', *, *, #7960, .T. ) ;
#1881 = ORIENTED_EDGE ( 'NONE', *, *, #492, .T. ) ;
#1882 = CARTESIAN_POINT ( 'NONE',  ( -2.000000000000006200, 1.626862140677534200E-014, -14.52499999999996700 ) ) ;
#1883 = ORIENTED_EDGE ( 'NONE', *, *, #7479, .T. ) ;
#1884 = CARTESIAN_POINT ( 'NONE',  ( 0.8922005383792754900, -1.545336663013152900, -7.729166666666646500 ) ) ;
#1885 = CARTESIAN_POINT ( 'NONE',  ( -1.314611115121297800, -1.165651122149561300, -21.99999999999999600 ) ) ;
#1886 = CARTESIAN_POINT ( 'NONE',  ( 1.732050807568915800, -0.9999999999999332800, -21.32083333333327600 ) ) ;
#1887 = CARTESIAN_POINT ( 'NONE',  ( 1.732050807568854500, 1.000000000000039700, -20.50416666666661300 ) ) ;
#1888 = ORIENTED_EDGE ( 'NONE', *, *, #2433, .F. ) ;
#1889 = CONICAL_SURFACE ( 'NONE', #6794, 3.150000000000003000, 0.7853981633974496100 ) ;
#1890 = DIRECTION ( 'NONE',  ( -0.0000000000000000000, -0.0000000000000000000, -1.000000000000000000 ) ) ;
#1891 = ORIENTED_EDGE ( 'NONE', *, *, #3448, .T. ) ;
#1892 = ADVANCED_FACE ( 'NONE', ( #6432 ), #7895, .T. ) ;
#1893 = CARTESIAN_POINT ( 'NONE',  ( -1.154700538379311600, 1.999999999999965400, -16.12916666666662000 ) ) ;
#1894 = CARTESIAN_POINT ( 'NONE',  ( -2.000000000000000000, -2.672702088255949100E-015, -4.812499999999986700 ) ) ;
#1895 = CARTESIAN_POINT ( 'NONE',  ( 1.784401076758500100, 2.503007529540795900E-014, -10.32499999999996900 ) ) ;
#1896 = EDGE_CURVE ( 'NONE', #3531, #2604, #4552, .T. ) ;
#1897 = VECTOR ( 'NONE', #5157, 1000.000000000000000 ) ;
#1898 = ORIENTED_EDGE ( 'NONE', *, *, #3910, .F. ) ;
#1899 = CARTESIAN_POINT ( 'NONE',  ( -1.732050807568862800, -1.000000000000025100, -1.166666666666662100 ) ) ;
#1900 = CARTESIAN_POINT ( 'NONE',  ( -2.158205648456237400E-014, 1.545336663013167300, -17.93749999999995400 ) ) ;
#1901 = CARTESIAN_POINT ( 'NONE',  ( -2.793185071074506100E-014, 2.000000000000000000, -23.09999999999994500 ) ) ;
#1902 = ORIENTED_EDGE ( 'NONE', *, *, #1705, .F. ) ;
#1903 = CARTESIAN_POINT ( 'NONE',  ( -1.732050807568852800, -1.000000000000042900, -15.95416666666662300 ) ) ;
#1904 =( BOUNDED_CURVE ( )  B_SPLINE_CURVE ( 2, ( #4952, #3651, #5630, #8049, #1856, #6200, #6271, #5001, #2430 ),
 .UNSPECIFIED., .F., .F. ) 
 B_SPLINE_CURVE_WITH_KNOTS ( ( 3, 2, 2, 2, 3 ),
 ( 0.6691176470588235900, 0.6715686274509803400, 0.6764705882352941600, 0.6813725490196078600, 0.6838235294117648300 ),
 .UNSPECIFIED. ) 
 CURVE ( )  GEOMETRIC_REPRESENTATION_ITEM ( )  RATIONAL_B_SPLINE_CURVE ( ( 0.9330127018922194100, 0.9330127018922224100, 1.000000000000000000, 0.8660254037844387100, 1.000000000000000000, 0.8660254037844387100, 1.000000000000000000, 0.9330127018922163000, 0.9330127018922194100 ) ) 
 REPRESENTATION_ITEM ( '' )  );
#1905 = ORIENTED_EDGE ( 'NONE', *, *, #6348, .F. ) ;
#1906 = FACE_OUTER_BOUND ( 'NONE', #6900, .T. ) ;
#1907 = CYLINDRICAL_SURFACE ( 'NONE', #6289, 2.000000000000000000 ) ;
#1908 = CARTESIAN_POINT ( 'NONE',  ( -2.309401076758502900, -3.267715314911616300E-014, -14.61249999999996200 ) ) ;
#1909 = ORIENTED_EDGE ( 'NONE', *, *, #5670, .T. ) ;
#1910 = EDGE_CURVE ( 'NONE', #5819, #1716, #6719, .T. ) ;
#1911 = DIRECTION ( 'NONE',  ( -0.0000000000000000000, -0.0000000000000000000, -1.000000000000000000 ) ) ;
#1912 = CARTESIAN_POINT ( 'NONE',  ( 1.732050807568891200, -0.9999999999999753500, -1.020833333333327500 ) ) ;
#1913 = CARTESIAN_POINT ( 'NONE',  ( 0.2370386979262561800, 1.595196451512795400, -25.87480464285493700 ) ) ;
#1914 = DIRECTION ( 'NONE',  ( -1.000000000000000000, 0.0000000000000000000, 0.0000000000000000000 ) ) ;
#1915 = FACE_OUTER_BOUND ( 'NONE', #5837, .T. ) ;
#1916 = VERTEX_POINT ( 'NONE', #2560 ) ;
#1917 = DIRECTION ( 'NONE',  ( 0.0000000000000000000, 0.0000000000000000000, 1.000000000000000000 ) ) ;
#1918 = EDGE_CURVE ( 'NONE', #5899, #1581, #6054, .T. ) ;
#1919 = DIRECTION ( 'NONE',  ( 1.000000000000000000, 0.0000000000000000000, 0.0000000000000000000 ) ) ;
#1920 = CALENDAR_DATE ( 2021, 9, 9 ) ;
#1921 = CARTESIAN_POINT ( 'NONE',  ( -2.000000000000000000, 4.764381983412779500E-015, -3.324999999999993500 ) ) ;
#1922 = AXIS2_PLACEMENT_3D ( 'NONE', #3841, #7705, #3232 ) ;
#1923 = PLANE ( 'NONE',  #562 ) ;
#1924 = CARTESIAN_POINT ( 'NONE',  ( 1.784401076758500100, 2.503007529540795900E-014, -9.624999999999973400 ) ) ;
#1925 = ORIENTED_EDGE ( 'NONE', *, *, #5121, .F. ) ;
#1926 = CARTESIAN_POINT ( 'NONE',  ( -3.500000000000000000, 4.286263797015736600E-016, -26.00000000000000000 ) ) ;
#1927 = CARTESIAN_POINT ( 'NONE',  ( 1.545336663013169100, 3.166570952390200700E-015, -8.312499999999980500 ) ) ;
#1928 = CARTESIAN_POINT ( 'NONE',  ( -2.309401076758502900, -3.267715314911616300E-014, -2.624999999999991600 ) ) ;
#1929 = CARTESIAN_POINT ( 'NONE',  ( 1.338300807568886300, -0.7726683315065647800, -17.47083333333328900 ) ) ;
#1930 = CARTESIAN_POINT ( 'NONE',  ( -1.732050807568891800, 0.9999999999999742400, -20.88333333333328300 ) ) ;
#1931 = CARTESIAN_POINT ( 'NONE',  ( -1.999999999999998200, 2.051008341639891300E-014, -21.52499999999995200 ) ) ;
#1932 = ORIENTED_EDGE ( 'NONE', *, *, #1126, .F. ) ;
#1933 = FACE_OUTER_BOUND ( 'NONE', #5430, .T. ) ;
#1934 = CARTESIAN_POINT ( 'NONE',  ( 0.8922005383792996900, -1.545336663013138900, -11.84166666666663700 ) ) ;
#1935 = CARTESIAN_POINT ( 'NONE',  ( 1.732050807568863200, 1.000000000000024400, -17.70416666666662000 ) ) ;
#1936 = VECTOR ( 'NONE', #6974, 1000.000000000000000 ) ;
#1937 = ADVANCED_FACE ( 'NONE', ( #1187 ), #4669, .T. ) ;
#1938 = CARTESIAN_POINT ( 'NONE',  ( 0.8922005383792935800, -1.545336663013142200, -20.94166666666661300 ) ) ;
#1939 =( BOUNDED_CURVE ( )  B_SPLINE_CURVE ( 2, ( #223, #4089, #2680, #2129, #4837, #1049, #7087, #7718, #194 ),
 .UNSPECIFIED., .F., .F. ) 
 B_SPLINE_CURVE_WITH_KNOTS ( ( 3, 2, 2, 2, 3 ),
 ( 0.6838235294117648300, 0.6862745098039215700, 0.6911764705882352800, 0.6960784313725489900, 0.6985294117647059500 ),
 .UNSPECIFIED. ) 
 CURVE ( )  GEOMETRIC_REPRESENTATION_ITEM ( )  RATIONAL_B_SPLINE_CURVE ( ( 0.9330127018922194100, 0.9330127018922224100, 1.000000000000000000, 0.8660254037844387100, 1.000000000000000000, 0.8660254037844387100, 1.000000000000000000, 0.9330127018922163000, 0.9330127018922194100 ) ) 
 REPRESENTATION_ITEM ( '' )  );
#1940 = DIRECTION ( 'NONE',  ( 0.0000000000000000000, 0.0000000000000000000, 1.000000000000000000 ) ) ;
#1941 = CARTESIAN_POINT ( 'NONE',  ( 1.154700538379223000, 2.000000000000016000, -3.645833333333321900 ) ) ;
#1942 = DIRECTION ( 'NONE',  ( -1.000000000000000000, 0.0000000000000000000, 0.0000000000000000000 ) ) ;
#1943 = FACE_OUTER_BOUND ( 'NONE', #7116, .T. ) ;
#1944 = CARTESIAN_POINT ( 'NONE',  ( 2.000000000000006200, 1.958044790744032300E-014, -20.56249999999994700 ) ) ;
#1945 = CARTESIAN_POINT ( 'NONE',  ( -1.500000000000000000, -0.1524896922677098400, -25.76794919243112100 ) ) ;
#1946 = EDGE_CURVE ( 'NONE', #2267, #2825, #2820, .T. ) ;
#1947 = DIRECTION ( 'NONE',  ( 0.8191520442889933500, 1.003171929053526600E-016, -0.5735764363510438300 ) ) ;
#1948 = CARTESIAN_POINT ( 'NONE',  ( 1.999999999999989600, 0.5358983848622933500, -21.23123926088298700 ) ) ;
#1949 = DIRECTION ( 'NONE',  ( 0.0000000000000000000, 0.0000000000000000000, -1.000000000000000000 ) ) ;
#1950 =( BOUNDED_CURVE ( )  B_SPLINE_CURVE ( 2, ( #3352, #209, #847, #3262, #2669, #5254, #2114, #2642, #1411 ),
 .UNSPECIFIED., .F., .F. ) 
 B_SPLINE_CURVE_WITH_KNOTS ( ( 3, 2, 2, 2, 3 ),
 ( 0.2867647058823530300, 0.2892156862745098300, 0.2941176470588235400, 0.2990196078431372500, 0.3014705882352942100 ),
 .UNSPECIFIED. ) 
 CURVE ( )  GEOMETRIC_REPRESENTATION_ITEM ( )  RATIONAL_B_SPLINE_CURVE ( ( 0.9330127018922194100, 0.9330127018922216300, 1.000000000000000000, 0.8660254037844387100, 1.000000000000000000, 0.8660254037844387100, 1.000000000000000000, 0.9330127018922163000, 0.9330127018922194100 ) ) 
 REPRESENTATION_ITEM ( '' )  );
#1951 = CARTESIAN_POINT ( 'NONE',  ( -2.158205648456237700E-014, 1.545336663013167300, -13.64999999999996500 ) ) ;
#1952 = CARTESIAN_POINT ( 'NONE',  ( -1.545336663013167700, 0.4140717108885476100, -15.60626073911692500 ) ) ;
#1953 = EDGE_LOOP ( 'NONE', ( #7983, #6727, #7974, #7520 ) ) ;
#1954 = CARTESIAN_POINT ( 'NONE',  ( -1.154700538379222800, -2.000000000000016400, -1.108333333333328700 ) ) ;
#1955 = CARTESIAN_POINT ( 'NONE',  ( 2.177130564435878500E-014, -1.545336663013167300, -18.98749999999994700 ) ) ;
#1956 = CARTESIAN_POINT ( 'NONE',  ( 1.732050807568891200, -0.9999999999999753500, -22.63333333333327600 ) ) ;
#1957 =( BOUNDED_CURVE ( )  B_SPLINE_CURVE ( 2, ( #79, #7602, #3185, #3148, #1979, #7547, #1305, #3799, #3853 ),
 .UNSPECIFIED., .F., .F. ) 
 B_SPLINE_CURVE_WITH_KNOTS ( ( 3, 2, 2, 2, 3 ),
 ( 0.2867647058823530300, 0.2892156862745098300, 0.2941176470588235400, 0.2990196078431372500, 0.3014705882352942100 ),
 .UNSPECIFIED. ) 
 CURVE ( )  GEOMETRIC_REPRESENTATION_ITEM ( )  RATIONAL_B_SPLINE_CURVE ( ( 0.9330127018922194100, 0.9330127018922216300, 1.000000000000000000, 0.8660254037844387100, 1.000000000000000000, 0.8660254037844387100, 1.000000000000000000, 0.9330127018922163000, 0.9330127018922194100 ) ) 
 REPRESENTATION_ITEM ( '' )  );
#1958 = EDGE_CURVE ( 'NONE', #3261, #7563, #3163, .T. ) ;
#1959 = CARTESIAN_POINT ( 'NONE',  ( -1.999999999999998200, 2.051008341639891300E-014, -20.91249999999994800 ) ) ;
#1960 = ORIENTED_EDGE ( 'NONE', *, *, #1426, .T. ) ;
#1961 =( BOUNDED_CURVE ( )  B_SPLINE_CURVE ( 2, ( #978, #5490, #1605, #6028, #2894, #7262, #4156, #387, #4176 ),
 .UNSPECIFIED., .F., .F. ) 
 B_SPLINE_CURVE_WITH_KNOTS ( ( 3, 2, 2, 2, 3 ),
 ( 0.3750000000000001100, 0.3774509803921568500, 0.3823529411764705600, 0.3872549019607843300, 0.3897058823529412900 ),
 .UNSPECIFIED. ) 
 CURVE ( )  GEOMETRIC_REPRESENTATION_ITEM ( )  RATIONAL_B_SPLINE_CURVE ( ( 0.9330127018922194100, 0.9330127018922224100, 1.000000000000000000, 0.8660254037844387100, 1.000000000000000000, 0.8660254037844387100, 1.000000000000000000, 0.9330127018922163000, 0.9330127018922194100 ) ) 
 REPRESENTATION_ITEM ( '' )  );
#1962 = CARTESIAN_POINT ( 'NONE',  ( -1.732050807568908700, 0.9999999999999451500, -11.87083333333330200 ) ) ;
#1963 = CARTESIAN_POINT ( 'NONE',  ( -2.309401076758502900, -3.267715314911616300E-014, -16.71249999999995200 ) ) ;
#1964 = ORIENTED_EDGE ( 'NONE', *, *, #7564, .T. ) ;
#1965 = CARTESIAN_POINT ( 'NONE',  ( -2.000000000000010700, -0.5358983848622577200, -14.49373926088300200 ) ) ;
#1966 = CARTESIAN_POINT ( 'NONE',  ( -1.154700538379280800, 1.999999999999983100, -4.229166666666653600 ) ) ;
#1967 = CARTESIAN_POINT ( 'NONE',  ( 5.421010862427522200E-016, 1.732050807568877600, -26.00000000000000000 ) ) ;
#1968 = CARTESIAN_POINT ( 'NONE',  ( -1.732050807568911600, 0.9999999999999401600, -20.27083333333327900 ) ) ;
#1969 = EDGE_CURVE ( 'NONE', #3008, #411, #5134, .T. ) ;
#1970 = ORIENTED_EDGE ( 'NONE', *, *, #3338, .T. ) ;
#1971 = AXIS2_PLACEMENT_3D ( 'NONE', #3339, #1458, #7665 ) ;
#1972 = FACE_OUTER_BOUND ( 'NONE', #3395, .T. ) ;
#1973 = CARTESIAN_POINT ( 'NONE',  ( 0.8922005383792784800, -1.545336663013150900, -13.32916666666663200 ) ) ;
#1974 = CARTESIAN_POINT ( 'NONE',  ( 1.545336663013167500, -3.544235377904629100E-015, -2.624999999999994700 ) ) ;
#1975 = ADVANCED_FACE ( 'NONE', ( #7994 ), #1779, .T. ) ;
#1976 = CARTESIAN_POINT ( 'NONE',  ( -1.544874621343060200, 0.03778632534141219300, -0.1778527147052652000 ) ) ;
#1977 = ORIENTED_EDGE ( 'NONE', *, *, #1910, .T. ) ;
#1978 = CARTESIAN_POINT ( 'NONE',  ( -1.338300807568905800, 0.7726683315065309100, -14.23333333333329500 ) ) ;
#1979 = CARTESIAN_POINT ( 'NONE',  ( -3.634731708256822900E-014, 1.545336663013167300, -5.949999999999983300 ) ) ;
#1980 = CARTESIAN_POINT ( 'NONE',  ( -2.158205648456237700E-014, 1.545336663013167300, -12.24999999999996800 ) ) ;
#1981 = CARTESIAN_POINT ( 'NONE',  ( -1.732050807568916700, 0.9999999999999315000, -13.97083333333329800 ) ) ;
#1982 = CARTESIAN_POINT ( 'NONE',  ( 0.0000000000000000000, 0.0000000000000000000, -22.00000000000000000 ) ) ;
#1983 = ORIENTED_EDGE ( 'NONE', *, *, #1840, .F. ) ;
#1984 = CARTESIAN_POINT ( 'NONE',  ( -1.732050807568862800, -1.000000000000025100, -4.666666666666652800 ) ) ;
#1985 = CARTESIAN_POINT ( 'NONE',  ( 0.8922005383792283000, 1.545336663013179700, -19.39583333333328600 ) ) ;
#1986 = CARTESIAN_POINT ( 'NONE',  ( -1.732050807568844800, -1.000000000000056400, -18.05416666666661700 ) ) ;
#1987 = CARTESIAN_POINT ( 'NONE',  ( -1.338300807568892200, 0.7726683315065542300, -5.133333333333318600 ) ) ;
#1988 = CARTESIAN_POINT ( 'NONE',  ( -2.000000000000000000, -0.5358983848622844700, -15.98123926088299700 ) ) ;
#1989 = ORIENTED_EDGE ( 'NONE', *, *, #100, .T. ) ;
#1990 = CARTESIAN_POINT ( 'NONE',  ( -1.545336663013160000, 0.4140717108885685900, -13.50626073911693000 ) ) ;
#1991 = CARTESIAN_POINT ( 'NONE',  ( 1.732050807568891200, -0.9999999999999753500, -19.22083333333328200 ) ) ;
#1992 = FACE_OUTER_BOUND ( 'NONE', #8099, .T. ) ;
#1993 = ORIENTED_EDGE ( 'NONE', *, *, #1896, .F. ) ;
#1994 = CARTESIAN_POINT ( 'NONE',  ( 0.0000000000000000000, 0.0000000000000000000, 0.0000000000000000000 ) ) ;
#1995 = VECTOR ( 'NONE', #5515, 1000.000000000000000 ) ;
#1996 = CARTESIAN_POINT ( 'NONE',  ( 1.732050807568903600, -0.9999999999999544800, -6.620833333333314000 ) ) ;
#1997 = CARTESIAN_POINT ( 'NONE',  ( -1.005607740932629200, -1.728801050258928800, -0.4962114106110250800 ) ) ;
#1998 = CARTESIAN_POINT ( 'NONE',  ( 2.817678007057453700E-014, -2.000000000000000000, -1.837499999999992400 ) ) ;
#1999 = AXIS2_PLACEMENT_3D ( 'NONE', #6494, #213, #4621 ) ;
#2000 = CARTESIAN_POINT ( 'NONE',  ( 1.379409723058207400, 1.097327433894171200, -0.3276640044826312800 ) ) ;
#2001 = VECTOR ( 'NONE', #6622, 1000.000000000000000 ) ;
#2002 = CARTESIAN_POINT ( 'NONE',  ( -1.338300807568913300, 0.7726683315065179200, -21.93333333333327700 ) ) ;
#2003 = CC_DESIGN_APPROVAL ( #4863, ( #6133 ) ) ;
#2004 = VECTOR ( 'NONE', #6138, 1000.000000000000000 ) ;
#2005 = ORIENTED_EDGE ( 'NONE', *, *, #5991, .T. ) ;
#2006 = CARTESIAN_POINT ( 'NONE',  ( -2.000000000000000000, 2.449293598294706400E-016, -22.00000000000000000 ) ) ;
#2007 = CARTESIAN_POINT ( 'NONE',  ( 1.545336663013167500, 2.643650978600993100E-015, -5.512499999999986000 ) ) ;
#2008 = PLANE ( 'NONE',  #2839 ) ;
#2009 = EDGE_LOOP ( 'NONE', ( #1571, #6997, #6682, #3621 ) ) ;
#2010 = CARTESIAN_POINT ( 'NONE',  ( 3.773150102647024800E-014, -2.000000000000000000, -2.537499999999990800 ) ) ;
#2011 = CARTESIAN_POINT ( 'NONE',  ( -1.338300807568864000, -0.7726683315066029700, -11.31666666666663600 ) ) ;
#2012 = EDGE_CURVE ( 'NONE', #6651, #4595, #3058, .T. ) ;
#2013 = ORIENTED_EDGE ( 'NONE', *, *, #4155, .F. ) ;
#2014 = CARTESIAN_POINT ( 'NONE',  ( 2.309401076758502900, 3.239433308545618900E-014, -5.074999999999985100 ) ) ;
#2015 = CARTESIAN_POINT ( 'NONE',  ( 0.8922005383792722700, -1.545336663013154900, -16.82916666666662300 ) ) ;
#2016 = ORIENTED_EDGE ( 'NONE', *, *, #1660, .F. ) ;
#2017 = DIRECTION ( 'NONE',  ( 1.000000000000000000, 0.0000000000000000000, 0.0000000000000000000 ) ) ;
#2018 = DIRECTION ( 'NONE',  ( -1.000000000000000000, 0.0000000000000000000, 0.0000000000000000000 ) ) ;
#2019 = CARTESIAN_POINT ( 'NONE',  ( -1.545336663013166200, 1.600716141988073900E-014, -21.26249999999995300 ) ) ;
#2020 = CARTESIAN_POINT ( 'NONE',  ( 1.545336663013158900, 0.4140717108886211600, -21.49373926088298200 ) ) ;
#2021 = EDGE_LOOP ( 'NONE', ( #7242, #5856, #3503, #7958 ) ) ;
#2022 = ORIENTED_EDGE ( 'NONE', *, *, #2868, .T. ) ;
#2023 = CARTESIAN_POINT ( 'NONE',  ( -1.732050807568862800, -1.000000000000025100, -18.05416666666661700 ) ) ;
#2024 = APPROVAL_STATUS ( 'not_yet_approved' ) ;
#2025 = ADVANCED_FACE ( 'NONE', ( #2886 ), #5446, .T. ) ;
#2026 = EDGE_CURVE ( 'NONE', #3056, #6555, #5750, .T. ) ;
#2027 =( BOUNDED_CURVE ( )  B_SPLINE_CURVE ( 2, ( #4373, #4454, #602, #1893, #3823, #1226, #5728, #3146, #6335 ),
 .UNSPECIFIED., .F., .F. ) 
 B_SPLINE_CURVE_WITH_KNOTS ( ( 3, 2, 2, 2, 3 ),
 ( 0.7279411764705883100, 0.7303921568627450600, 0.7352941176470588800, 0.7401960784313725800, 0.7426470588235295500 ),
 .UNSPECIFIED. ) 
 CURVE ( )  GEOMETRIC_REPRESENTATION_ITEM ( )  RATIONAL_B_SPLINE_CURVE ( ( 0.9330127018922194100, 0.9330127018922224100, 1.000000000000000000, 0.8660254037844387100, 1.000000000000000000, 0.8660254037844387100, 1.000000000000000000, 0.9330127018922163000, 0.9330127018922194100 ) ) 
 REPRESENTATION_ITEM ( '' )  );
#2028 = AXIS2_PLACEMENT_3D ( 'NONE', #5202, #7767, #3962 ) ;
#2029 = DIRECTION ( 'NONE',  ( -0.0000000000000000000, -0.0000000000000000000, -1.000000000000000000 ) ) ;
#2030 = CARTESIAN_POINT ( 'NONE',  ( 1.732050807568904100, -0.9999999999999535900, -8.633333333333309800 ) ) ;
#2031 = CARTESIAN_POINT ( 'NONE',  ( 2.309401076758502900, 3.239433308545619500E-014, -2.362499999999991400 ) ) ;
#2032 = EDGE_LOOP ( 'NONE', ( #6147, #5870, #1245, #1932 ) ) ;
#2033 = CARTESIAN_POINT ( 'NONE',  ( 0.0000000000000000000, 0.0000000000000000000, 0.0000000000000000000 ) ) ;
#2034 = ORIENTED_EDGE ( 'NONE', *, *, #1603, .T. ) ;
#2035 = CARTESIAN_POINT ( 'NONE',  ( -0.8922005383792799300, 1.545336663013149800, -5.979166666666650100 ) ) ;
#2036 = CARTESIAN_POINT ( 'NONE',  ( -2.896468678356530000E-014, 1.545336663013167300, -2.449999999999991700 ) ) ;
#2037 = CARTESIAN_POINT ( 'NONE',  ( 1.999999999999998200, -0.5358983848622264100, -3.006260739116955800 ) ) ;
#2038 = AXIS2_PLACEMENT_3D ( 'NONE', #3601, #7987, #2258 ) ;
#2039 = CARTESIAN_POINT ( 'NONE',  ( 0.0000000000000000000, 0.0000000000000000000, 0.0000000000000000000 ) ) ;
#2040 = CARTESIAN_POINT ( 'NONE',  ( -0.8922005383792724900, 1.545336663013154900, -14.29166666666662700 ) ) ;
#2041 = CARTESIAN_POINT ( 'NONE',  ( -1.338300807568895100, 0.7726683315065492300, -15.72083333333329600 ) ) ;
#2042 = CARTESIAN_POINT ( 'NONE',  ( 1.999999999999998200, 1.708205247711410800E-014, -19.07499999999995300 ) ) ;
#2043 = ORIENTED_EDGE ( 'NONE', *, *, #7594, .F. ) ;
#2044 = CARTESIAN_POINT ( 'NONE',  ( 2.817678007057453100E-014, -2.000000000000000000, -5.249999999999985800 ) ) ;
#2045 = CARTESIAN_POINT ( 'NONE',  ( 2.177130564435878500E-014, -1.545336663013167300, -11.28749999999996900 ) ) ;
#2046 = LINE ( 'NONE', #1488, #2610 ) ;
#2047 = CARTESIAN_POINT ( 'NONE',  ( 2.000000000000001300, 0.5358983848622785900, -17.73123926088298700 ) ) ;
#2048 = CARTESIAN_POINT ( 'NONE',  ( 1.154700538379285200, -1.999999999999980500, -9.391666666666644400 ) ) ;
#2049 = CARTESIAN_POINT ( 'NONE',  ( -1.999999999999998200, 1.080701279164362200E-014, -8.224999999999980100 ) ) ;
#2050 = CARTESIAN_POINT ( 'NONE',  ( 1.732050807568863200, 1.000000000000024400, -14.81666666666662700 ) ) ;
#2051 = CARTESIAN_POINT ( 'NONE',  ( -1.154700538379280800, 1.999999999999983100, -18.92916666666661400 ) ) ;
#2052 = ORIENTED_EDGE ( 'NONE', *, *, #3870, .F. ) ;
#2053 =( BOUNDED_CURVE ( )  B_SPLINE_CURVE ( 2, ( #1545, #6592, #7949, #4835, #2332, #4228, #1701, #7998, #4277 ),
 .UNSPECIFIED., .F., .F. ) 
 B_SPLINE_CURVE_WITH_KNOTS ( ( 3, 2, 2, 2, 3 ),
 ( 0.09558823529411772400, 0.09803921568627450800, 0.1029411764705882300, 0.1078431372549019700, 0.1102941176470589000 ),
 .UNSPECIFIED. ) 
 CURVE ( )  GEOMETRIC_REPRESENTATION_ITEM ( )  RATIONAL_B_SPLINE_CURVE ( ( 0.9330127018922193000, 0.9330127018922214100, 1.000000000000000000, 0.8660254037844387100, 1.000000000000000000, 0.8660254037844387100, 1.000000000000000000, 0.9330127018922171900, 0.9330127018922193000 ) ) 
 REPRESENTATION_ITEM ( '' )  );
#2054 = AXIS2_PLACEMENT_3D ( 'NONE', #8055, #5540, #1760 ) ;
#2055 = DIRECTION ( 'NONE',  ( 1.000000000000000000, 0.0000000000000000000, 0.0000000000000000000 ) ) ;
#2056 = CARTESIAN_POINT ( 'NONE',  ( 1.154700538379280100, -1.999999999999983300, -5.279166666666649900 ) ) ;
#2057 = CARTESIAN_POINT ( 'NONE',  ( -1.999999999999992200, -0.5358983848622815800, -15.19373926088300100 ) ) ;
#2058 = CARTESIAN_POINT ( 'NONE',  ( 1.338300807568904200, -0.7726683315065335800, -18.78333333333328900 ) ) ;
#2059 = ORIENTED_EDGE ( 'NONE', *, *, #4899, .F. ) ;
#2060 = EDGE_CURVE ( 'NONE', #4494, #5748, #7889, .T. ) ;
#2061 = CARTESIAN_POINT ( 'NONE',  ( 1.154700538379211700, 2.000000000000022600, -4.258333333333321300 ) ) ;
#2062 = ORIENTED_EDGE ( 'NONE', *, *, #7079, .F. ) ;
#2063 = ADVANCED_FACE ( 'NONE', ( #5669 ), #5478, .T. ) ;
#2064 = CARTESIAN_POINT ( 'NONE',  ( -1.545336663013167500, -2.062628785501873700E-015, -5.162499999999987200 ) ) ;
#2065 = CARTESIAN_POINT ( 'NONE',  ( -1.545336663013166200, -0.4140717108886009500, -5.043739260883023200 ) ) ;
#2066 = CARTESIAN_POINT ( 'NONE',  ( 0.8922005383792283000, 1.545336663013179700, -13.00833333333329900 ) ) ;
#2067 = CARTESIAN_POINT ( 'NONE',  ( -0.8837092106213839700, 1.221841056931269900, -25.76827416960032500 ) ) ;
#2068 = CARTESIAN_POINT ( 'NONE',  ( 4.948811029828483500E-014, -2.000000000000000000, -19.94999999999995000 ) ) ;
#2069 = CARTESIAN_POINT ( 'NONE',  ( 0.8922005383792722700, -1.545336663013154900, -13.32916666666663200 ) ) ;
#2070 = CARTESIAN_POINT ( 'NONE',  ( 0.0000000000000000000, 0.0000000000000000000, 0.0000000000000000000 ) ) ;
#2071 = EDGE_CURVE ( 'NONE', #6524, #2904, #136, .T. ) ;
#2072 = CARTESIAN_POINT ( 'NONE',  ( 0.0000000000000000000, 0.0000000000000000000, -22.00000000000000000 ) ) ;
#2073 = CARTESIAN_POINT ( 'NONE',  ( -5.145002109946696100E-014, 2.000000000000000000, -11.98749999999996900 ) ) ;
#2074 = CARTESIAN_POINT ( 'NONE',  ( 2.309401076758502900, 3.239433308545618900E-014, -15.57499999999996200 ) ) ;
#2075 = CARTESIAN_POINT ( 'NONE',  ( 1.154700538379292300, -1.999999999999976700, -19.19166666666661700 ) ) ;
#2076 = CARTESIAN_POINT ( 'NONE',  ( 2.309401076758502900, 3.239433308545619500E-014, -20.56249999999994700 ) ) ;
#2077 = DIRECTION ( 'NONE',  ( 0.0000000000000000000, 0.0000000000000000000, 1.000000000000000000 ) ) ;
#2078 = ORIENTED_EDGE ( 'NONE', *, *, #4426, .F. ) ;
#2079 = CARTESIAN_POINT ( 'NONE',  ( 1.338300807568864300, 0.7726683315066025200, -2.654166666666657900 ) ) ;
#2080 = CARTESIAN_POINT ( 'NONE',  ( 4.581168813933169400E-014, -1.545336663013167300, -13.29999999999996500 ) ) ;
#2081 = FACE_OUTER_BOUND ( 'NONE', #5917, .T. ) ;
#2082 = CARTESIAN_POINT ( 'NONE',  ( 1.338300807568888700, -0.7726683315065606700, -1.370833333333327600 ) ) ;
#2083 = CARTESIAN_POINT ( 'NONE',  ( -1.732050807568830300, -1.000000000000081900, -19.45416666666661600 ) ) ;
#2084 = CARTESIAN_POINT ( 'NONE',  ( 1.154700538379280100, -1.999999999999983300, -5.979166666666648300 ) ) ;
#2085 = CARTESIAN_POINT ( 'NONE',  ( -1.545336663013166200, 1.830219908262226200E-014, -19.86249999999995800 ) ) ;
#2086 = EDGE_CURVE ( 'NONE', #4260, #6247, #4972, .T. ) ;
#2087 = ORIENTED_EDGE ( 'NONE', *, *, #4680, .F. ) ;
#2088 = AXIS2_PLACEMENT_3D ( 'NONE', #1207, #5626, #8141 ) ;
#2089 = ORIENTED_EDGE ( 'NONE', *, *, #340, .F. ) ;
#2090 = ORIENTED_EDGE ( 'NONE', *, *, #3880, .T. ) ;
#2091 = CARTESIAN_POINT ( 'NONE',  ( 1.154700538379292300, -1.999999999999976700, -18.57916666666661600 ) ) ;
#2092 = CARTESIAN_POINT ( 'NONE',  ( 1.999999999999998200, 1.615241696815551800E-014, -14.87499999999996400 ) ) ;
#2093 = DIRECTION ( 'NONE',  ( -0.0000000000000000000, -0.0000000000000000000, -1.000000000000000000 ) ) ;
#2094 = CARTESIAN_POINT ( 'NONE',  ( -1.338300807568886700, 0.7726683315065640000, -16.33333333333329300 ) ) ;
#2095 = CARTESIAN_POINT ( 'NONE',  ( 2.000000000000000000, -0.5358983848622280700, -0.9062607391169612600 ) ) ;
#2096 = AXIS2_PLACEMENT_3D ( 'NONE', #4812, #317, #4734 ) ;
#2097 = DIRECTION ( 'NONE',  ( 0.0000000000000000000, 0.0000000000000000000, 1.000000000000000000 ) ) ;
#2098 = CARTESIAN_POINT ( 'NONE',  ( 1.784401076758500100, 2.503007529540795600E-014, -10.41249999999997300 ) ) ;
#2099 = CARTESIAN_POINT ( 'NONE',  ( -6.908988685228154200E-014, 2.000000000000000000, -17.49999999999995700 ) ) ;
#2100 = VERTEX_POINT ( 'NONE', #5869 ) ;
#2101 = CARTESIAN_POINT ( 'NONE',  ( -2.000000000000001300, -0.5358983848622644900, -9.593739260883012300 ) ) ;
#2102 = CARTESIAN_POINT ( 'NONE',  ( 1.154700538379331400, -1.999999999999954000, -13.67916666666663200 ) ) ;
#2103 =( BOUNDED_CURVE ( )  B_SPLINE_CURVE ( 2, ( #1060, #6691, #7339, #4867, #1079, #392, #6092, #4796, #2226 ),
 .UNSPECIFIED., .F., .F. ) 
 B_SPLINE_CURVE_WITH_KNOTS ( ( 3, 2, 2, 2, 3 ),
 ( 0.8014705882352942700, 0.8039215686274510100, 0.8088235294117647200, 0.8137254901960784300, 0.8161764705882355000 ),
 .UNSPECIFIED. ) 
 CURVE ( )  GEOMETRIC_REPRESENTATION_ITEM ( )  RATIONAL_B_SPLINE_CURVE ( ( 0.9330127018922194100, 0.9330127018922224100, 1.000000000000000000, 0.8660254037844387100, 1.000000000000000000, 0.8660254037844387100, 1.000000000000000000, 0.9330127018922133000, 0.9330127018922194100 ) ) 
 REPRESENTATION_ITEM ( '' )  );
#2104 = CARTESIAN_POINT ( 'NONE',  ( -2.000000000000000400, -5.810221930991195400E-017, -1.312499999999995600 ) ) ;
#2105 = CARTESIAN_POINT ( 'NONE',  ( -1.732050807568891800, 0.9999999999999742400, -12.48333333333330100 ) ) ;
#2106 = CARTESIAN_POINT ( 'NONE',  ( 4.883967469607429500E-014, -1.545336663013167300, -18.98749999999994700 ) ) ;
#2107 = CYLINDRICAL_SURFACE ( 'NONE', #3746, 1.545336663013167300 ) ;
#2108 = CARTESIAN_POINT ( 'NONE',  ( 2.817678007057453700E-014, -2.000000000000000000, -22.13749999999994200 ) ) ;
#2109 = VERTEX_POINT ( 'NONE', #3470 ) ;
#2110 = CARTESIAN_POINT ( 'NONE',  ( -2.000000000000000400, -2.149782114466741500E-015, -4.112499999999989200 ) ) ;
#2111 = EDGE_LOOP ( 'NONE', ( #4932, #6982, #5862, #1286 ) ) ;
#2112 = ORIENTED_EDGE ( 'NONE', *, *, #4054, .T. ) ;
#2113 = CARTESIAN_POINT ( 'NONE',  ( 1.338300807568886300, -0.7726683315065647800, 0.02916666666666876600 ) ) ;
#2114 = CARTESIAN_POINT ( 'NONE',  ( 1.732050807568859900, 1.000000000000030900, -5.804166666666650300 ) ) ;
#2115 = ORIENTED_EDGE ( 'NONE', *, *, #407, .F. ) ;
#2116 = CARTESIAN_POINT ( 'NONE',  ( -1.154700538379219000, -2.000000000000018200, -3.295833333333322300 ) ) ;
#2117 = EDGE_CURVE ( 'NONE', #1283, #434, #6756, .T. ) ;
#2118 = DIRECTION ( 'NONE',  ( -1.000000000000000000, 0.0000000000000000000, 0.0000000000000000000 ) ) ;
#2119 =( BOUNDED_CURVE ( )  B_SPLINE_CURVE ( 2, ( #4181, #204, #2729, #2758, #2319, #6693, #7158, #6738, #2948 ),
 .UNSPECIFIED., .F., .F. ) 
 B_SPLINE_CURVE_WITH_KNOTS ( ( 3, 2, 2, 2, 3 ),
 ( 0.8602941176470589900, 0.8627450980392157300, 0.8676470588235294400, 0.8725490196078431500, 0.8750000000000002200 ),
 .UNSPECIFIED. ) 
 CURVE ( )  GEOMETRIC_REPRESENTATION_ITEM ( )  RATIONAL_B_SPLINE_CURVE ( ( 0.9330127018922193000, 0.9330127018922238500, 1.000000000000000000, 0.8660254037844387100, 1.000000000000000000, 0.8660254037844387100, 1.000000000000000000, 0.9330127018922133000, 0.9330127018922194100 ) ) 
 REPRESENTATION_ITEM ( '' )  );
#2120 = CARTESIAN_POINT ( 'NONE',  ( -1.154700538379222800, -2.000000000000016400, -7.495833333333312300 ) ) ;
#2121 = CARTESIAN_POINT ( 'NONE',  ( 0.8922005383792732700, -1.545336663013154000, -3.529166666666656100 ) ) ;
#2122 = CYLINDRICAL_SURFACE ( 'NONE', #531, 2.000000000000000000 ) ;
#2123 = CYLINDRICAL_SURFACE ( 'NONE', #6860, 1.545336663013167300 ) ;
#2124 = ORIENTED_EDGE ( 'NONE', *, *, #6979, .F. ) ;
#2125 = CARTESIAN_POINT ( 'NONE',  ( -1.338300807568855200, -0.7726683315066181800, -19.01666666666662000 ) ) ;
#2126 = FACE_OUTER_BOUND ( 'NONE', #3272, .T. ) ;
#2127 = CARTESIAN_POINT ( 'NONE',  ( 1.338300807568861800, 0.7726683315066069600, -5.454166666666651500 ) ) ;
#2128 =( BOUNDED_CURVE ( )  B_SPLINE_CURVE ( 2, ( #5944, #6000, #6533, #3486, #2785, #4098, #2867, #7179, #5391 ),
 .UNSPECIFIED., .F., .F. ) 
 B_SPLINE_CURVE_WITH_KNOTS ( ( 3, 2, 2, 2, 3 ),
 ( 0.4338235294117648300, 0.4362745098039215700, 0.4411764705882352800, 0.4460784313725490400, 0.4485294117647060100 ),
 .UNSPECIFIED. ) 
 CURVE ( )  GEOMETRIC_REPRESENTATION_ITEM ( )  RATIONAL_B_SPLINE_CURVE ( ( 0.9330127018922194100, 0.9330127018922224100, 1.000000000000000000, 0.8660254037844387100, 1.000000000000000000, 0.8660254037844387100, 1.000000000000000000, 0.9330127018922163000, 0.9330127018922194100 ) ) 
 REPRESENTATION_ITEM ( '' )  );
#2129 = CARTESIAN_POINT ( 'NONE',  ( 0.8922005383792908100, -1.545336663013144000, -15.42916666666662600 ) ) ;
#2130 = CARTESIAN_POINT ( 'NONE',  ( 1.338300807568886300, -0.7726683315065647800, -15.98333333333329300 ) ) ;
#2131 = EDGE_CURVE ( 'NONE', #1841, #4269, #4289, .T. ) ;
#2132 = CARTESIAN_POINT ( 'NONE',  ( 0.0000000000000000000, 0.0000000000000000000, 0.0000000000000000000 ) ) ;
#2133 = ORIENTED_EDGE ( 'NONE', *, *, #7679, .F. ) ;
#2134 = CARTESIAN_POINT ( 'NONE',  ( 2.177130564435878500E-014, -1.545336663013167300, -9.887499999999974400 ) ) ;
#2135 = DIRECTION ( 'NONE',  ( 0.0000000000000000000, 0.0000000000000000000, 1.000000000000000000 ) ) ;
#2136 = CARTESIAN_POINT ( 'NONE',  ( -2.000000000000006200, 1.626862140677534200E-014, -14.52499999999996700 ) ) ;
#2137 =( BOUNDED_CURVE ( )  B_SPLINE_CURVE ( 2, ( #1642, #2869, #730, #2670, #7648, #5866, #93, #7590, #5196 ),
 .UNSPECIFIED., .F., .F. ) 
 B_SPLINE_CURVE_WITH_KNOTS ( ( 3, 2, 2, 2, 3 ),
 ( 0.1250000000000000800, 0.1274509803921568500, 0.1323529411764705900, 0.1372549019607843300, 0.1397058823529412600 ),
 .UNSPECIFIED. ) 
 CURVE ( )  GEOMETRIC_REPRESENTATION_ITEM ( )  RATIONAL_B_SPLINE_CURVE ( ( 0.9330127018922194100, 0.9330127018922218500, 1.000000000000000000, 0.8660254037844387100, 1.000000000000000000, 0.8660254037844387100, 1.000000000000000000, 0.9330127018922170800, 0.9330127018922194100 ) ) 
 REPRESENTATION_ITEM ( '' )  );
#2138 = ORIENTED_EDGE ( 'NONE', *, *, #920, .F. ) ;
#2139 = CARTESIAN_POINT ( 'NONE',  ( -2.309401076758502900, -3.267715314911616300E-014, -13.12499999999996600 ) ) ;
#2140 = CARTESIAN_POINT ( 'NONE',  ( -2.793185071074506700E-014, 2.000000000000000000, -22.48749999999994000 ) ) ;
#2141 = DIRECTION ( 'NONE',  ( -0.0000000000000000000, -0.0000000000000000000, -1.000000000000000000 ) ) ;
#2142 = EDGE_CURVE ( 'NONE', #963, #4755, #3669, .T. ) ;
#2143 = CARTESIAN_POINT ( 'NONE',  ( -1.338300807568864000, -0.7726683315066029700, -0.2041666666666639200 ) ) ;
#2144 = CYLINDRICAL_SURFACE ( 'NONE', #1844, 2.000000000000000000 ) ;
#2145 = DIRECTION ( 'NONE',  ( 0.0000000000000000000, 0.0000000000000000000, 1.000000000000000000 ) ) ;
#2146 = AXIS2_PLACEMENT_3D ( 'NONE', #5108, #7476, #3734 ) ;
#2147 = CARTESIAN_POINT ( 'NONE',  ( 1.732050807568895200, -0.9999999999999690200, -3.120833333333322500 ) ) ;
#2148 = CARTESIAN_POINT ( 'NONE',  ( 0.0000000000000000000, 0.0000000000000000000, -22.00000000000000000 ) ) ;
#2149 = CARTESIAN_POINT ( 'NONE',  ( -2.309401076758502900, -3.267715314911616300E-014, -4.812499999999984900 ) ) ;
#2150 = ORIENTED_EDGE ( 'NONE', *, *, #599, .F. ) ;
#2151 = CARTESIAN_POINT ( 'NONE',  ( 0.5643900140975091100, 1.627120908980239200, -0.2920737428628614700 ) ) ;
#2152 = VECTOR ( 'NONE', #3457, 1000.000000000000000 ) ;
#2153 = CARTESIAN_POINT ( 'NONE',  ( 1.338300807568864300, 0.7726683315066025200, -8.254166666666643300 ) ) ;
#2154 = CARTESIAN_POINT ( 'NONE',  ( -1.338300807568857600, -0.7726683315066141800, -10.70416666666663700 ) ) ;
#2155 = LINE ( 'NONE', #8140, #5415 ) ;
#2156 = ADVANCED_FACE ( 'NONE', ( #2126 ), #4105, .T. ) ;
#2157 = CARTESIAN_POINT ( 'NONE',  ( 2.000000000000000000, -0.5358983848622223000, -4.493760739116949000 ) ) ;
#2158 = CARTESIAN_POINT ( 'NONE',  ( 3.028943090214019300E-014, -1.545336663013167300, -4.899999999999986100 ) ) ;
#2159 = AXIS2_PLACEMENT_3D ( 'NONE', #3794, #6365, #1331 ) ;
#2160 = CARTESIAN_POINT ( 'NONE',  ( 0.8922005383792722700, -1.545336663013154900, -16.74166666666662500 ) ) ;
#2161 = CARTESIAN_POINT ( 'NONE',  ( 1.999999999999998200, 1.818599464400243800E-014, -17.06249999999995700 ) ) ;
#2162 = DIRECTION ( 'NONE',  ( -1.000000000000000000, 0.0000000000000000000, 0.0000000000000000000 ) ) ;
#2163 = CARTESIAN_POINT ( 'NONE',  ( 0.0000000000000000000, 0.0000000000000000000, -0.1778527147052651700 ) ) ;
#2164 = CARTESIAN_POINT ( 'NONE',  ( 2.177130564435878500E-014, -1.545336663013167300, -10.58749999999997200 ) ) ;
#2165 = CARTESIAN_POINT ( 'NONE',  ( -1.154700538379220600, -2.000000000000017300, -1.195833333333327300 ) ) ;
#2166 = CARTESIAN_POINT ( 'NONE',  ( 2.000000000000000000, 3.428030939284804100E-015, -5.162499999999985400 ) ) ;
#2167 = CARTESIAN_POINT ( 'NONE',  ( 2.000000000000006200, 1.958044790744032300E-014, -20.56249999999994700 ) ) ;
#2168 = CARTESIAN_POINT ( 'NONE',  ( -1.732050807568862800, -1.000000000000025100, -8.166666666666644800 ) ) ;
#2169 = CARTESIAN_POINT ( 'NONE',  ( -1.338300807568899800, 0.7726683315065414600, -12.13333333333330100 ) ) ;
#2170 = CARTESIAN_POINT ( 'NONE',  ( 2.309401076758502900, 3.239433308545619500E-014, -21.96249999999993800 ) ) ;
#2171 = ORIENTED_EDGE ( 'NONE', *, *, #4394, .T. ) ;
#2172 = CARTESIAN_POINT ( 'NONE',  ( -1.545336663013166200, -7.901901826148023500E-015, -16.27499999999995900 ) ) ;
#2173 = CARTESIAN_POINT ( 'NONE',  ( -2.158205648456237400E-014, 1.545336663013167300, -2.537499999999991700 ) ) ;
#2174 = CARTESIAN_POINT ( 'NONE',  ( 1.545336663013172000, 1.504847480126719400E-014, -20.91249999999994800 ) ) ;
#2175 = CARTESIAN_POINT ( 'NONE',  ( -1.999999999999998200, -2.963213184805508800E-015, -7.524999999999982600 ) ) ;
#2176 = CARTESIAN_POINT ( 'NONE',  ( 1.154700538379223000, 2.000000000000016000, -7.145833333333312600 ) ) ;
#2177 = CARTESIAN_POINT ( 'NONE',  ( -1.784401076758500100, -2.524860140211269200E-014, -5.862499999999982900 ) ) ;
#2178 = ORIENTED_EDGE ( 'NONE', *, *, #29, .F. ) ;
#2179 = EDGE_CURVE ( 'NONE', #1446, #3209, #2497, .T. ) ;
#2180 = CARTESIAN_POINT ( 'NONE',  ( 1.732050807568903600, -0.9999999999999544800, -7.233333333333313000 ) ) ;
#2181 = EDGE_LOOP ( 'NONE', ( #5512, #1762, #5889, #1516 ) ) ;
#2182 = CARTESIAN_POINT ( 'NONE',  ( 0.0000000000000000000, 0.0000000000000000000, 0.0000000000000000000 ) ) ;
#2183 = CARTESIAN_POINT ( 'NONE',  ( -0.8922005383792279700, -1.545336663013180200, -15.45833333333329100 ) ) ;
#2184 = DIRECTION ( 'NONE',  ( 1.000000000000000000, 0.0000000000000000000, 0.0000000000000000000 ) ) ;
#2185 = FACE_BOUND ( 'NONE', #6097, .T. ) ;
#2186 = CARTESIAN_POINT ( 'NONE',  ( -1.784401076758500100, -2.524860140211269200E-014, 0.4375000000000011100 ) ) ;
#2187 = CARTESIAN_POINT ( 'NONE',  ( 1.338300807568886300, -0.7726683315065647800, -14.67083333333329500 ) ) ;
#2188 = DIRECTION ( 'NONE',  ( 0.0000000000000000000, 0.0000000000000000000, 1.000000000000000000 ) ) ;
#2189 = EDGE_CURVE ( 'NONE', #1523, #851, #2220, .T. ) ;
#2190 = CARTESIAN_POINT ( 'NONE',  ( 1.545336663013167500, -0.4140717108885708700, -0.6437607391169614100 ) ) ;
#2191 = ORIENTED_EDGE ( 'NONE', *, *, #4235, .F. ) ;
#2192 = CARTESIAN_POINT ( 'NONE',  ( -1.999999999999998200, 1.185285273922203500E-014, -6.212499999999982600 ) ) ;
#2193 = CARTESIAN_POINT ( 'NONE',  ( -2.309401076758502900, -3.267715314911616300E-014, -6.824999999999980600 ) ) ;
#2194 = CARTESIAN_POINT ( 'NONE',  ( -1.154700538379222800, -2.000000000000016400, -22.19583333333327600 ) ) ;
#2195 = ORIENTED_EDGE ( 'NONE', *, *, #3120, .T. ) ;
#2196 = ADVANCED_FACE ( 'NONE', ( #547 ), #6360, .T. ) ;
#2197 = CARTESIAN_POINT ( 'NONE',  ( 0.8922005383792722700, -1.545336663013154900, -0.7291666666666626300 ) ) ;
#2198 = CARTESIAN_POINT ( 'NONE',  ( 0.2943971830501647700, -1.926446668108233700, -0.4554055989150653800 ) ) ;
#2199 = ORIENTED_EDGE ( 'NONE', *, *, #1910, .F. ) ;
#2200 = CARTESIAN_POINT ( 'NONE',  ( 2.817678007057453700E-014, -2.000000000000000000, -10.23749999999997200 ) ) ;
#2201 = CARTESIAN_POINT ( 'NONE',  ( -0.7148484578876185300, 1.481357041641551100, -0.2449856568010960200 ) ) ;
#2202 = CYLINDRICAL_SURFACE ( 'NONE', #3733, 1.545336663013167300 ) ;
#2203 = EDGE_CURVE ( 'NONE', #4008, #2483, #742, .T. ) ;
#2204 = CARTESIAN_POINT ( 'NONE',  ( -1.999999999999999100, 0.5358983848622181900, -8.956260739116942200 ) ) ;
#2205 = CARTESIAN_POINT ( 'NONE',  ( 1.338300807568864300, 0.7726683315066025200, -7.554166666666646700 ) ) ;
#2206 = ORIENTED_EDGE ( 'NONE', *, *, #7801, .T. ) ;
#2207 =( BOUNDED_CURVE ( )  B_SPLINE_CURVE ( 2, ( #7121, #3454, #7809, #2813, #4702, #1546, #7842, #4634, #199 ),
 .UNSPECIFIED., .F., .F. ) 
 B_SPLINE_CURVE_WITH_KNOTS ( ( 3, 2, 2, 2, 3 ),
 ( 0.7426470588235295500, 0.7450980392156862900, 0.7500000000000000000, 0.7549019607843137100, 0.7573529411764706700 ),
 .UNSPECIFIED. ) 
 CURVE ( )  GEOMETRIC_REPRESENTATION_ITEM ( )  RATIONAL_B_SPLINE_CURVE ( ( 0.9330127018922194100, 0.9330127018922224100, 1.000000000000000000, 0.8660254037844387100, 1.000000000000000000, 0.8660254037844387100, 1.000000000000000000, 0.9330127018922163000, 0.9330127018922194100 ) ) 
 REPRESENTATION_ITEM ( '' )  );
#2208 = CARTESIAN_POINT ( 'NONE',  ( 4.429769486096039700E-014, -1.545336663013167300, -10.58749999999997200 ) ) ;
#2209 = LINE ( 'NONE', #1926, #5457 ) ;
#2210 = CARTESIAN_POINT ( 'NONE',  ( 1.545336663013166600, 0.4140717108886041700, -8.981239260883011600 ) ) ;
#2211 = CARTESIAN_POINT ( 'NONE',  ( 1.338300807568886300, -0.7726683315065647800, -14.58333333333329300 ) ) ;
#2212 = CARTESIAN_POINT ( 'NONE',  ( -2.000000000000000000, 2.449293598294706400E-016, -22.00000000000000000 ) ) ;
#2213 = AXIS2_PLACEMENT_3D ( 'NONE', #7027, #650, #1942 ) ;
#2214 = CARTESIAN_POINT ( 'NONE',  ( 1.338300807568886300, -0.7726683315065647800, -13.97083333333329800 ) ) ;
#2215 = ORIENTED_EDGE ( 'NONE', *, *, #2242, .T. ) ;
#2216 = CARTESIAN_POINT ( 'NONE',  ( 1.732050807568894500, -0.9999999999999701400, -1.020833333333327500 ) ) ;
#2217 = CARTESIAN_POINT ( 'NONE',  ( 2.000000000000000000, 0.0000000000000000000, -22.00000000000000000 ) ) ;
#2218 = CARTESIAN_POINT ( 'NONE',  ( 0.8922005383792196400, 1.545336663013184600, -3.295833333333323200 ) ) ;
#2219 = ORIENTED_EDGE ( 'NONE', *, *, #656, .T. ) ;
#2220 =( BOUNDED_CURVE ( )  B_SPLINE_CURVE ( 2, ( #7291, #3501, #335, #1010, #2259, #6669, #7935, #4185, #3444 ),
 .UNSPECIFIED., .F., .F. ) 
 B_SPLINE_CURVE_WITH_KNOTS ( ( 3, 2, 2, 2, 3 ),
 ( 0.8455882352941177500, 0.8480392156862744900, 0.8529411764705882000, 0.8578431372549019100, 0.8602941176470589900 ),
 .UNSPECIFIED. ) 
 CURVE ( )  GEOMETRIC_REPRESENTATION_ITEM ( )  RATIONAL_B_SPLINE_CURVE ( ( 0.9330127018922194100, 0.9330127018922224100, 1.000000000000000000, 0.8660254037844387100, 1.000000000000000000, 0.8660254037844387100, 1.000000000000000000, 0.9330127018922147500, 0.9330127018922193000 ) ) 
 REPRESENTATION_ITEM ( '' )  );
#2221 = CARTESIAN_POINT ( 'NONE',  ( -4.704129262253648900E-014, 2.000000000000000000, -6.299999999999982900 ) ) ;
#2222 = CARTESIAN_POINT ( 'NONE',  ( -1.999999999999998200, 2.364760325913415700E-014, -19.51249999999995000 ) ) ;
#2223 = CARTESIAN_POINT ( 'NONE',  ( 2.817678007057453100E-014, -2.000000000000000000, -6.649999999999982600 ) ) ;
#2224 = ORIENTED_EDGE ( 'NONE', *, *, #1790, .F. ) ;
#2225 = CARTESIAN_POINT ( 'NONE',  ( 0.8922005383792722700, -1.545336663013154900, -0.6416666666666626100 ) ) ;
#2226 = CARTESIAN_POINT ( 'NONE',  ( -1.545336663013166200, 1.754687023159340600E-014, -18.37499999999995700 ) ) ;
#2227 = CARTESIAN_POINT ( 'NONE',  ( 1.338300807568864300, 0.7726683315066025200, -4.054166666666654700 ) ) ;
#2228 = CARTESIAN_POINT ( 'NONE',  ( 1.338300807568863200, 0.7726683315066049700, -1.254166666666661300 ) ) ;
#2229 = EDGE_CURVE ( 'NONE', #3801, #6434, #5565, .T. ) ;
#2230 = CARTESIAN_POINT ( 'NONE',  ( 1.999999999999998200, 1.377022597644913000E-014, -12.16249999999996800 ) ) ;
#2231 = EDGE_LOOP ( 'NONE', ( #3809, #2938, #4780, #7769 ) ) ;
#2232 = CARTESIAN_POINT ( 'NONE',  ( -1.545336663013167300, 0.0000000000000000000, 0.0000000000000000000 ) ) ;
#2233 = VERTEX_POINT ( 'NONE', #2702 ) ;
#2234 = CARTESIAN_POINT ( 'NONE',  ( -1.732050807568900300, 0.9999999999999597000, -8.983333333333309400 ) ) ;
#2235 = CARTESIAN_POINT ( 'NONE',  ( 1.338300807568886300, -0.7726683315065647800, -5.570833333333317800 ) ) ;
#2236 = FACE_OUTER_BOUND ( 'NONE', #3677, .T. ) ;
#2237 = CARTESIAN_POINT ( 'NONE',  ( 1.545336663013166200, 1.051650169509406100E-014, -12.51249999999996900 ) ) ;
#2238 = EDGE_LOOP ( 'NONE', ( #2696, #4852, #1881, #2661, #2362, #7815, #1883, #1909, #2171, #1590, #4970, #6364, #7574, #3001, #3086, #690, #2243, #3129, #2286, #3681, #5261, #711, #3425, #6833, #263, #5860, #3475, #5743, #5060, #2280, #3667, #7111, #7078, #3897, #4769, #5406, #2407, #6500, #542, #216, #1814, #5353, #2773, #5972, #6545, #5987, #988, #3299, #4044, #7024, #1140, #4363, #1136, #1880, #6797, #814, #4304, #6101, #6886, #1178, #7188, #3378, #1412, #5133, #6463, #4388, #5974, #1298, #502, #7108, #7407, #2328, #7377, #6342, #7989, #1326, #5174, #1108, #6748, #4862, #2996, #4139, #4976, #5012, #5781, #1496, #4068, #5126, #4638, #892, #4371, #1418, #446, #7601, #303, #4897, #6845, #448, #1690, #3756, #4603, #1294, #4113, #3047, #3039, #1888, #1925, #6223, #350, #4191, #1451, #7805, #5462, #8068, #5882, #4956, #3761, #4241, #6739, #2087, #1297, #2814, #1205, #5434, #1650, #8054, #1898, #3392, #5729 ) ) ;
#2239 = DIRECTION ( 'NONE',  ( -0.8660254037844386000, 0.4999999999999998900, 0.0000000000000000000 ) ) ;
#2240 = COORDINATED_UNIVERSAL_TIME_OFFSET ( 6, 0, .BEHIND. ) ;
#2241 = CARTESIAN_POINT ( 'NONE',  ( -2.158205648456237700E-014, 1.545336663013167300, -21.34999999999994500 ) ) ;
#2242 = EDGE_CURVE ( 'NONE', #217, #6651, #4526, .T. ) ;
#2243 = ORIENTED_EDGE ( 'NONE', *, *, #2254, .T. ) ;
#2244 = FACE_OUTER_BOUND ( 'NONE', #4670, .T. ) ;
#2245 = CARTESIAN_POINT ( 'NONE',  ( 0.8922005383792283000, 1.545336663013179700, -15.19583333333329700 ) ) ;
#2246 = VECTOR ( 'NONE', #2029, 1000.000000000000000 ) ;
#2247 = CARTESIAN_POINT ( 'NONE',  ( 2.000000000000006200, 1.562949699436631300E-014, -15.57499999999996200 ) ) ;
#2248 = CARTESIAN_POINT ( 'NONE',  ( -1.545336663013166400, 5.694017492371369400E-015, -9.974999999999974800 ) ) ;
#2249 = CARTESIAN_POINT ( 'NONE',  ( -1.154700538379222800, -2.000000000000016400, -8.808333333333310500 ) ) ;
#2250 = CARTESIAN_POINT ( 'NONE',  ( 1.338300807568864300, 0.7726683315066025200, -1.166666666666661200 ) ) ;
#2251 = ORIENTED_EDGE ( 'NONE', *, *, #3180, .F. ) ;
#2252 = VECTOR ( 'NONE', #1531, 1000.000000000000000 ) ;
#2253 = CARTESIAN_POINT ( 'NONE',  ( -1.338300807568852500, -0.7726683315066232800, -9.916666666666639400 ) ) ;
#2254 = EDGE_CURVE ( 'NONE', #5997, #4494, #1950, .T. ) ;
#2255 = FACE_OUTER_BOUND ( 'NONE', #7403, .T. ) ;
#2256 = CARTESIAN_POINT ( 'NONE',  ( -1.784401076758500100, -2.524860140211269200E-014, -4.462499999999987000 ) ) ;
#2257 = CARTESIAN_POINT ( 'NONE',  ( -1.154700538379292300, 1.999999999999976700, -8.429166666666644000 ) ) ;
#2258 = DIRECTION ( 'NONE',  ( -1.000000000000000000, 0.0000000000000000000, 0.0000000000000000000 ) ) ;
#2259 = CARTESIAN_POINT ( 'NONE',  ( -8.477031772646036800E-014, 2.000000000000000000, -18.98749999999994700 ) ) ;
#2260 = CARTESIAN_POINT ( 'NONE',  ( -1.338300807568852100, -0.7726683315066239500, -11.31666666666663800 ) ) ;
#2261 = CARTESIAN_POINT ( 'NONE',  ( 0.8922005383792283000, 1.545336663013179700, -7.495833333333312300 ) ) ;
#2262 = CARTESIAN_POINT ( 'NONE',  ( -3.576959022528812900E-014, 2.000000000000000000, -9.887499999999972600 ) ) ;
#2263 = CARTESIAN_POINT ( 'NONE',  ( -8.085144796918883000E-014, 2.000000000000000000, -13.38749999999996600 ) ) ;
#2264 = CARTESIAN_POINT ( 'NONE',  ( -1.784401076758500100, -2.524860140211269500E-014, -21.17499999999994700 ) ) ;
#2265 = CARTESIAN_POINT ( 'NONE',  ( -1.545336663013168600, -0.4140717108885972300, -6.531239260883018500 ) ) ;
#2266 = ORIENTED_EDGE ( 'NONE', *, *, #2700, .T. ) ;
#2267 = VERTEX_POINT ( 'NONE', #7703 ) ;
#2268 = CARTESIAN_POINT ( 'NONE',  ( -1.545336663013167300, 0.4140717108885695900, -3.706260739116954200 ) ) ;
#2269 = CARTESIAN_POINT ( 'NONE',  ( -1.154700538379210600, -2.000000000000023100, -15.80833333333329300 ) ) ;
#2270 = CARTESIAN_POINT ( 'NONE',  ( -1.338300807568896700, 0.7726683315065466800, -21.32083333333328300 ) ) ;
#2271 = CARTESIAN_POINT ( 'NONE',  ( 1.732050807568891200, -0.9999999999999753500, -7.233333333333313000 ) ) ;
#2272 =( BOUNDED_CURVE ( )  B_SPLINE_CURVE ( 2, ( #3176, #6389, #3820, #3878, #5932, #4624, #252, #5871, #7833 ),
 .UNSPECIFIED., .F., .F. ) 
 B_SPLINE_CURVE_WITH_KNOTS ( ( 3, 2, 2, 2, 3 ),
 ( 0.6250000000000001100, 0.6274509803921568500, 0.6323529411764705600, 0.6372549019607842700, 0.6397058823529413500 ),
 .UNSPECIFIED. ) 
 CURVE ( )  GEOMETRIC_REPRESENTATION_ITEM ( )  RATIONAL_B_SPLINE_CURVE ( ( 0.9330127018922194100, 0.9330127018922224100, 1.000000000000000000, 0.8660254037844387100, 1.000000000000000000, 0.8660254037844387100, 1.000000000000000000, 0.9330127018922147500, 0.9330127018922193000 ) ) 
 REPRESENTATION_ITEM ( '' )  );
#2273 = CARTESIAN_POINT ( 'NONE',  ( -0.8922005383792279700, -1.545336663013180200, -2.858333333333323600 ) ) ;
#2274 = EDGE_CURVE ( 'NONE', #2393, #1821, #1606, .T. ) ;
#2275 = ADVANCED_FACE ( 'NONE', ( #458 ), #6940, .T. ) ;
#2276 = CARTESIAN_POINT ( 'NONE',  ( 2.000000000000000000, 3.428030939284804100E-015, -5.774999999999985300 ) ) ;
#2277 = CARTESIAN_POINT ( 'NONE',  ( 1.545336663013168900, -0.4140717108885555400, -12.54376073911693200 ) ) ;
#2278 = CARTESIAN_POINT ( 'NONE',  ( 1.338300807568903600, -0.7726683315065348000, -15.98333333333329300 ) ) ;
#2279 = CARTESIAN_POINT ( 'NONE',  ( 1.784401076758500100, 2.503007529540795600E-014, -9.012499999999974400 ) ) ;
#2280 = ORIENTED_EDGE ( 'NONE', *, *, #4030, .T. ) ;
#2281 =( BOUNDED_CURVE ( )  B_SPLINE_CURVE ( 2, ( #3020, #427, #4856, #405, #5483, #1698, #6126, #7349, #7995 ),
 .UNSPECIFIED., .F., .F. ) 
 B_SPLINE_CURVE_WITH_KNOTS ( ( 3, 2, 2, 2, 3 ),
 ( 0.05147058823529418500, 0.05392156862745098300, 0.05882352941176470500, 0.06372549019607842700, 0.06617647058823536400 ),
 .UNSPECIFIED. ) 
 CURVE ( )  GEOMETRIC_REPRESENTATION_ITEM ( )  RATIONAL_B_SPLINE_CURVE ( ( 0.9330127018922194100, 0.9330127018922211900, 1.000000000000000000, 0.8660254037844387100, 1.000000000000000000, 0.8660254037844387100, 1.000000000000000000, 0.9330127018922174100, 0.9330127018922193000 ) ) 
 REPRESENTATION_ITEM ( '' )  );
#2282 = EDGE_CURVE ( 'NONE', #7309, #3008, #3295, .T. ) ;
#2283 = CARTESIAN_POINT ( 'NONE',  ( -1.999999999999998200, 1.185285273922203500E-014, -6.824999999999982400 ) ) ;
#2284 = CARTESIAN_POINT ( 'NONE',  ( -2.158205648456237700E-014, 1.545336663013167300, -19.94999999999995000 ) ) ;
#2285 = CARTESIAN_POINT ( 'NONE',  ( 1.154700538379206800, 2.000000000000025800, -10.64583333333330400 ) ) ;
#2286 = ORIENTED_EDGE ( 'NONE', *, *, #6621, .T. ) ;
#2287 = ORIENTED_EDGE ( 'NONE', *, *, #1721, .T. ) ;
#2288 = EDGE_CURVE ( 'NONE', #1118, #839, #503, .T. ) ;
#2289 = CARTESIAN_POINT ( 'NONE',  ( 1.338300807568862000, 0.7726683315066066300, -4.754166666666653100 ) ) ;
#2290 = CARTESIAN_POINT ( 'NONE',  ( 1.545336663013167500, 2.643650978600993100E-015, -5.512499999999986000 ) ) ;
#2291 = CARTESIAN_POINT ( 'NONE',  ( -1.732050807568862800, -1.000000000000025100, -10.26666666666663900 ) ) ;
#2292 = CARTESIAN_POINT ( 'NONE',  ( -0.8922005383792279700, -1.545336663013180200, -2.158333333333325700 ) ) ;
#2293 = CARTESIAN_POINT ( 'NONE',  ( -1.545336663013167500, -0.4140717108886056700, -9.943739260883008400 ) ) ;
#2294 = VECTOR ( 'NONE', #7869, 1000.000000000000000 ) ;
#2295 = CARTESIAN_POINT ( 'NONE',  ( 0.0000000000000000000, 0.0000000000000000000, -22.00000000000000000 ) ) ;
#2296 = CARTESIAN_POINT ( 'NONE',  ( 1.732050807568860100, 1.000000000000030400, -5.716666666666650800 ) ) ;
#2297 = ORIENTED_EDGE ( 'NONE', *, *, #3937, .F. ) ;
#2298 = CARTESIAN_POINT ( 'NONE',  ( 1.732050807568860100, 1.000000000000030400, -5.104166666666651000 ) ) ;
#2299 = AXIS2_PLACEMENT_3D ( 'NONE', #7874, #1577, #7849 ) ;
#2300 = ORIENTED_EDGE ( 'NONE', *, *, #5790, .T. ) ;
#2301 = CARTESIAN_POINT ( 'NONE',  ( -1.338300807568864000, -0.7726683315066029700, -9.304166666666640500 ) ) ;
#2302 = VERTEX_POINT ( 'NONE', #1530 ) ;
#2303 = ORIENTED_EDGE ( 'NONE', *, *, #6293, .T. ) ;
#2304 = VERTEX_POINT ( 'NONE', #7268 ) ;
#2305 = CARTESIAN_POINT ( 'NONE',  ( -0.8922005383792837000, 1.545336663013148000, -12.97916666666663200 ) ) ;
#2306 = LINE ( 'NONE', #14, #8012 ) ;
#2307 = VERTEX_POINT ( 'NONE', #5314 ) ;
#2308 = CARTESIAN_POINT ( 'NONE',  ( -1.732050807568838100, -1.000000000000068600, -17.96666666666661900 ) ) ;
#2309 = CARTESIAN_POINT ( 'NONE',  ( 1.784401076758500100, 2.503007529540795900E-014, -18.72499999999995200 ) ) ;
#2310 = CARTESIAN_POINT ( 'NONE',  ( 1.732050807568858100, 1.000000000000033500, -10.70416666666663700 ) ) ;
#2311 = CYLINDRICAL_SURFACE ( 'NONE', #5399, 2.000000000000000000 ) ;
#2312 = CARTESIAN_POINT ( 'NONE',  ( 1.154700538379297000, -1.999999999999973600, -5.891666666666649700 ) ) ;
#2313 = ADVANCED_FACE ( 'NONE', ( #845 ), #2311, .T. ) ;
#2314 = CARTESIAN_POINT ( 'NONE',  ( -1.545336663013167300, 0.4140717108885703700, -0.9062607391169605900 ) ) ;
#2315 = CARTESIAN_POINT ( 'NONE',  ( 1.732050807568863200, 1.000000000000024400, -9.916666666666639400 ) ) ;
#2316 =( BOUNDED_CURVE ( )  B_SPLINE_CURVE ( 2, ( #4194, #4832, #1068, #1671, #2327, #7348, #1727, #3607, #7993 ),
 .UNSPECIFIED., .F., .F. ) 
 B_SPLINE_CURVE_WITH_KNOTS ( ( 3, 2, 2, 2, 3 ),
 ( 0.6544117647058824700, 0.6568627450980392100, 0.6617647058823529200, 0.6666666666666666300, 0.6691176470588235900 ),
 .UNSPECIFIED. ) 
 CURVE ( )  GEOMETRIC_REPRESENTATION_ITEM ( )  RATIONAL_B_SPLINE_CURVE ( ( 0.9330127018922194100, 0.9330127018922224100, 1.000000000000000000, 0.8660254037844387100, 1.000000000000000000, 0.8660254037844387100, 1.000000000000000000, 0.9330127018922163000, 0.9330127018922194100 ) ) 
 REPRESENTATION_ITEM ( '' )  );
#2317 = CARTESIAN_POINT ( 'NONE',  ( 1.338300807568886300, -0.7726683315065647800, -6.183333333333315800 ) ) ;
#2318 = ORIENTED_EDGE ( 'NONE', *, *, #5143, .T. ) ;
#2319 = CARTESIAN_POINT ( 'NONE',  ( 3.823789561358952700E-014, -1.545336663013167300, -19.59999999999995200 ) ) ;
#2320 = EDGE_CURVE ( 'NONE', #551, #3941, #6850, .T. ) ;
#2321 = CARTESIAN_POINT ( 'NONE',  ( 1.732050807568904100, -0.9999999999999535900, -8.020833333333310800 ) ) ;
#2322 = VERTEX_POINT ( 'NONE', #7904 ) ;
#2323 = CARTESIAN_POINT ( 'NONE',  ( -1.999999999999998200, 2.364760325913415700E-014, -20.12499999999995000 ) ) ;
#2324 = CARTESIAN_POINT ( 'NONE',  ( 1.154700538379223000, 2.000000000000016000, -9.245833333333305100 ) ) ;
#2325 = LINE ( 'NONE', #134, #2715 ) ;
#2326 = CARTESIAN_POINT ( 'NONE',  ( 1.545336663013169700, 0.4140717108886045100, -8.193739260883015500 ) ) ;
#2327 = CARTESIAN_POINT ( 'NONE',  ( 3.184824454547024700E-014, -2.000000000000000000, -14.43749999999996300 ) ) ;
#2328 = ORIENTED_EDGE ( 'NONE', *, *, #2596, .F. ) ;
#2329 = FACE_OUTER_BOUND ( 'NONE', #3370, .T. ) ;
#2330 = CARTESIAN_POINT ( 'NONE',  ( -0.8922005383792724900, 1.545336663013154900, -18.49166666666662100 ) ) ;
#2331 = EDGE_CURVE ( 'NONE', #5230, #49, #6172, .T. ) ;
#2332 = CARTESIAN_POINT ( 'NONE',  ( 2.964635622955136500E-014, -2.000000000000000000, -1.749999999999993800 ) ) ;
#2333 = DIRECTION ( 'NONE',  ( 0.0000000000000000000, 0.0000000000000000000, 1.000000000000000000 ) ) ;
#2334 = LINE ( 'NONE', #7579, #2521 ) ;
#2335 = CARTESIAN_POINT ( 'NONE',  ( -2.000000000000000400, -0.5358983848622627100, -1.281239260883030300 ) ) ;
#2336 = CARTESIAN_POINT ( 'NONE',  ( 1.338300807568893800, -0.7726683315065519000, -20.27083333333327900 ) ) ;
#2337 = CARTESIAN_POINT ( 'NONE',  ( -0.8922005383792965800, 1.545336663013140700, -16.47916666666662200 ) ) ;
#2338 = CARTESIAN_POINT ( 'NONE',  ( 2.817678007057453100E-014, -2.000000000000000000, -10.84999999999997100 ) ) ;
#2339 = CARTESIAN_POINT ( 'NONE',  ( 1.338300807568886300, -0.7726683315065647800, -4.783333333333319000 ) ) ;
#2340 = CARTESIAN_POINT ( 'NONE',  ( 0.8922005383792179800, 1.545336663013185300, -6.795833333333314700 ) ) ;
#2341 = EDGE_CURVE ( 'NONE', #2889, #3184, #7028, .T. ) ;
#2342 = CARTESIAN_POINT ( 'NONE',  ( -2.000000000000000400, 4.299564228933483700E-015, -3.412499999999991200 ) ) ;
#2343 = CARTESIAN_POINT ( 'NONE',  ( -1.784401076758500100, -2.524860140211269200E-014, -22.66249999999994100 ) ) ;
#2344 = CARTESIAN_POINT ( 'NONE',  ( 1.732050807568863200, 1.000000000000024400, -17.61666666666662500 ) ) ;
#2345 = AXIS2_PLACEMENT_3D ( 'NONE', #703, #1442, #818 ) ;
#2346 =( BOUNDED_CURVE ( )  B_SPLINE_CURVE ( 2, ( #5679, #1952, #3827, #2495, #6262, #1275, #5733, #665, #1847 ),
 .UNSPECIFIED., .F., .F. ) 
 B_SPLINE_CURVE_WITH_KNOTS ( ( 3, 2, 2, 2, 3 ),
 ( 0.6985294117647059500, 0.7009803921568627000, 0.7058823529411765200, 0.7107843137254902200, 0.7132352941176471900 ),
 .UNSPECIFIED. ) 
 CURVE ( )  GEOMETRIC_REPRESENTATION_ITEM ( )  RATIONAL_B_SPLINE_CURVE ( ( 0.9330127018922194100, 0.9330127018922224100, 1.000000000000000000, 0.8660254037844387100, 1.000000000000000000, 0.8660254037844387100, 1.000000000000000000, 0.9330127018922163000, 0.9330127018922194100 ) ) 
 REPRESENTATION_ITEM ( '' )  );
#2347 = DIRECTION ( 'NONE',  ( -1.000000000000000000, 0.0000000000000000000, 0.0000000000000000000 ) ) ;
#2348 = CARTESIAN_POINT ( 'NONE',  ( 1.732050807568921600, -0.9999999999999230600, -18.43333333333328700 ) ) ;
#2349 = CARTESIAN_POINT ( 'NONE',  ( 1.500000000000000200, -0.5905633032858154100, -25.87403594146517000 ) ) ;
#2350 = ORIENTED_EDGE ( 'NONE', *, *, #7329, .T. ) ;
#2351 = ORIENTED_EDGE ( 'NONE', *, *, #4091, .F. ) ;
#2352 = CARTESIAN_POINT ( 'NONE',  ( -1.242945468800302500, -0.9378286230266882400, -0.1916977327841452000 ) ) ;
#2353 = CARTESIAN_POINT ( 'NONE',  ( -1.732050807568862800, -1.000000000000025100, -11.75416666666663400 ) ) ;
#2354 = ADVANCED_FACE ( 'NONE', ( #4002 ), #7824, .T. ) ;
#2355 = CARTESIAN_POINT ( 'NONE',  ( -1.545336663013169300, 0.2551269842761633200, -21.98176105524093400 ) ) ;
#2356 = CARTESIAN_POINT ( 'NONE',  ( -4.753115134219542300E-014, 2.000000000000000000, -6.999999999999981300 ) ) ;
#2357 =( BOUNDED_CURVE ( )  B_SPLINE_CURVE ( 2, ( #6145, #2352, #6868, #2503, #3161 ),
 .UNSPECIFIED., .F., .F. ) 
 B_SPLINE_CURVE_WITH_KNOTS ( ( 3, 2, 3 ),
 ( 0.04784842976636008400, 0.04901960784313725400, 0.05147058823529418500 ),
 .UNSPECIFIED. ) 
 CURVE ( )  GEOMETRIC_REPRESENTATION_ITEM ( )  RATIONAL_B_SPLINE_CURVE ( ( 0.9512768142589629300, 0.9679907455737212200, 1.000000000000000000, 0.9330127018922176300, 0.9330127018922194100 ) ) 
 REPRESENTATION_ITEM ( '' )  );
#2358 = CARTESIAN_POINT ( 'NONE',  ( 2.000000000000003600, 0.5358983848622830300, -20.44373926088298900 ) ) ;
#2359 = EDGE_LOOP ( 'NONE', ( #7653, #6925, #2502, #6056 ) ) ;
#2360 = DIRECTION ( 'NONE',  ( 0.0000000000000000000, 0.0000000000000000000, 1.000000000000000000 ) ) ;
#2361 = CARTESIAN_POINT ( 'NONE',  ( -1.545336663013160900, -0.4140717108886150000, -20.53123926088299100 ) ) ;
#2362 = ORIENTED_EDGE ( 'NONE', *, *, #6504, .T. ) ;
#2363 = DIRECTION ( 'NONE',  ( -0.7071067811865483500, 8.659560562354942700E-017, 0.7071067811865465700 ) ) ;
#2364 = CARTESIAN_POINT ( 'NONE',  ( -1.545336663013166000, -1.853460795986191000E-014, -15.57499999999996200 ) ) ;
#2365 = CARTESIAN_POINT ( 'NONE',  ( 1.732050807568891200, -0.9999999999999753500, -11.43333333333330200 ) ) ;
#2366 = CARTESIAN_POINT ( 'NONE',  ( -2.000000000000000000, 2.449293598294706400E-016, -22.00000000000000000 ) ) ;
#2367 = CARTESIAN_POINT ( 'NONE',  ( -2.158205648456237700E-014, 1.545336663013167300, -3.849999999999988100 ) ) ;
#2368 = CYLINDRICAL_SURFACE ( 'NONE', #3829, 1.545336663013167300 ) ;
#2369 = EDGE_CURVE ( 'NONE', #5655, #5247, #4903, .T. ) ;
#2370 = CARTESIAN_POINT ( 'NONE',  ( 1.338300807568891400, -0.7726683315065557800, -11.87083333333330300 ) ) ;
#2371 = CARTESIAN_POINT ( 'NONE',  ( 0.8922005383792722700, -1.545336663013154900, -21.02916666666661500 ) ) ;
#2372 = VERTEX_POINT ( 'NONE', #4143 ) ;
#2373 = CARTESIAN_POINT ( 'NONE',  ( 2.817678007057453100E-014, -2.000000000000000000, -19.24999999999995000 ) ) ;
#2374 =( BOUNDED_CURVE ( )  B_SPLINE_CURVE ( 2, ( #1315, #5189, #5104, #7694, #5831, #179, #6381, #5744, #2049 ),
 .UNSPECIFIED., .F., .F. ) 
 B_SPLINE_CURVE_WITH_KNOTS ( ( 3, 2, 2, 2, 3 ),
 ( 0.3602941176470589300, 0.3627450980392156700, 0.3676470588235294400, 0.3725490196078431500, 0.3750000000000001100 ),
 .UNSPECIFIED. ) 
 CURVE ( )  GEOMETRIC_REPRESENTATION_ITEM ( )  RATIONAL_B_SPLINE_CURVE ( ( 0.9330127018922194100, 0.9330127018922224100, 1.000000000000000000, 0.8660254037844387100, 1.000000000000000000, 0.8660254037844387100, 1.000000000000000000, 0.9330127018922163000, 0.9330127018922194100 ) ) 
 REPRESENTATION_ITEM ( '' )  );
#2375 = CARTESIAN_POINT ( 'NONE',  ( 1.338300807568905100, -0.7726683315065323600, -21.58333333333327900 ) ) ;
#2376 = ORIENTED_EDGE ( 'NONE', *, *, #824, .T. ) ;
#2377 = CARTESIAN_POINT ( 'NONE',  ( 2.000000000000000000, 3.428030939284804100E-015, -5.162499999999985400 ) ) ;
#2378 = CARTESIAN_POINT ( 'NONE',  ( -2.793185071074506700E-014, 2.000000000000000000, -10.58749999999997200 ) ) ;
#2379 = EDGE_CURVE ( 'NONE', #400, #7232, #6899, .T. ) ;
#2380 = DIRECTION ( 'NONE',  ( 0.0000000000000000000, 0.0000000000000000000, 1.000000000000000000 ) ) ;
#2381 = VERTEX_POINT ( 'NONE', #7882 ) ;
#2382 = VECTOR ( 'NONE', #4979, 1000.000000000000000 ) ;
#2383 = CARTESIAN_POINT ( 'NONE',  ( 1.999999999999998200, 1.818599464400243800E-014, -17.67499999999995800 ) ) ;
#2384 = CARTESIAN_POINT ( 'NONE',  ( -2.158205648456237700E-014, 1.545336663013167300, -22.04999999999994400 ) ) ;
#2385 = ORIENTED_EDGE ( 'NONE', *, *, #6186, .T. ) ;
#2386 = VECTOR ( 'NONE', #6880, 1000.000000000000000 ) ;
#2387 = EDGE_CURVE ( 'NONE', #6253, #5748, #7147, .T. ) ;
#2388 = CARTESIAN_POINT ( 'NONE',  ( 2.000000000000000000, -0.5358983848622223000, -5.106260739116950600 ) ) ;
#2389 = ADVANCED_FACE ( 'NONE', ( #1915 ), #1124, .T. ) ;
#2390 = CARTESIAN_POINT ( 'NONE',  ( 0.8922005383792853700, -1.545336663013147300, -5.541666666666650100 ) ) ;
#2391 = CARTESIAN_POINT ( 'NONE',  ( 2.000000000000006200, 1.562949699436631300E-014, -14.96249999999996100 ) ) ;
#2392 = CARTESIAN_POINT ( 'NONE',  ( 1.784401076758500100, 2.503007529540795900E-014, -6.824999999999980600 ) ) ;
#2393 = VERTEX_POINT ( 'NONE', #7296 ) ;
#2394 = FACE_OUTER_BOUND ( 'NONE', #5579, .T. ) ;
#2395 = VERTEX_POINT ( 'NONE', #6700 ) ;
#2396 =( BOUNDED_CURVE ( )  B_SPLINE_CURVE ( 2, ( #1021, #6180, #3022, #2966, #7969, #6704, #1071, #3655, #4916 ),
 .UNSPECIFIED., .F., .F. ) 
 B_SPLINE_CURVE_WITH_KNOTS ( ( 3, 2, 2, 2, 3 ),
 ( 0.4485294117647060100, 0.4509803921568627500, 0.4558823529411764600, 0.4607843137254901700, 0.4632352941176471900 ),
 .UNSPECIFIED. ) 
 CURVE ( )  GEOMETRIC_REPRESENTATION_ITEM ( )  RATIONAL_B_SPLINE_CURVE ( ( 0.9330127018922194100, 0.9330127018922224100, 1.000000000000000000, 0.8660254037844387100, 1.000000000000000000, 0.8660254037844387100, 1.000000000000000000, 0.9330127018922156300, 0.9330127018922194100 ) ) 
 REPRESENTATION_ITEM ( '' )  );
#2397 = CARTESIAN_POINT ( 'NONE',  ( 1.545336663013167700, 0.4140717108886011200, -4.693739260883022600 ) ) ;
#2398 = CARTESIAN_POINT ( 'NONE',  ( 2.177130564435878500E-014, -1.545336663013167300, -19.68749999999994700 ) ) ;
#2399 = CARTESIAN_POINT ( 'NONE',  ( -2.793185071074506100E-014, 2.000000000000000000, -16.79999999999995800 ) ) ;
#2400 = ORIENTED_EDGE ( 'NONE', *, *, #3986, .F. ) ;
#2401 = CARTESIAN_POINT ( 'NONE',  ( 1.545336663013167500, -3.166570952390201500E-015, -3.412499999999992100 ) ) ;
#2402 = CARTESIAN_POINT ( 'NONE',  ( 1.999999999999998200, 1.516467923988701500E-014, -15.66249999999995700 ) ) ;
#2403 = CARTESIAN_POINT ( 'NONE',  ( 1.500000000000000000, -0.3010750672593016700, -25.79156194715592000 ) ) ;
#2404 = AXIS2_PLACEMENT_3D ( 'NONE', #1867, #5676, #3077 ) ;
#2405 = CARTESIAN_POINT ( 'NONE',  ( 2.309401076758502900, 3.239433308545619500E-014, -11.46249999999996800 ) ) ;
#2406 = ORIENTED_EDGE ( 'NONE', *, *, #4343, .F. ) ;
#2407 = ORIENTED_EDGE ( 'NONE', *, *, #7109, .T. ) ;
#2408 = CARTESIAN_POINT ( 'NONE',  ( 1.732050807568863200, 1.000000000000024400, -0.2041666666666630500 ) ) ;
#2409 = CARTESIAN_POINT ( 'NONE',  ( -3.381015534665236000E-014, 2.000000000000000000, -7.087499999999979000 ) ) ;
#2410 = CYLINDRICAL_SURFACE ( 'NONE', #3564, 1.545336663013167300 ) ;
#2411 = ORIENTED_EDGE ( 'NONE', *, *, #2536, .F. ) ;
#2412 = CARTESIAN_POINT ( 'NONE',  ( 1.338300807568855600, 0.7726683315066174000, -7.554166666666646700 ) ) ;
#2413 = CARTESIAN_POINT ( 'NONE',  ( -2.000000000000000000, 2.449293598294706400E-016, -22.00000000000000000 ) ) ;
#2414 = CARTESIAN_POINT ( 'NONE',  ( -1.338300807568893800, 0.7726683315065519000, -10.12083333333330700 ) ) ;
#2415 = DIRECTION ( 'NONE',  ( 1.000000000000000000, 0.0000000000000000000, 0.0000000000000000000 ) ) ;
#2416 = CARTESIAN_POINT ( 'NONE',  ( 0.8922005383792722700, -1.545336663013154900, -5.541666666666650100 ) ) ;
#2417 = ORIENTED_EDGE ( 'NONE', *, *, #3698, .F. ) ;
#2418 = CARTESIAN_POINT ( 'NONE',  ( -1.545336663013166200, -2.236935443431609700E-015, -7.174999999999983800 ) ) ;
#2419 = CYLINDRICAL_SURFACE ( 'NONE', #7985, 2.000000000000000000 ) ;
#2420 = CARTESIAN_POINT ( 'NONE',  ( -0.8922005383792279700, -1.545336663013180200, -21.14583333333328200 ) ) ;
#2421 = CARTESIAN_POINT ( 'NONE',  ( -1.154700538379280800, 1.999999999999983100, -17.44166666666662000 ) ) ;
#2422 = CARTESIAN_POINT ( 'NONE',  ( -0.8922005383791981000, -1.545336663013197300, -12.74583333333330000 ) ) ;
#2423 = EDGE_CURVE ( 'NONE', #6460, #5655, #3728, .T. ) ;
#2424 = ORIENTED_EDGE ( 'NONE', *, *, #6167, .F. ) ;
#2425 = LINE ( 'NONE', #2988, #6590 ) ;
#2426 = CARTESIAN_POINT ( 'NONE',  ( 1.500000000000000000, 2.598076211353315600, -23.75000000000000000 ) ) ;
#2427 = CARTESIAN_POINT ( 'NONE',  ( -1.154700538379222800, -2.000000000000016400, -13.09583333333329800 ) ) ;
#2428 = LINE ( 'NONE', #5423, #3024 ) ;
#2429 = ADVANCED_FACE ( 'NONE', ( #1811 ), #2806, .T. ) ;
#2430 = CARTESIAN_POINT ( 'NONE',  ( 2.000000000000006200, 1.562949699436631300E-014, -15.57499999999996200 ) ) ;
#2431 = CARTESIAN_POINT ( 'NONE',  ( 1.545336663013168900, 9.470661747515645500E-015, -6.824999999999980600 ) ) ;
#2432 = CARTESIAN_POINT ( 'NONE',  ( 0.8922005383792732700, -1.545336663013154000, -3.441666666666656200 ) ) ;
#2433 = EDGE_CURVE ( 'NONE', #6425, #1623, #5456, .T. ) ;
#2434 = CARTESIAN_POINT ( 'NONE',  ( -1.545336663013166000, -5.577813053751546400E-015, -14.87499999999996100 ) ) ;
#2435 = DIRECTION ( 'NONE',  ( -0.0000000000000000000, -0.0000000000000000000, -1.000000000000000000 ) ) ;
#2436 = CARTESIAN_POINT ( 'NONE',  ( 1.545336663013167500, 1.074891057233370900E-015, -0.5249999999999980200 ) ) ;
#2437 = CARTESIAN_POINT ( 'NONE',  ( -1.338300807568899600, 0.7726683315065420200, -10.73333333333330200 ) ) ;
#2438 = ORIENTED_EDGE ( 'NONE', *, *, #3659, .T. ) ;
#2439 = CARTESIAN_POINT ( 'NONE',  ( 1.338300807568864300, 0.7726683315066025200, -8.866666666666642300 ) ) ;
#2440 = CARTESIAN_POINT ( 'NONE',  ( 1.545336663013164600, 0.4140717108886007900, -6.881239260883016400 ) ) ;
#2441 = ORIENTED_EDGE ( 'NONE', *, *, #2387, .T. ) ;
#2442 = CARTESIAN_POINT ( 'NONE',  ( -2.793185071074506100E-014, 2.000000000000000000, 0.7000000000000000700 ) ) ;
#2443 = CARTESIAN_POINT ( 'NONE',  ( 1.154700538379280100, -1.999999999999983300, -17.09166666666662200 ) ) ;
#2444 = CARTESIAN_POINT ( 'NONE',  ( 1.999999999999998200, 1.516467923988701500E-014, -16.27499999999995900 ) ) ;
#2445 = CARTESIAN_POINT ( 'NONE',  ( 1.999999999999998200, 1.911563015296102800E-014, -21.87499999999994700 ) ) ;
#2446 = CARTESIAN_POINT ( 'NONE',  ( -1.732050807568891800, 0.9999999999999742400, -14.67083333333329500 ) ) ;
#2447 = DIRECTION ( 'NONE',  ( -1.000000000000000000, 0.0000000000000000000, 0.0000000000000000000 ) ) ;
#2448 = CARTESIAN_POINT ( 'NONE',  ( -1.545336663013161100, -0.4140717108886135500, -17.73123926088298700 ) ) ;
#2449 = CARTESIAN_POINT ( 'NONE',  ( -1.545336663013167500, -0.4140717108885974600, -1.543739260883030500 ) ) ;
#2450 = CARTESIAN_POINT ( 'NONE',  ( 1.154700538379280100, -1.999999999999983300, -0.3791666666666626000 ) ) ;
#2451 = CARTESIAN_POINT ( 'NONE',  ( -0.8922005383792250800, -1.545336663013181500, -3.558333333333322000 ) ) ;
#2452 =( BOUNDED_CURVE ( )  B_SPLINE_CURVE ( 2, ( #5513, #1677, #5489, #7281, #1025, #4202, #4839, #482, #6106 ),
 .UNSPECIFIED., .F., .F. ) 
 B_SPLINE_CURVE_WITH_KNOTS ( ( 3, 2, 2, 2, 3 ),
 ( 0.2132352941176471600, 0.2156862745098039300, 0.2205882352941176400, 0.2254901960784313800, 0.2279411764705883100 ),
 .UNSPECIFIED. ) 
 CURVE ( )  GEOMETRIC_REPRESENTATION_ITEM ( )  RATIONAL_B_SPLINE_CURVE ( ( 0.9330127018922194100, 0.9330127018922220700, 1.000000000000000000, 0.8660254037844387100, 1.000000000000000000, 0.8660254037844387100, 1.000000000000000000, 0.9330127018922170800, 0.9330127018922194100 ) ) 
 REPRESENTATION_ITEM ( '' )  );
#2453 = VERTEX_POINT ( 'NONE', #7347 ) ;
#2454 = CARTESIAN_POINT ( 'NONE',  ( -1.338300807568845600, -0.7726683315066350500, -14.81666666666662700 ) ) ;
#2455 = AXIS2_PLACEMENT_3D ( 'NONE', #6459, #6536, #6004 ) ;
#2456 = CYLINDRICAL_SURFACE ( 'NONE', #4266, 2.000000000000000000 ) ;
#2457 = CARTESIAN_POINT ( 'NONE',  ( 0.0000000000000000000, 0.0000000000000000000, 0.0000000000000000000 ) ) ;
#2458 = CARTESIAN_POINT ( 'NONE',  ( 0.0000000000000000000, 0.0000000000000000000, -22.00000000000000000 ) ) ;
#2459 = ADVANCED_FACE ( 'NONE', ( #4478 ), #3604, .T. ) ;
#2460 =( BOUNDED_CURVE ( )  B_SPLINE_CURVE ( 2, ( #7689, #5774, #7641, #751, #3948, #175, #1986, #7014, #5855 ),
 .UNSPECIFIED., .F., .F. ) 
 B_SPLINE_CURVE_WITH_KNOTS ( ( 3, 2, 2, 2, 3 ),
 ( 0.8014705882352942700, 0.8039215686274510100, 0.8088235294117647200, 0.8137254901960784300, 0.8161764705882355000 ),
 .UNSPECIFIED. ) 
 CURVE ( )  GEOMETRIC_REPRESENTATION_ITEM ( )  RATIONAL_B_SPLINE_CURVE ( ( 0.9330127018922194100, 0.9330127018922224100, 1.000000000000000000, 0.8660254037844387100, 1.000000000000000000, 0.8660254037844387100, 1.000000000000000000, 0.9330127018922133000, 0.9330127018922194100 ) ) 
 REPRESENTATION_ITEM ( '' )  );
#2461 = CARTESIAN_POINT ( 'NONE',  ( 1.545336663013173100, -0.4140717108885617100, -6.943760739116945600 ) ) ;
#2462 = CARTESIAN_POINT ( 'NONE',  ( -1.338300807568864000, -0.7726683315066029700, -8.516666666666642600 ) ) ;
#2463 = EDGE_CURVE ( 'NONE', #3261, #7562, #6303, .T. ) ;
#2464 =( BOUNDED_CURVE ( )  B_SPLINE_CURVE ( 2, ( #1586, #3441, #331, #2733, #6579, #6014, #4716, #6521, #903 ),
 .UNSPECIFIED., .F., .F. ) 
 B_SPLINE_CURVE_WITH_KNOTS ( ( 3, 2, 2, 2, 3 ),
 ( 0.3014705882352942100, 0.3039215686274509600, 0.3088235294117647200, 0.3137254901960784300, 0.3161764705882353900 ),
 .UNSPECIFIED. ) 
 CURVE ( )  GEOMETRIC_REPRESENTATION_ITEM ( )  RATIONAL_B_SPLINE_CURVE ( ( 0.9330127018922194100, 0.9330127018922224100, 1.000000000000000000, 0.8660254037844387100, 1.000000000000000000, 0.8660254037844387100, 1.000000000000000000, 0.9330127018922163000, 0.9330127018922194100 ) ) 
 REPRESENTATION_ITEM ( '' )  );
#2465 = DIRECTION ( 'NONE',  ( -1.000000000000000000, 0.0000000000000000000, 0.0000000000000000000 ) ) ;
#2466 = VECTOR ( 'NONE', #95, 1000.000000000000100 ) ;
#2467 = CARTESIAN_POINT ( 'NONE',  ( -1.154700538379280800, 1.999999999999983100, -2.741666666666658300 ) ) ;
#2468 = ORIENTED_EDGE ( 'NONE', *, *, #3745, .T. ) ;
#2469 = CARTESIAN_POINT ( 'NONE',  ( 1.154700538379280100, -1.999999999999983300, -22.69166666666661000 ) ) ;
#2470 = CARTESIAN_POINT ( 'NONE',  ( 1.338300807568861800, 0.7726683315066069600, -5.366666666666651200 ) ) ;
#2471 = CARTESIAN_POINT ( 'NONE',  ( -1.154700538379341200, 1.999999999999948500, -18.14166666666662300 ) ) ;
#2472 = CARTESIAN_POINT ( 'NONE',  ( 1.545336663013166200, -8.134310703387671400E-016, -11.72499999999997100 ) ) ;
#2473 = CARTESIAN_POINT ( 'NONE',  ( 1.732050807568891200, -0.9999999999999753500, -15.02083333333329500 ) ) ;
#2474 = VERTEX_POINT ( 'NONE', #451 ) ;
#2475 = EDGE_CURVE ( 'NONE', #89, #4377, #4853, .T. ) ;
#2476 = DIRECTION ( 'NONE',  ( 1.000000000000000000, 0.0000000000000000000, 0.0000000000000000000 ) ) ;
#2477 = AXIS2_PLACEMENT_3D ( 'NONE', #7867, #4811, #4092 ) ;
#2478 = DIRECTION ( 'NONE',  ( 1.000000000000000000, 0.0000000000000000000, 0.0000000000000000000 ) ) ;
#2479 = ORIENTED_EDGE ( 'NONE', *, *, #2189, .F. ) ;
#2480 = CARTESIAN_POINT ( 'NONE',  ( -1.545336663013166200, -2.963213184805508800E-015, -8.662499999999978300 ) ) ;
#2481 = CARTESIAN_POINT ( 'NONE',  ( -1.999999999999998200, -2.963213184805508800E-015, -6.912499999999982800 ) ) ;
#2482 = CARTESIAN_POINT ( 'NONE',  ( -1.999999999999998200, 7.262777413738993000E-015, -10.32499999999997600 ) ) ;
#2483 = VERTEX_POINT ( 'NONE', #2932 ) ;
#2484 = CARTESIAN_POINT ( 'NONE',  ( 1.338300807568896200, -0.7726683315065472300, -9.770833333333307300 ) ) ;
#2485 = EDGE_LOOP ( 'NONE', ( #7431, #3524, #4209, #1983 ) ) ;
#2486 = ORIENTED_EDGE ( 'NONE', *, *, #5320, .T. ) ;
#2487 = CARTESIAN_POINT ( 'NONE',  ( -1.732050807568901800, 0.9999999999999570300, -12.57083333333330100 ) ) ;
#2488 = EDGE_CURVE ( 'NONE', #1916, #4122, #4889, .T. ) ;
#2489 = ORIENTED_EDGE ( 'NONE', *, *, #3554, .T. ) ;
#2490 = CARTESIAN_POINT ( 'NONE',  ( 5.733080165792060500E-014, -2.000000000000000000, -10.23749999999997200 ) ) ;
#2491 = CARTESIAN_POINT ( 'NONE',  ( 1.154700538379221000, 2.000000000000017300, -0.8458333333333281100 ) ) ;
#2492 = CARTESIAN_POINT ( 'NONE',  ( -1.338300807568862700, -0.7726683315066054100, -2.304166666666658700 ) ) ;
#2493 = CARTESIAN_POINT ( 'NONE',  ( -1.784401076758500100, -2.524860140211269500E-014, -9.274999999999975500 ) ) ;
#2494 = ORIENTED_EDGE ( 'NONE', *, *, #6813, .T. ) ;
#2495 = CARTESIAN_POINT ( 'NONE',  ( -0.8922005383793073500, 1.545336663013134700, -15.69166666666662700 ) ) ;
#2496 = CARTESIAN_POINT ( 'NONE',  ( -1.732050807568891800, 0.9999999999999742400, -3.383333333333323100 ) ) ;
#2497 = LINE ( 'NONE', #7219, #7408 ) ;
#2498 = CARTESIAN_POINT ( 'NONE',  ( 2.817678007057453100E-014, -2.000000000000000000, -19.94999999999995000 ) ) ;
#2499 = CARTESIAN_POINT ( 'NONE',  ( -0.8922005383792831500, 1.545336663013148400, -11.49166666666663700 ) ) ;
#2500 = CARTESIAN_POINT ( 'NONE',  ( -1.999999999999998200, -1.028409281785441300E-014, -16.01249999999996000 ) ) ;
#2501 =( BOUNDED_CURVE ( )  B_SPLINE_CURVE ( 2, ( #3297, #5723, #7678, #74, #3938, #2648, #98, #3206, #7595 ),
 .UNSPECIFIED., .F., .F. ) 
 B_SPLINE_CURVE_WITH_KNOTS ( ( 3, 2, 2, 2, 3 ),
 ( 0.9485294117647059500, 0.9509803921568627000, 0.9558823529411765200, 0.9607843137254902200, 0.9632352941176473000 ),
 .UNSPECIFIED. ) 
 CURVE ( )  GEOMETRIC_REPRESENTATION_ITEM ( )  RATIONAL_B_SPLINE_CURVE ( ( 0.9330127018922194100, 0.9330127018922224100, 1.000000000000000000, 0.8660254037844387100, 1.000000000000000000, 0.8660254037844387100, 1.000000000000000000, 0.9330127018922133000, 0.9330127018922194100 ) ) 
 REPRESENTATION_ITEM ( '' )  );
#2502 = ORIENTED_EDGE ( 'NONE', *, *, #2526, .T. ) ;
#2503 = CARTESIAN_POINT ( 'NONE',  ( -1.545336663013166400, -0.4140717108885968400, -0.2312392608830336200 ) ) ;
#2504 = CARTESIAN_POINT ( 'NONE',  ( -1.154700538379222800, -2.000000000000016400, -14.49583333333329600 ) ) ;
#2505 = ADVANCED_FACE ( 'NONE', ( #5070 ), #7133, .T. ) ;
#2506 = CARTESIAN_POINT ( 'NONE',  ( -1.545336663013173500, -0.4140717108886105000, -21.14373926088298800 ) ) ;
#2507 = VERTEX_POINT ( 'NONE', #4297 ) ;
#2508 = CARTESIAN_POINT ( 'NONE',  ( -1.552592033610002500, -0.6999250861245152100, -22.00000000000001100 ) ) ;
#2509 = CARTESIAN_POINT ( 'NONE',  ( 2.309401076758502900, 3.239433308545619500E-014, 1.137500000000000200 ) ) ;
#2510 = CARTESIAN_POINT ( 'NONE',  ( 1.545336663013166200, 1.045839947578414800E-015, -16.71249999999995600 ) ) ;
#2511 = LOCAL_TIME ( 8, 0, 44.00000000000000000, #2240 ) ;
#2512 = EDGE_CURVE ( 'NONE', #8150, #7715, #1723, .T. ) ;
#2513 = VERTEX_POINT ( 'NONE', #4933 ) ;
#2514 = VECTOR ( 'NONE', #2188, 1000.000000000000000 ) ;
#2516 = CARTESIAN_POINT ( 'NONE',  ( 0.0000000000000000000, 0.0000000000000000000, 0.0000000000000000000 ) ) ;
#2515 = FACE_OUTER_BOUND ( 'NONE', #13, .T. ) ;
#2517 = CARTESIAN_POINT ( 'NONE',  ( -3.899680531971800300E-014, 1.545336663013167300, -10.84999999999997100 ) ) ;
#2518 = CARTESIAN_POINT ( 'NONE',  ( 0.8922005383793026900, -1.545336663013136900, -17.44166666666662400 ) ) ;
#2519 = CARTESIAN_POINT ( 'NONE',  ( -0.8922005383792724900, 1.545336663013154900, -7.991666666666643200 ) ) ;
#2520 = DIRECTION ( 'NONE',  ( -0.0000000000000000000, -0.0000000000000000000, 1.000000000000000000 ) ) ;
#2521 = VECTOR ( 'NONE', #7611, 1000.000000000000000 ) ;
#2522 = CARTESIAN_POINT ( 'NONE',  ( -2.309401076758502900, -3.267715314911616300E-014, -1.924999999999993400 ) ) ;
#2523 = CARTESIAN_POINT ( 'NONE',  ( 2.177130564435878500E-014, -1.545336663013167300, -16.88749999999995700 ) ) ;
#2524 = CARTESIAN_POINT ( 'NONE',  ( -1.732050807568891800, 0.9999999999999742400, -20.18333333333328400 ) ) ;
#2525 = CARTESIAN_POINT ( 'NONE',  ( -1.154700538379304800, 1.999999999999969100, -6.329166666666648000 ) ) ;
#2526 = EDGE_CURVE ( 'NONE', #411, #49, #1904, .T. ) ;
#2527 = CARTESIAN_POINT ( 'NONE',  ( 1.732050807568922700, -0.9999999999999215100, -21.23333333333328100 ) ) ;
#2528 = CARTESIAN_POINT ( 'NONE',  ( -2.000000000000001800, 0.5358983848622231900, -4.143760739116952000 ) ) ;
#2529 = CARTESIAN_POINT ( 'NONE',  ( -1.154700538379280800, 1.999999999999983100, -14.72916666666662700 ) ) ;
#2530 = EDGE_LOOP ( 'NONE', ( #326, #109, #4581, #6583 ) ) ;
#2531 = CARTESIAN_POINT ( 'NONE',  ( -1.999999999999998200, 1.080701279164362200E-014, -8.224999999999980100 ) ) ;
#2532 = CARTESIAN_POINT ( 'NONE',  ( 2.290680060313726100E-014, -1.545336663013167300, -1.399999999999994100 ) ) ;
#2533 = CARTESIAN_POINT ( 'NONE',  ( -1.732050807568891800, 0.9999999999999742400, -2.770833333333323700 ) ) ;
#2534 = DIRECTION ( 'NONE',  ( 0.0000000000000000000, 0.0000000000000000000, 1.000000000000000000 ) ) ;
#2535 = ORIENTED_EDGE ( 'NONE', *, *, #4078, .T. ) ;
#2536 = EDGE_CURVE ( 'NONE', #7670, #34, #5169, .T. ) ;
#2537 = CARTESIAN_POINT ( 'NONE',  ( 1.545336663013169100, 4.677228654447910900E-015, -11.02499999999997200 ) ) ;
#2538 = DIRECTION ( 'NONE',  ( 1.000000000000000000, 0.0000000000000000000, 0.0000000000000000000 ) ) ;
#2539 = ADVANCED_FACE ( 'NONE', ( #3191 ), #3509, .T. ) ;
#2540 = CARTESIAN_POINT ( 'NONE',  ( -1.999999999999988700, 0.5358983848622166400, -20.94376073911691800 ) ) ;
#2541 = EDGE_LOOP ( 'NONE', ( #5641, #5240, #2968, #7033 ) ) ;
#2542 = CARTESIAN_POINT ( 'NONE',  ( 7.004323286104384500E-014, -1.545336663013167300, -17.49999999999995700 ) ) ;
#2543 = CARTESIAN_POINT ( 'NONE',  ( -1.338300807568864000, -0.7726683315066029700, -7.116666666666646700 ) ) ;
#2544 = DIRECTION ( 'NONE',  ( -0.0000000000000000000, -0.0000000000000000000, -1.000000000000000000 ) ) ;
#2545 = CARTESIAN_POINT ( 'NONE',  ( 0.8922005383792248600, 1.545336663013181700, -14.49583333333329600 ) ) ;
#2546 = EDGE_CURVE ( 'NONE', #6743, #6837, #1528, .T. ) ;
#2547 = CARTESIAN_POINT ( 'NONE',  ( -2.309401076758502900, -3.267715314911616300E-014, -1.224999999999995000 ) ) ;
#2548 = CARTESIAN_POINT ( 'NONE',  ( -1.784401076758500100, -2.524860140211269200E-014, -19.16249999999995200 ) ) ;
#2549 = VERTEX_POINT ( 'NONE', #1831 ) ;
#2550 = CARTESIAN_POINT ( 'NONE',  ( 1.154700538379280100, -1.999999999999983300, -20.59166666666661500 ) ) ;
#2551 = AXIS2_PLACEMENT_3D ( 'NONE', #3757, #1940, #1188 ) ;
#2552 =( BOUNDED_CURVE ( )  B_SPLINE_CURVE ( 2, ( #7017, #2578, #1282, #3862, #3780, #6991, #2553, #3227, #5712 ),
 .UNSPECIFIED., .F., .F. ) 
 B_SPLINE_CURVE_WITH_KNOTS ( ( 3, 2, 2, 2, 3 ),
 ( 0.5661764705882353900, 0.5686274509803921400, 0.5735294117647058400, 0.5784313725490196600, 0.5808823529411766300 ),
 .UNSPECIFIED. ) 
 CURVE ( )  GEOMETRIC_REPRESENTATION_ITEM ( )  RATIONAL_B_SPLINE_CURVE ( ( 0.9330127018922194100, 0.9330127018922224100, 1.000000000000000000, 0.8660254037844387100, 1.000000000000000000, 0.8660254037844387100, 1.000000000000000000, 0.9330127018922163000, 0.9330127018922194100 ) ) 
 REPRESENTATION_ITEM ( '' )  );
#2553 = CARTESIAN_POINT ( 'NONE',  ( -1.338300807568851600, -0.7726683315066247300, -12.71666666666663300 ) ) ;
#2554 =( BOUNDED_CURVE ( )  B_SPLINE_CURVE ( 2, ( #4445, #4477, #3760, #5054, #5755, #4393, #1862, #7561, #1243 ),
 .UNSPECIFIED., .F., .F. ) 
 B_SPLINE_CURVE_WITH_KNOTS ( ( 3, 2, 2, 2, 3 ),
 ( 0.1691176470588236200, 0.1715686274509803900, 0.1764705882352941300, 0.1813725490196078400, 0.1838235294117648000 ),
 .UNSPECIFIED. ) 
 CURVE ( )  GEOMETRIC_REPRESENTATION_ITEM ( )  RATIONAL_B_SPLINE_CURVE ( ( 0.9330127018922194100, 0.9330127018922220700, 1.000000000000000000, 0.8660254037844387100, 1.000000000000000000, 0.8660254037844387100, 1.000000000000000000, 0.9330127018922167400, 0.9330127018922194100 ) ) 
 REPRESENTATION_ITEM ( '' )  );
#2555 = CARTESIAN_POINT ( 'NONE',  ( 1.732050807568863200, 1.000000000000024400, -15.60416666666662500 ) ) ;
#2556 = ORIENTED_EDGE ( 'NONE', *, *, #5252, .T. ) ;
#2557 = ORIENTED_EDGE ( 'NONE', *, *, #2536, .T. ) ;
#2558 = CARTESIAN_POINT ( 'NONE',  ( 1.545336663013172000, 1.353781709920948100E-014, -18.11249999999995500 ) ) ;
#2559 = CARTESIAN_POINT ( 'NONE',  ( 1.154700538379280100, -1.999999999999983300, -1.779166666666659500 ) ) ;
#2560 = CARTESIAN_POINT ( 'NONE',  ( 2.000000000000001800, 6.100733027540754000E-015, -10.76249999999997300 ) ) ;
#2561 = CARTESIAN_POINT ( 'NONE',  ( 2.000000000000000400, -3.544235377904629100E-015, -3.762499999999990400 ) ) ;
#2562 = VERTEX_POINT ( 'NONE', #575 ) ;
#2563 = CARTESIAN_POINT ( 'NONE',  ( -1.500000000000000200, -0.8660254037844387100, -26.00000000000000000 ) ) ;
#2564 = ORIENTED_EDGE ( 'NONE', *, *, #692, .T. ) ;
#2565 = CARTESIAN_POINT ( 'NONE',  ( -1.999999999999998200, -5.868324150301105800E-015, -11.72499999999997100 ) ) ;
#2566 = FACE_OUTER_BOUND ( 'NONE', #3164, .T. ) ;
#2567 = CARTESIAN_POINT ( 'NONE',  ( 1.545336663013167300, 1.892491597964127500E-016, 0.0000000000000000000 ) ) ;
#2568 = VERTEX_POINT ( 'NONE', #1186 ) ;
#2569 = CARTESIAN_POINT ( 'NONE',  ( 1.338300807568886300, -0.7726683315065647800, -13.88333333333329600 ) ) ;
#2570 = EDGE_CURVE ( 'NONE', #6330, #1700, #4587, .T. ) ;
#2571 = CARTESIAN_POINT ( 'NONE',  ( 0.0000000000000000000, 0.0000000000000000000, -26.00000000000000000 ) ) ;
#2572 = LINE ( 'NONE', #6305, #2386 ) ;
#2573 = CARTESIAN_POINT ( 'NONE',  ( -1.154700538379222800, -2.000000000000016400, -5.308333333333318500 ) ) ;
#2574 = CARTESIAN_POINT ( 'NONE',  ( 1.784401076758500100, 2.503007529540795600E-014, -18.11249999999995800 ) ) ;
#2575 = CYLINDRICAL_SURFACE ( 'NONE', #7404, 2.000000000000000000 ) ;
#2576 = CARTESIAN_POINT ( 'NONE',  ( 1.732050807568891200, -0.9999999999999753500, -21.93333333333327700 ) ) ;
#2577 = CARTESIAN_POINT ( 'NONE',  ( -2.000000000000000400, -0.5358983848622622700, -0.5812392608830321300 ) ) ;
#2578 = CARTESIAN_POINT ( 'NONE',  ( 1.545336663013168900, -0.4140717108885555400, -12.45626073911693300 ) ) ;
#2579 = CARTESIAN_POINT ( 'NONE',  ( -3.369400271153278800E-014, 1.545336663013167300, -21.34999999999994500 ) ) ;
#2580 = ORIENTED_EDGE ( 'NONE', *, *, #3499, .T. ) ;
#2581 = CARTESIAN_POINT ( 'NONE',  ( -1.545336663013166000, -1.853460795986191000E-014, -15.57499999999996200 ) ) ;
#2582 = FACE_OUTER_BOUND ( 'NONE', #4628, .T. ) ;
#2583 = CARTESIAN_POINT ( 'NONE',  ( -2.309401076758502900, -3.267715314911616300E-014, -16.01249999999995700 ) ) ;
#2584 = ORIENTED_EDGE ( 'NONE', *, *, #6394, .F. ) ;
#2585 = ADVANCED_FACE ( 'NONE', ( #5762 ), #3997, .T. ) ;
#2586 = EDGE_CURVE ( 'NONE', #7628, #3133, #6074, .T. ) ;
#2587 = ORIENTED_EDGE ( 'NONE', *, *, #501, .T. ) ;
#2588 = CARTESIAN_POINT ( 'NONE',  ( 1.545336663013170400, 0.4140717108886132200, -20.09373926088298400 ) ) ;
#2589 = CARTESIAN_POINT ( 'NONE',  ( 1.545336663013167300, -0.4140717108885700900, -1.343760739116959700 ) ) ;
#2590 = DIRECTION ( 'NONE',  ( 0.0000000000000000000, 0.0000000000000000000, 1.000000000000000000 ) ) ;
#2591 = CARTESIAN_POINT ( 'NONE',  ( -2.793185071074506700E-014, 2.000000000000000000, -4.287499999999985400 ) ) ;
#2592 = CARTESIAN_POINT ( 'NONE',  ( 1.338300807568848500, 0.7726683315066297200, -13.85416666666663100 ) ) ;
#2593 = CARTESIAN_POINT ( 'NONE',  ( 1.999999999999998200, 0.0000000000000000000, -12.86249999999996500 ) ) ;
#2594 = ORIENTED_EDGE ( 'NONE', *, *, #7376, .T. ) ;
#2595 = ORIENTED_EDGE ( 'NONE', *, *, #5597, .F. ) ;
#2596 = EDGE_CURVE ( 'NONE', #5735, #2393, #3112, .T. ) ;
#2597 = VECTOR ( 'NONE', #4058, 1000.000000000000000 ) ;
#2598 = CARTESIAN_POINT ( 'NONE',  ( -0.8922005383792103200, -1.545336663013189900, -10.55833333333330500 ) ) ;
#2599 = CARTESIAN_POINT ( 'NONE',  ( -1.545336663013167300, 0.0000000000000000000, 0.0000000000000000000 ) ) ;
#2600 = CARTESIAN_POINT ( 'NONE',  ( 1.545336663013172000, 1.504847480126719400E-014, -20.91249999999994800 ) ) ;
#2601 = CARTESIAN_POINT ( 'NONE',  ( 0.8922005383792283000, 1.545336663013179700, -13.70833333333329700 ) ) ;
#2602 = CARTESIAN_POINT ( 'NONE',  ( -6.713045197364578000E-014, 2.000000000000000000, -14.08749999999996300 ) ) ;
#2603 = DIRECTION ( 'NONE',  ( 0.0000000000000000000, 0.0000000000000000000, 1.000000000000000000 ) ) ;
#2604 = VERTEX_POINT ( 'NONE', #5079 ) ;
#2605 = CARTESIAN_POINT ( 'NONE',  ( -2.309401076758502900, -3.267715314911616300E-014, -4.724999999999987200 ) ) ;
#2606 = CARTESIAN_POINT ( 'NONE',  ( 1.784401076758500100, 2.503007529540795600E-014, -19.51249999999995300 ) ) ;
#2607 = CARTESIAN_POINT ( 'NONE',  ( 1.545336663013167500, 2.643650978600993100E-015, -5.424999999999986500 ) ) ;
#2608 = CARTESIAN_POINT ( 'NONE',  ( -1.545336663013158600, 0.4140717108885620900, -21.20626073911691400 ) ) ;
#2609 = ORIENTED_EDGE ( 'NONE', *, *, #644, .T. ) ;
#2610 = VECTOR ( 'NONE', #3926, 1000.000000000000000 ) ;
#2611 = CARTESIAN_POINT ( 'NONE',  ( -1.154700538379309000, 1.999999999999967100, -12.54166666666663600 ) ) ;
#2612 = CARTESIAN_POINT ( 'NONE',  ( 1.154700538379280100, -1.999999999999983300, -19.27916666666661200 ) ) ;
#2613 = VECTOR ( 'NONE', #3467, 1000.000000000000000 ) ;
#2614 = APPROVAL_ROLE ( '' ) ;
#2615 = CARTESIAN_POINT ( 'NONE',  ( -2.000000000000000000, 2.449293598294706400E-016, -22.00000000000000000 ) ) ;
#2616 = CARTESIAN_POINT ( 'NONE',  ( 2.000000000000000900, -0.5358983848622114200, -8.606260739116944300 ) ) ;
#2617 = CARTESIAN_POINT ( 'NONE',  ( 2.817678007057453700E-014, -2.000000000000000000, -3.237499999999989200 ) ) ;
#2618 = CARTESIAN_POINT ( 'NONE',  ( -1.545336663013167300, 0.0000000000000000000, 0.0000000000000000000 ) ) ;
#2619 = ORIENTED_EDGE ( 'NONE', *, *, #1851, .T. ) ;
#2620 = FACE_OUTER_BOUND ( 'NONE', #4166, .T. ) ;
#2621 = CARTESIAN_POINT ( 'NONE',  ( 1.545336663013165100, -0.4140717108885488300, -19.54376073911691600 ) ) ;
#2622 = LINE ( 'NONE', #3340, #7854 ) ;
#2623 = CARTESIAN_POINT ( 'NONE',  ( 1.732050807568898500, -0.9999999999999629200, -12.92083333333330100 ) ) ;
#2624 = EDGE_CURVE ( 'NONE', #3586, #2904, #4096, .T. ) ;
#2625 = AXIS2_PLACEMENT_3D ( 'NONE', #1839, #7436, #555 ) ;
#2626 = ADVANCED_FACE ( 'NONE', ( #4370 ), #7312, .T. ) ;
#2627 = CARTESIAN_POINT ( 'NONE',  ( -2.000000000000006200, -9.819275063375116700E-015, -16.71249999999995600 ) ) ;
#2628 = CARTESIAN_POINT ( 'NONE',  ( -0.8922005383792065400, -1.545336663013191900, -17.55833333333329100 ) ) ;
#2629 = CARTESIAN_POINT ( 'NONE',  ( 1.338300807568886300, -0.7726683315065647800, -12.48333333333329900 ) ) ;
#2630 = CARTESIAN_POINT ( 'NONE',  ( 2.309401076758502900, 3.239433308545618900E-014, -4.374999999999987600 ) ) ;
#2631 = CARTESIAN_POINT ( 'NONE',  ( -1.338300807568864000, -0.7726683315066029700, -17.70416666666662000 ) ) ;
#2632 = CARTESIAN_POINT ( 'NONE',  ( -2.000000000000000000, 0.5358983848622272900, -1.256260739116960000 ) ) ;
#2633 = CARTESIAN_POINT ( 'NONE',  ( 1.154700538379173500, 2.000000000000045300, -17.64583333333328600 ) ) ;
#2634 = EDGE_CURVE ( 'NONE', #2998, #6226, #2306, .T. ) ;
#2635 = DIRECTION ( 'NONE',  ( -0.0000000000000000000, -0.0000000000000000000, -1.000000000000000000 ) ) ;
#2636 = CARTESIAN_POINT ( 'NONE',  ( 1.999999999999998200, 1.377022597644913000E-014, -12.77499999999997000 ) ) ;
#2637 = VERTEX_POINT ( 'NONE', #3117 ) ;
#2638 = CARTESIAN_POINT ( 'NONE',  ( 1.732050807568863200, 1.000000000000024400, -12.71666666666663300 ) ) ;
#2639 = CARTESIAN_POINT ( 'NONE',  ( 1.545336663013166400, -0.4140717108885537100, -14.64376073911692600 ) ) ;
#2640 = CARTESIAN_POINT ( 'NONE',  ( -1.154700538379222800, -2.000000000000016400, -16.59583333333328900 ) ) ;
#2641 =( BOUNDED_CURVE ( )  B_SPLINE_CURVE ( 2, ( #1649, #7965, #7915, #2305, #7275, #4223, #6124, #6701, #3555 ),
 .UNSPECIFIED., .F., .F. ) 
 B_SPLINE_CURVE_WITH_KNOTS ( ( 3, 2, 2, 2, 3 ),
 ( 0.5808823529411766300, 0.5833333333333333700, 0.5882352941176470800, 0.5931372549019607900, 0.5955882352941177500 ),
 .UNSPECIFIED. ) 
 CURVE ( )  GEOMETRIC_REPRESENTATION_ITEM ( )  RATIONAL_B_SPLINE_CURVE ( ( 0.9330127018922194100, 0.9330127018922224100, 1.000000000000000000, 0.8660254037844387100, 1.000000000000000000, 0.8660254037844387100, 1.000000000000000000, 0.9330127018922163000, 0.9330127018922194100 ) ) 
 REPRESENTATION_ITEM ( '' )  );
#2642 = CARTESIAN_POINT ( 'NONE',  ( 2.000000000000003600, 0.5358983848622627100, -5.831239260883020100 ) ) ;
#2643 = CARTESIAN_POINT ( 'NONE',  ( -1.999999999999997800, -0.5358983848622771400, -6.881239260883019100 ) ) ;
#2644 = CARTESIAN_POINT ( 'NONE',  ( -1.545336663013172000, -7.553288510288552300E-015, -17.06249999999996100 ) ) ;
#2645 = CARTESIAN_POINT ( 'NONE',  ( -1.154700538379222800, -2.000000000000016400, -3.995833333333319800 ) ) ;
#2646 = CARTESIAN_POINT ( 'NONE',  ( -1.499999999999999600, 0.5910856000280370100, -25.87419674354464800 ) ) ;
#2647 = EDGE_CURVE ( 'NONE', #6247, #4794, #1658, .T. ) ;
#2648 = CARTESIAN_POINT ( 'NONE',  ( -0.8922005383791823400, -1.545336663013206200, -21.84583333333327800 ) ) ;
#2649 = FACE_OUTER_BOUND ( 'NONE', #6517, .T. ) ;
#2650 = CARTESIAN_POINT ( 'NONE',  ( 2.000000000000000000, -5.868324150301105800E-015, -1.662499999999995200 ) ) ;
#2651 = CARTESIAN_POINT ( 'NONE',  ( 6.320910629382790500E-014, -2.000000000000000000, -18.63749999999995000 ) ) ;
#2652 = ORIENTED_EDGE ( 'NONE', *, *, #5017, .F. ) ;
#2653 = CARTESIAN_POINT ( 'NONE',  ( -1.732050807568857400, -1.000000000000034900, -3.266666666666656400 ) ) ;
#2654 = CARTESIAN_POINT ( 'NONE',  ( -1.545336663013166200, 1.830219908262226200E-014, -19.77499999999995600 ) ) ;
#2655 = CARTESIAN_POINT ( 'NONE',  ( -0.8922005383792279700, -1.545336663013180200, -11.25833333333330300 ) ) ;
#2656 = CARTESIAN_POINT ( 'NONE',  ( -1.382802616965772300, 0.9336893444275702300, -25.93233605935687100 ) ) ;
#2657 = CARTESIAN_POINT ( 'NONE',  ( -3.381015534665236000E-014, 2.000000000000000000, -7.699999999999978900 ) ) ;
#2658 = CARTESIAN_POINT ( 'NONE',  ( -2.309401076758502900, -3.267715314911616300E-014, -5.424999999999984700 ) ) ;
#2659 = CARTESIAN_POINT ( 'NONE',  ( 1.545336663013172000, 1.353781709920948100E-014, -18.11249999999995800 ) ) ;
#2660 = CARTESIAN_POINT ( 'NONE',  ( -0.8922005383792279700, -1.545336663013180200, -12.04583333333330200 ) ) ;
#2661 = ORIENTED_EDGE ( 'NONE', *, *, #6960, .T. ) ;
#2662 = CARTESIAN_POINT ( 'NONE',  ( 1.500000000000000000, -0.8660254037844387100, -23.75000000000000000 ) ) ;
#2663 = CARTESIAN_POINT ( 'NONE',  ( 1.154700538379205900, 2.000000000000026600, -12.04583333333330100 ) ) ;
#2664 = CARTESIAN_POINT ( 'NONE',  ( 1.154700538379223000, 2.000000000000016000, -14.05833333333329600 ) ) ;
#2665 = CARTESIAN_POINT ( 'NONE',  ( -1.732050807568891800, 0.9999999999999742400, -22.37083333333327300 ) ) ;
#2666 = LINE ( 'NONE', #7930, #7389 ) ;
#2667 = VERTEX_POINT ( 'NONE', #6323 ) ;
#2668 = ADVANCED_FACE ( 'NONE', ( #2394 ), #5135, .F. ) ;
#2669 = CARTESIAN_POINT ( 'NONE',  ( -4.704129262253648900E-014, 2.000000000000000000, -5.687499999999982200 ) ) ;
#2670 = CARTESIAN_POINT ( 'NONE',  ( 1.154700538379287400, -1.999999999999979100, -2.391666666666659100 ) ) ;
#2671 = EDGE_CURVE ( 'NONE', #4466, #4187, #3991, .T. ) ;
#2672 = CARTESIAN_POINT ( 'NONE',  ( -1.154700538379280800, 1.999999999999983100, -5.629166666666651300 ) ) ;
#2673 = DIRECTION ( 'NONE',  ( -0.0000000000000000000, -0.0000000000000000000, -1.000000000000000000 ) ) ;
#2674 = VECTOR ( 'NONE', #1445, 1000.000000000000000 ) ;
#2675 = CARTESIAN_POINT ( 'NONE',  ( 1.545336663013169100, 4.677228654447910900E-015, -11.02499999999997200 ) ) ;
#2676 = ORIENTED_EDGE ( 'NONE', *, *, #3925, .F. ) ;
#2677 = VECTOR ( 'NONE', #271, 1000.000000000000000 ) ;
#2678 = VERTEX_POINT ( 'NONE', #645 ) ;
#2679 = CARTESIAN_POINT ( 'NONE',  ( -1.338300807568859800, -0.7726683315066106300, -2.916666666666656700 ) ) ;
#2680 = CARTESIAN_POINT ( 'NONE',  ( 1.338300807568908900, -0.7726683315065257000, -15.37083333333329400 ) ) ;
#2681 = VERTEX_POINT ( 'NONE', #2531 ) ;
#2682 = CARTESIAN_POINT ( 'NONE',  ( 1.784401076758500100, 2.503007529540795900E-014, -11.02499999999997200 ) ) ;
#2683 = EDGE_CURVE ( 'NONE', #3090, #5041, #6750, .T. ) ;
#2684 = ORIENTED_EDGE ( 'NONE', *, *, #4665, .F. ) ;
#2685 = CARTESIAN_POINT ( 'NONE',  ( 1.545336663013169100, 3.950950913074011700E-015, -9.712499999999975500 ) ) ;
#2686 = CARTESIAN_POINT ( 'NONE',  ( -2.000000000000000000, 2.449293598294706400E-016, -22.00000000000000000 ) ) ;
#2687 = CARTESIAN_POINT ( 'NONE',  ( -1.784401076758500100, -2.524860140211269200E-014, -10.76249999999997300 ) ) ;
#2688 = ORIENTED_EDGE ( 'NONE', *, *, #3870, .T. ) ;
#2689 = CARTESIAN_POINT ( 'NONE',  ( 2.000000000000005800, 1.760497245090331600E-014, -17.76249999999995300 ) ) ;
#2690 = DIRECTION ( 'NONE',  ( 1.000000000000000000, 0.0000000000000000000, 0.0000000000000000000 ) ) ;
#2691 = DIRECTION ( 'NONE',  ( -0.0000000000000000000, -0.0000000000000000000, -1.000000000000000000 ) ) ;
#2692 =( BOUNDED_CURVE ( )  B_SPLINE_CURVE ( 2, ( #226, #1394, #6420, #2717, #3890, #7746, #6452, #5824, #5147 ),
 .UNSPECIFIED., .F., .F. ) 
 B_SPLINE_CURVE_WITH_KNOTS ( ( 3, 2, 2, 2, 3 ),
 ( 0.6102941176470589900, 0.6127450980392157300, 0.6176470588235294400, 0.6225490196078431500, 0.6250000000000001100 ),
 .UNSPECIFIED. ) 
 CURVE ( )  GEOMETRIC_REPRESENTATION_ITEM ( )  RATIONAL_B_SPLINE_CURVE ( ( 0.9330127018922193000, 0.9330127018922238500, 1.000000000000000000, 0.8660254037844387100, 1.000000000000000000, 0.8660254037844387100, 1.000000000000000000, 0.9330127018922163000, 0.9330127018922194100 ) ) 
 REPRESENTATION_ITEM ( '' )  );
#2693 = DIRECTION ( 'NONE',  ( -0.0000000000000000000, -0.0000000000000000000, -1.000000000000000000 ) ) ;
#2694 = ORIENTED_EDGE ( 'NONE', *, *, #7925, .T. ) ;
#2695 = CARTESIAN_POINT ( 'NONE',  ( 1.732050807568891200, -0.9999999999999753500, -15.63333333333329400 ) ) ;
#2696 = ORIENTED_EDGE ( 'NONE', *, *, #5953, .F. ) ;
#2697 = CARTESIAN_POINT ( 'NONE',  ( -1.154700538379280800, 1.999999999999983100, -21.02916666666661200 ) ) ;
#2698 = CARTESIAN_POINT ( 'NONE',  ( -1.154700538379295000, 1.999999999999974500, -13.24166666666663300 ) ) ;
#2699 = LINE ( 'NONE', #6428, #5875 ) ;
#2700 = EDGE_CURVE ( 'NONE', #815, #423, #3381, .T. ) ;
#2701 = CARTESIAN_POINT ( 'NONE',  ( -0.8922005383792279700, -1.545336663013180200, -2.945833333333324000 ) ) ;
#2702 = CARTESIAN_POINT ( 'NONE',  ( -2.000000000000000000, 4.764381983412779500E-015, -2.712499999999992800 ) ) ;
#2703 = CARTESIAN_POINT ( 'NONE',  ( -0.8922005383792263000, -1.545336663013181100, -1.545833333333327400 ) ) ;
#2704 = CARTESIAN_POINT ( 'NONE',  ( 2.000000000000000000, 0.0000000000000000000, -22.00000000000000000 ) ) ;
#2705 = CARTESIAN_POINT ( 'NONE',  ( 1.732050807568863200, 1.000000000000024400, -7.204166666666647100 ) ) ;
#2706 = ORIENTED_EDGE ( 'NONE', *, *, #5514, .F. ) ;
#2707 = CARTESIAN_POINT ( 'NONE',  ( -1.154700538379197100, -2.000000000000031100, -15.10833333333329700 ) ) ;
#2708 = CARTESIAN_POINT ( 'NONE',  ( 1.338300807568841600, 0.7726683315066416000, -18.66666666666661800 ) ) ;
#2709 = CARTESIAN_POINT ( 'NONE',  ( 1.154700538379187500, 2.000000000000036900, -18.34583333333328200 ) ) ;
#2710 = APPROVAL_DATE_TIME ( #6946, #4863 ) ;
#2711 = ORIENTED_EDGE ( 'NONE', *, *, #7879, .T. ) ;
#2712 = CARTESIAN_POINT ( 'NONE',  ( 1.338300807568888900, -0.7726683315065601100, -2.683333333333324700 ) ) ;
#2713 =( BOUNDED_CURVE ( )  B_SPLINE_CURVE ( 2, ( #7025, #2616, #2030, #7673, #765, #7104, #3874, #6436, #6385 ),
 .UNSPECIFIED., .F., .F. ) 
 B_SPLINE_CURVE_WITH_KNOTS ( ( 3, 2, 2, 2, 3 ),
 ( 0.3897058823529412900, 0.3921568627450980300, 0.3970588235294117400, 0.4019607843137255100, 0.4044117647058824700 ),
 .UNSPECIFIED. ) 
 CURVE ( )  GEOMETRIC_REPRESENTATION_ITEM ( )  RATIONAL_B_SPLINE_CURVE ( ( 0.9330127018922194100, 0.9330127018922224100, 1.000000000000000000, 0.8660254037844387100, 1.000000000000000000, 0.8660254037844387100, 1.000000000000000000, 0.9330127018922163000, 0.9330127018922194100 ) ) 
 REPRESENTATION_ITEM ( '' )  );
#2714 = CARTESIAN_POINT ( 'NONE',  ( -0.8922005383792226400, -1.545336663013183300, -8.545833333333309400 ) ) ;
#2715 = VECTOR ( 'NONE', #6476, 1000.000000000000000 ) ;
#2716 = CARTESIAN_POINT ( 'NONE',  ( 0.8922005383792283000, 1.545336663013179700, -14.40833333333329400 ) ) ;
#2717 = CARTESIAN_POINT ( 'NONE',  ( -1.154700538379309600, 1.999999999999966200, -13.94166666666663100 ) ) ;
#2718 = ORIENTED_EDGE ( 'NONE', *, *, #4938, .F. ) ;
#2719 = FACE_OUTER_BOUND ( 'NONE', #7898, .T. ) ;
#2720 = DIRECTION ( 'NONE',  ( -1.000000000000000000, 0.0000000000000000000, 0.0000000000000000000 ) ) ;
#2721 = CARTESIAN_POINT ( 'NONE',  ( -1.338300807568864000, -0.7726683315066029700, -12.10416666666663400 ) ) ;
#2722 = LINE ( 'NONE', #2366, #2152 ) ;
#2723 = CARTESIAN_POINT ( 'NONE',  ( 1.545336663013166400, 0.4140717108886056200, -11.69373926088300500 ) ) ;
#2724 = DIRECTION ( 'NONE',  ( -0.0000000000000000000, -0.0000000000000000000, -1.000000000000000000 ) ) ;
#2725 = CARTESIAN_POINT ( 'NONE',  ( -2.000000000000010700, -0.5358983848622577200, -13.88123926088300100 ) ) ;
#2726 =( BOUNDED_CURVE ( )  B_SPLINE_CURVE ( 2, ( #3550, #6667, #2952, #5476, #4847, #1617, #6116, #6696, #4263 ),
 .UNSPECIFIED., .F., .F. ) 
 B_SPLINE_CURVE_WITH_KNOTS ( ( 3, 2, 2, 2, 3 ),
 ( 0.2132352941176471600, 0.2156862745098039300, 0.2205882352941176400, 0.2254901960784313800, 0.2279411764705883100 ),
 .UNSPECIFIED. ) 
 CURVE ( )  GEOMETRIC_REPRESENTATION_ITEM ( )  RATIONAL_B_SPLINE_CURVE ( ( 0.9330127018922194100, 0.9330127018922220700, 1.000000000000000000, 0.8660254037844387100, 1.000000000000000000, 0.8660254037844387100, 1.000000000000000000, 0.9330127018922170800, 0.9330127018922194100 ) ) 
 REPRESENTATION_ITEM ( '' )  );
#2727 = CARTESIAN_POINT ( 'NONE',  ( -1.154700538379290100, 1.999999999999977800, -6.241666666666649400 ) ) ;
#2728 = CARTESIAN_POINT ( 'NONE',  ( 1.732050807568891200, -0.9999999999999753500, -13.53333333333329900 ) ) ;
#2729 = CARTESIAN_POINT ( 'NONE',  ( 1.338300807568898900, -0.7726683315065426800, -19.48333333333328500 ) ) ;
#2730 = CARTESIAN_POINT ( 'NONE',  ( 1.154700538379280100, -1.999999999999983300, -20.67916666666661400 ) ) ;
#2731 = CARTESIAN_POINT ( 'NONE',  ( -1.732050807568857000, -1.000000000000035700, -4.054166666666653800 ) ) ;
#2732 = CARTESIAN_POINT ( 'NONE',  ( -1.338300807568886700, 0.7726683315065640000, -1.720833333333326800 ) ) ;
#2733 = CARTESIAN_POINT ( 'NONE',  ( 0.8922005383792746000, -1.545336663013153100, -6.241666666666648500 ) ) ;
#2734 = DIRECTION ( 'NONE',  ( 0.0000000000000000000, 0.0000000000000000000, 1.000000000000000000 ) ) ;
#2735 = CARTESIAN_POINT ( 'NONE',  ( -1.732050807568862800, -1.000000000000025100, -7.554166666666644900 ) ) ;
#2736 = CARTESIAN_POINT ( 'NONE',  ( -0.8922005383792250800, -1.545336663013181500, -3.645833333333321900 ) ) ;
#2737 = CARTESIAN_POINT ( 'NONE',  ( 1.811584889303426300, 0.1090204883657850800, -0.3642817297879877800 ) ) ;
#2738 = CARTESIAN_POINT ( 'NONE',  ( -1.545336663013166200, -0.4140717108886009500, -5.131239260883021700 ) ) ;
#2739 = CARTESIAN_POINT ( 'NONE',  ( 1.338300807568864300, 0.7726683315066025200, 0.1458333333333351700 ) ) ;
#2740 = ORIENTED_EDGE ( 'NONE', *, *, #1026, .T. ) ;
#2741 = EDGE_CURVE ( 'NONE', #7562, #1316, #38, .T. ) ;
#2742 = CARTESIAN_POINT ( 'NONE',  ( -0.8922005383792103200, -1.545336663013189900, -10.64583333333330700 ) ) ;
#2743 = EDGE_LOOP ( 'NONE', ( #2150, #2995, #3308, #5388 ) ) ;
#2744 = CARTESIAN_POINT ( 'NONE',  ( -1.545336663013169100, -7.640441839253419300E-015, -10.76249999999997100 ) ) ;
#2745 = CARTESIAN_POINT ( 'NONE',  ( 0.8922005383792722700, -1.545336663013154900, -14.64166666666662800 ) ) ;
#2746 = CARTESIAN_POINT ( 'NONE',  ( 1.732050807568895400, -0.9999999999999685800, -3.820833333333320400 ) ) ;
#2747 = DIRECTION ( 'NONE',  ( -0.0000000000000000000, -0.0000000000000000000, -1.000000000000000000 ) ) ;
#2748 = ORIENTED_EDGE ( 'NONE', *, *, #168, .T. ) ;
#2749 = CARTESIAN_POINT ( 'NONE',  ( -2.000000000000000400, -2.149782114466741500E-015, -4.112499999999989200 ) ) ;
#2750 = CARTESIAN_POINT ( 'NONE',  ( 1.338300807568886300, -0.7726683315065647800, -11.87083333333330300 ) ) ;
#2751 = CARTESIAN_POINT ( 'NONE',  ( 2.000000000000000400, -0.5358983848622269600, -0.9937607391169595000 ) ) ;
#2752 = EDGE_CURVE ( 'NONE', #7710, #3261, #463, .T. ) ;
#2753 = CARTESIAN_POINT ( 'NONE',  ( -1.732050807568855000, -1.000000000000038900, -9.566666666666641600 ) ) ;
#2754 = CARTESIAN_POINT ( 'NONE',  ( 4.263008822305966100E-014, -2.000000000000000000, -10.14999999999997500 ) ) ;
#2755 = ORIENTED_EDGE ( 'NONE', *, *, #6857, .T. ) ;
#2756 = CARTESIAN_POINT ( 'NONE',  ( 1.732050807568861000, 1.000000000000028400, -2.304166666666657800 ) ) ;
#2757 = CARTESIAN_POINT ( 'NONE',  ( 1.732050807568891200, -0.9999999999999753500, -14.93333333333329400 ) ) ;
#2758 = CARTESIAN_POINT ( 'NONE',  ( 0.8922005383793151200, -1.545336663013130000, -19.54166666666661800 ) ) ;
#2759 = CARTESIAN_POINT ( 'NONE',  ( -0.8922005383792279700, -1.545336663013180200, 0.6416666666666676100 ) ) ;
#2760 = CARTESIAN_POINT ( 'NONE',  ( -2.000000000000000000, 0.5358983848622153000, -13.15626073911693100 ) ) ;
#2761 = ADVANCED_FACE ( 'NONE', ( #2582 ), #629, .T. ) ;
#2762 = ORIENTED_EDGE ( 'NONE', *, *, #6186, .F. ) ;
#2763 = CARTESIAN_POINT ( 'NONE',  ( -0.8922005383792279700, -1.545336663013180200, -2.245833333333326000 ) ) ;
#2764 = CARTESIAN_POINT ( 'NONE',  ( -0.8922005383792831500, 1.545336663013148400, -11.57916666666663700 ) ) ;
#2765 = FACE_OUTER_BOUND ( 'NONE', #7405, .T. ) ;
#2766 = CARTESIAN_POINT ( 'NONE',  ( -2.000000000000006200, -9.819275063375116700E-015, -16.71249999999995600 ) ) ;
#2767 = CARTESIAN_POINT ( 'NONE',  ( -1.154700538379280800, 1.999999999999983100, -7.029166666666646400 ) ) ;
#2768 = CARTESIAN_POINT ( 'NONE',  ( 3.184824454547024700E-014, -2.000000000000000000, -15.04999999999996300 ) ) ;
#2769 = CARTESIAN_POINT ( 'NONE',  ( 1.999999999999998200, 1.336351044127974500E-015, -16.36249999999995800 ) ) ;
#2770 = EDGE_CURVE ( 'NONE', #6909, #3315, #6077, .T. ) ;
#2771 = EDGE_LOOP ( 'NONE', ( #1593, #3692, #1330, #4408 ) ) ;
#2772 = CARTESIAN_POINT ( 'NONE',  ( -0.8922005383792724900, 1.545336663013154900, -5.979166666666650100 ) ) ;
#2773 = ORIENTED_EDGE ( 'NONE', *, *, #7709, .T. ) ;
#2774 = ORIENTED_EDGE ( 'NONE', *, *, #7832, .T. ) ;
#2775 = DIRECTION ( 'NONE',  ( -0.0000000000000000000, -0.0000000000000000000, -1.000000000000000000 ) ) ;
#2776 = ORIENTED_EDGE ( 'NONE', *, *, #4291, .T. ) ;
#2777 = CARTESIAN_POINT ( 'NONE',  ( 1.784401076758500100, 2.503007529540795900E-014, -14.52499999999996100 ) ) ;
#2778 = CARTESIAN_POINT ( 'NONE',  ( 1.545336663013169500, -0.4140717108885650900, -16.74376073911691900 ) ) ;
#2779 = CARTESIAN_POINT ( 'NONE',  ( 1.500000000000000000, -0.8660254037844389300, -26.00000000000000000 ) ) ;
#2780 = CARTESIAN_POINT ( 'NONE',  ( 1.999999999999998200, 0.0000000000000000000, -13.47499999999996800 ) ) ;
#2781 = VERTEX_POINT ( 'NONE', #7510 ) ;
#2782 = CARTESIAN_POINT ( 'NONE',  ( 2.000000000000000000, -5.868324150301105800E-015, -1.662499999999995200 ) ) ;
#2783 = CARTESIAN_POINT ( 'NONE',  ( -0.8922005383792724900, 1.545336663013154900, -12.97916666666663100 ) ) ;
#2784 = VECTOR ( 'NONE', #3653, 1000.000000000000000 ) ;
#2785 = CARTESIAN_POINT ( 'NONE',  ( -4.949058622083118600E-014, 2.000000000000000000, -9.187499999999975100 ) ) ;
#2786 = ORIENTED_EDGE ( 'NONE', *, *, #3711, .F. ) ;
#2787 = CARTESIAN_POINT ( 'NONE',  ( 1.154700538379212200, 2.000000000000022200, -3.558333333333322900 ) ) ;
#2788 = CARTESIAN_POINT ( 'NONE',  ( 1.545336663013166400, -3.253724281355068900E-015, -20.21249999999995200 ) ) ;
#2789 = DIRECTION ( 'NONE',  ( -1.000000000000000000, 0.0000000000000000000, 0.0000000000000000000 ) ) ;
#2790 = CARTESIAN_POINT ( 'NONE',  ( -2.793185071074506100E-014, 2.000000000000000000, -6.299999999999982900 ) ) ;
#2791 = CIRCLE ( 'NONE', #5891, 1.291336663013167500 ) ;
#2792 = CARTESIAN_POINT ( 'NONE',  ( 1.732050807568891200, -0.9999999999999753500, -22.02083333333327500 ) ) ;
#2793 = CARTESIAN_POINT ( 'NONE',  ( 2.177130564435878500E-014, -1.545336663013167300, -3.587499999999989300 ) ) ;
#2794 = ORIENTED_EDGE ( 'NONE', *, *, #3064, .T. ) ;
#2795 = ORIENTED_EDGE ( 'NONE', *, *, #6674, .F. ) ;
#2796 = CARTESIAN_POINT ( 'NONE',  ( -2.000000000000000400, 4.299564228933483700E-015, -3.412499999999991200 ) ) ;
#2797 = CARTESIAN_POINT ( 'NONE',  ( 2.309401076758502900, 3.239433308545619500E-014, -7.262499999999979700 ) ) ;
#2798 = CARTESIAN_POINT ( 'NONE',  ( 1.545336663013169100, -0.4140717108885676500, -1.956260739116957700 ) ) ;
#2799 = CARTESIAN_POINT ( 'NONE',  ( -1.544874621343060200, 0.03778632534141219300, -0.1778527147052652000 ) ) ;
#2800 = VECTOR ( 'NONE', #7652, 1000.000000000000000 ) ;
#2801 = VERTEX_POINT ( 'NONE', #6278 ) ;
#2802 = CARTESIAN_POINT ( 'NONE',  ( 1.338300807568864300, 0.7726683315066025200, -6.854166666666647400 ) ) ;
#2803 = VERTEX_POINT ( 'NONE', #8127 ) ;
#2804 =( BOUNDED_CURVE ( )  B_SPLINE_CURVE ( 2, ( #5209, #1303, #7632, #172, #2068, #7664, #4574, #715, #140 ),
 .UNSPECIFIED., .F., .T. ) 
 B_SPLINE_CURVE_WITH_KNOTS ( ( 3, 2, 2, 2, 3 ),
 ( 0.8602941176470589900, 0.8627450980392157300, 0.8676470588235294400, 0.8725490196078431500, 0.8750000000000002200 ),
 .UNSPECIFIED. ) 
 CURVE ( )  GEOMETRIC_REPRESENTATION_ITEM ( )  RATIONAL_B_SPLINE_CURVE ( ( 0.9330127018922193000, 0.9330127018922238500, 1.000000000000000000, 0.8660254037844387100, 1.000000000000000000, 0.8660254037844387100, 1.000000000000000000, 0.9330127018922133000, 0.9330127018922194100 ) ) 
 REPRESENTATION_ITEM ( '' )  );
#2805 = CARTESIAN_POINT ( 'NONE',  ( 2.000000000000002200, -1.196905717784185900E-014, -7.174999999999983800 ) ) ;
#2806 = CYLINDRICAL_SURFACE ( 'NONE', #4920, 1.545336663013167300 ) ;
#2807 = ADVANCED_FACE ( 'NONE', ( #3000 ), #7124, .T. ) ;
#2808 = CARTESIAN_POINT ( 'NONE',  ( 2.000000000000000000, 2.963213184805508800E-015, -4.462499999999987000 ) ) ;
#2809 = CARTESIAN_POINT ( 'NONE',  ( -1.732050807568916700, 0.9999999999999315000, -14.58333333333329700 ) ) ;
#2810 = CARTESIAN_POINT ( 'NONE',  ( -0.8922005383792279700, -1.545336663013180200, -16.15833333333329200 ) ) ;
#2811 = EDGE_CURVE ( 'NONE', #6321, #7370, #5695, .T. ) ;
#2812 = CARTESIAN_POINT ( 'NONE',  ( -1.338300807568858700, -0.7726683315066120700, -6.504166666666648700 ) ) ;
#2813 = CARTESIAN_POINT ( 'NONE',  ( 1.154700538379333200, -1.999999999999952900, -17.09166666666662200 ) ) ;
#2814 = ORIENTED_EDGE ( 'NONE', *, *, #7913, .F. ) ;
#2815 = CARTESIAN_POINT ( 'NONE',  ( -1.338300807568864000, -0.7726683315066029700, -14.20416666666662800 ) ) ;
#2816 = VECTOR ( 'NONE', #19, 1000.000000000000000 ) ;
#2817 = CARTESIAN_POINT ( 'NONE',  ( 0.0000000000000000000, 0.0000000000000000000, -22.00000000000000000 ) ) ;
#2818 = CARTESIAN_POINT ( 'NONE',  ( -3.087100302869871700E-014, 2.000000000000000000, -3.499999999999989300 ) ) ;
#2819 = CARTESIAN_POINT ( 'NONE',  ( 2.000000000000002200, -0.5358983848622226300, -13.59376073911692900 ) ) ;
#2820 =( BOUNDED_CURVE ( )  B_SPLINE_CURVE ( 2, ( #45, #4505, #3844, #73, #6387, #7651, #2592, #732, #3906 ),
 .UNSPECIFIED., .F., .F. ) 
 B_SPLINE_CURVE_WITH_KNOTS ( ( 3, 2, 2, 2, 3 ),
 ( 0.6102941176470589900, 0.6127450980392157300, 0.6176470588235294400, 0.6225490196078431500, 0.6250000000000001100 ),
 .UNSPECIFIED. ) 
 CURVE ( )  GEOMETRIC_REPRESENTATION_ITEM ( )  RATIONAL_B_SPLINE_CURVE ( ( 0.9330127018922193000, 0.9330127018922238500, 1.000000000000000000, 0.8660254037844387100, 1.000000000000000000, 0.8660254037844387100, 1.000000000000000000, 0.9330127018922163000, 0.9330127018922194100 ) ) 
 REPRESENTATION_ITEM ( '' )  );
#2821 = CARTESIAN_POINT ( 'NONE',  ( -1.338300807568853200, -0.7726683315066220600, -7.116666666666646700 ) ) ;
#2822 = DIRECTION ( 'NONE',  ( -0.0000000000000000000, -0.0000000000000000000, -1.000000000000000000 ) ) ;
#2823 = CARTESIAN_POINT ( 'NONE',  ( 2.309401076758502900, 3.239433308545618900E-014, -7.174999999999981200 ) ) ;
#2824 = CARTESIAN_POINT ( 'NONE',  ( 2.177130564435878800E-014, -1.545336663013167300, -1.399999999999993900 ) ) ;
#2825 = VERTEX_POINT ( 'NONE', #578 ) ;
#2826 = CARTESIAN_POINT ( 'NONE',  ( 1.545336663013166200, 1.045839947578414800E-015, -16.62499999999996400 ) ) ;
#2827 = EDGE_CURVE ( 'NONE', #2549, #5819, #1715, .T. ) ;
#2828 = CARTESIAN_POINT ( 'NONE',  ( 1.784401076758500100, 2.503007529540795600E-014, -0.6124999999999962700 ) ) ;
#2829 =( BOUNDED_CURVE ( )  B_SPLINE_CURVE ( 2, ( #486, #4895, #1099, #3642, #4671, #6830, #6906, #5542, #1868 ),
 .UNSPECIFIED., .F., .F. ) 
 B_SPLINE_CURVE_WITH_KNOTS ( ( 3, 2, 2, 2, 3 ),
 ( 0.9338235294117649400, 0.9362745098039215700, 0.9411764705882352800, 0.9460784313725489900, 0.9485294117647059500 ),
 .UNSPECIFIED. ) 
 CURVE ( )  GEOMETRIC_REPRESENTATION_ITEM ( )  RATIONAL_B_SPLINE_CURVE ( ( 0.9330127018922194100, 0.9330127018922254000, 1.000000000000000000, 0.8660254037844387100, 1.000000000000000000, 0.8660254037844387100, 1.000000000000000000, 0.9330127018922163000, 0.9330127018922194100 ) ) 
 REPRESENTATION_ITEM ( '' )  );
#2830 = FACE_OUTER_BOUND ( 'NONE', #3786, .T. ) ;
#2831 = CARTESIAN_POINT ( 'NONE',  ( -1.999999999999998200, -5.868324150301105800E-015, -11.11249999999997100 ) ) ;
#2832 = CARTESIAN_POINT ( 'NONE',  ( 1.825439752664741000, -0.1666601235867710400, -0.3739830095561657600 ) ) ;
#2833 = CARTESIAN_POINT ( 'NONE',  ( 2.817678007057453700E-014, -2.000000000000000000, -8.137499999999978000 ) ) ;
#2834 = CARTESIAN_POINT ( 'NONE',  ( 0.0000000000000000000, 0.0000000000000000000, -22.00000000000000000 ) ) ;
#2835 = ORIENTED_EDGE ( 'NONE', *, *, #5844, .F. ) ;
#2836 = CYLINDRICAL_SURFACE ( 'NONE', #3251, 1.545336663013167300 ) ;
#2837 = CARTESIAN_POINT ( 'NONE',  ( -0.6156365712096951700, 1.531867422610651900, -0.2492823252745196000 ) ) ;
#2838 = CARTESIAN_POINT ( 'NONE',  ( -0.8922005383792279700, -1.545336663013180200, -7.145833333333312600 ) ) ;
#2839 = AXIS2_PLACEMENT_3D ( 'NONE', #797, #7657, #6958 ) ;
#2840 = CARTESIAN_POINT ( 'NONE',  ( 1.732050807568901000, -0.9999999999999588100, -20.53333333333328200 ) ) ;
#2841 = CARTESIAN_POINT ( 'NONE',  ( 1.795544095158371100E-016, 1.732050807568877400, -23.75000000000000000 ) ) ;
#2842 = CARTESIAN_POINT ( 'NONE',  ( 1.784401076758500100, 2.503007529540795900E-014, -15.92499999999996000 ) ) ;
#2843 = CARTESIAN_POINT ( 'NONE',  ( 1.732050807568899800, -0.9999999999999603700, -17.12083333333328700 ) ) ;
#2844 = CARTESIAN_POINT ( 'NONE',  ( 0.8922005383792005500, 1.545336663013195900, -18.69583333333328700 ) ) ;
#2845 = CARTESIAN_POINT ( 'NONE',  ( -0.8922005383792279700, -1.545336663013180200, -14.84583333333329600 ) ) ;
#2846 = CARTESIAN_POINT ( 'NONE',  ( -2.000000000000000000, 4.764381983412779500E-015, -3.324999999999993100 ) ) ;
#2847 = CARTESIAN_POINT ( 'NONE',  ( 1.950865625593440200, -0.2958725227001200400, -22.00000000000000700 ) ) ;
#2848 = CARTESIAN_POINT ( 'NONE',  ( -1.732050807568891800, 0.9999999999999742400, -8.283333333333311900 ) ) ;
#2849 = CARTESIAN_POINT ( 'NONE',  ( 1.732050807568863200, 1.000000000000024400, 0.5833333333333337000 ) ) ;
#2850 = CARTESIAN_POINT ( 'NONE',  ( -2.158205648456237700E-014, 1.545336663013167300, -1.049999999999994700 ) ) ;
#2851 = ADVANCED_FACE ( 'NONE', ( #5657 ), #2123, .T. ) ;
#2852 = CARTESIAN_POINT ( 'NONE',  ( -1.338300807568864000, -0.7726683315066029700, -4.404166666666653500 ) ) ;
#2853 = VERTEX_POINT ( 'NONE', #3908 ) ;
#2854 = CARTESIAN_POINT ( 'NONE',  ( -2.000000000000000000, -2.672702088255949100E-015, -4.812499999999986700 ) ) ;
#2855 = CARTESIAN_POINT ( 'NONE',  ( 4.458952310169542300E-014, -2.000000000000000000, -12.33749999999996700 ) ) ;
#2856 = CARTESIAN_POINT ( 'NONE',  ( -1.338300807568907300, 0.7726683315065282500, -19.92083333333328500 ) ) ;
#2857 = CARTESIAN_POINT ( 'NONE',  ( 0.0000000000000000000, 0.0000000000000000000, -22.00000000000000000 ) ) ;
#2858 = CARTESIAN_POINT ( 'NONE',  ( 0.8922005383792722700, -1.545336663013154900, -5.629166666666651300 ) ) ;
#2859 = EDGE_CURVE ( 'NONE', #4127, #7327, #5472, .T. ) ;
#2860 = CARTESIAN_POINT ( 'NONE',  ( 2.000000000000000000, 0.0000000000000000000, -22.00000000000000000 ) ) ;
#2861 = DIRECTION ( 'NONE',  ( -1.000000000000000000, 0.0000000000000000000, 0.0000000000000000000 ) ) ;
#2862 = CARTESIAN_POINT ( 'NONE',  ( -0.8922005383792279700, -1.545336663013180200, -18.25833333333328300 ) ) ;
#2863 = CARTESIAN_POINT ( 'NONE',  ( 2.000000000000000400, -3.544235377904629100E-015, -3.762499999999990400 ) ) ;
#2864 = CARTESIAN_POINT ( 'NONE',  ( -3.218000943316148400E-014, 1.545336663013167300, -18.63749999999995300 ) ) ;
#2865 = LINE ( 'NONE', #3852, #4337 ) ;
#2866 = CARTESIAN_POINT ( 'NONE',  ( 1.784401076758500100, 2.503007529540795600E-014, -15.31249999999995900 ) ) ;
#2867 = CARTESIAN_POINT ( 'NONE',  ( 1.732050807568858500, 1.000000000000032900, -9.304166666666640500 ) ) ;
#2868 = EDGE_CURVE ( 'NONE', #1728, #7808, #3167, .T. ) ;
#2869 = CARTESIAN_POINT ( 'NONE',  ( 1.999999999999998700, -0.5358983848622295200, -2.306260739116957800 ) ) ;
#2870 = ORIENTED_EDGE ( 'NONE', *, *, #1201, .T. ) ;
#2871 = CARTESIAN_POINT ( 'NONE',  ( 0.6681585190089348600, 1.581699637330435900, -22.00000000000001400 ) ) ;
#2872 = CARTESIAN_POINT ( 'NONE',  ( -1.732050807568862800, -1.000000000000025100, -6.766666666666648000 ) ) ;
#2873 = AXIS2_PLACEMENT_3D ( 'NONE', #3174, #6359, #6439 ) ;
#2874 = CARTESIAN_POINT ( 'NONE',  ( 0.8922005383792283000, 1.545336663013179700, -1.808333333333326700 ) ) ;
#2875 = LINE ( 'NONE', #257, #902 ) ;
#2876 = CARTESIAN_POINT ( 'NONE',  ( 1.154700538379189100, 2.000000000000035500, -15.54583333333329000 ) ) ;
#2877 = ORIENTED_EDGE ( 'NONE', *, *, #5715, .T. ) ;
#2878 = CARTESIAN_POINT ( 'NONE',  ( -0.8922005383792724900, 1.545336663013154900, -4.579166666666653300 ) ) ;
#2879 = CARTESIAN_POINT ( 'NONE',  ( -1.545336663013167300, 0.4140717108885703700, -0.9937607391169606100 ) ) ;
#2880 = CARTESIAN_POINT ( 'NONE',  ( -4.655143390287754900E-014, 2.000000000000000000, -4.987499999999984700 ) ) ;
#2881 = CARTESIAN_POINT ( 'NONE',  ( 3.369591577847562200E-014, -1.545336663013167300, -11.28749999999996900 ) ) ;
#2882 = DIRECTION ( 'NONE',  ( -0.0000000000000000000, -0.0000000000000000000, -1.000000000000000000 ) ) ;
#2883 = CARTESIAN_POINT ( 'NONE',  ( 0.8922005383792722700, -1.545336663013154900, -7.729166666666646500 ) ) ;
#2884 = ORIENTED_EDGE ( 'NONE', *, *, #3611, .F. ) ;
#2885 = DIRECTION ( 'NONE',  ( -1.000000000000000000, 0.0000000000000000000, 0.0000000000000000000 ) ) ;
#2886 = FACE_OUTER_BOUND ( 'NONE', #7207, .T. ) ;
#2887 = CARTESIAN_POINT ( 'NONE',  ( 1.999999999999998200, 1.818599464400243800E-014, -17.06249999999995700 ) ) ;
#2888 = CARTESIAN_POINT ( 'NONE',  ( -1.338300807568886700, 0.7726683315065640000, -21.23333333333328100 ) ) ;
#2889 = VERTEX_POINT ( 'NONE', #1386 ) ;
#2890 = CARTESIAN_POINT ( 'NONE',  ( 0.8922005383792746000, -1.545336663013153100, -6.329166666666648800 ) ) ;
#2891 = AXIS2_PLACEMENT_3D ( 'NONE', #4873, #444, #4848 ) ;
#2892 = FACE_OUTER_BOUND ( 'NONE', #7772, .T. ) ;
#2893 = VERTEX_POINT ( 'NONE', #2537 ) ;
#2894 = CARTESIAN_POINT ( 'NONE',  ( -4.851086878151330500E-014, 2.000000000000000000, -7.787499999999978300 ) ) ;
#2895 = ORIENTED_EDGE ( 'NONE', *, *, #6824, .T. ) ;
#2896 = AXIS2_PLACEMENT_3D ( 'NONE', #7355, #6058, #5393 ) ;
#2897 = CARTESIAN_POINT ( 'NONE',  ( -1.545336663013166200, -9.441610637860690400E-015, -19.16249999999995500 ) ) ;
#2898 = CARTESIAN_POINT ( 'NONE',  ( 1.545336663013158900, 0.4140717108886211600, -21.58123926088298500 ) ) ;
#2899 = CARTESIAN_POINT ( 'NONE',  ( 1.732050807568891200, -0.9999999999999753500, -6.533333333333315500 ) ) ;
#2900 = VERTEX_POINT ( 'NONE', #5560 ) ;
#2901 = CARTESIAN_POINT ( 'NONE',  ( 1.784401076758500100, 2.503007529540795900E-014, -0.5249999999999962500 ) ) ;
#2902 = CARTESIAN_POINT ( 'NONE',  ( -1.545336663013166400, 5.694017492371369400E-015, -9.974999999999974800 ) ) ;
#2903 = CYLINDRICAL_SURFACE ( 'NONE', #4776, 2.000000000000000000 ) ;
#2904 = VERTEX_POINT ( 'NONE', #6978 ) ;
#2905 = CARTESIAN_POINT ( 'NONE',  ( 2.000000000000000000, 0.0000000000000000000, -22.00000000000000000 ) ) ;
#2906 = CARTESIAN_POINT ( 'NONE',  ( 1.338300807568854300, 0.7726683315066200700, -13.06666666666663300 ) ) ;
#2907 = EDGE_CURVE ( 'NONE', #4200, #89, #2501, .T. ) ;
#2908 = CARTESIAN_POINT ( 'NONE',  ( 1.154700538379305900, -1.999999999999968900, -18.49166666666662100 ) ) ;
#2909 = ORIENTED_EDGE ( 'NONE', *, *, #437, .T. ) ;
#2910 = VERTEX_POINT ( 'NONE', #47 ) ;
#2911 = CARTESIAN_POINT ( 'NONE',  ( 1.338300807568886300, -0.7726683315065647800, -9.070833333333309800 ) ) ;
#2912 = CARTESIAN_POINT ( 'NONE',  ( 1.545336663013166200, 1.051650169509406100E-014, -12.51249999999996900 ) ) ;
#2913 = ORIENTED_EDGE ( 'NONE', *, *, #4492, .T. ) ;
#2914 = CARTESIAN_POINT ( 'NONE',  ( 1.999999999999998200, -4.125257571003748100E-015, -20.47499999999995200 ) ) ;
#2915 = CARTESIAN_POINT ( 'NONE',  ( -0.8922005383792279700, -1.545336663013180200, -18.95833333333328600 ) ) ;
#2916 = EDGE_CURVE ( 'NONE', #2568, #6743, #198, .T. ) ;
#2917 = EDGE_LOOP ( 'NONE', ( #1129, #627, #7098, #339, #930, #4369 ) ) ;
#2918 = CIRCLE ( 'NONE', #3768, 1.732050807568877400 ) ;
#2919 = DIRECTION ( 'NONE',  ( 0.0000000000000000000, 0.0000000000000000000, 1.000000000000000000 ) ) ;
#2920 = CARTESIAN_POINT ( 'NONE',  ( -1.732050807568908500, 0.9999999999999460400, -11.08333333333330400 ) ) ;
#2921 = CARTESIAN_POINT ( 'NONE',  ( 1.545336663013167500, 2.295037662741521500E-015, -4.812499999999987600 ) ) ;
#2922 = CARTESIAN_POINT ( 'NONE',  ( 0.0000000000000000000, 0.0000000000000000000, 0.0000000000000000000 ) ) ;
#2923 = CARTESIAN_POINT ( 'NONE',  ( -1.732050807568862800, -1.000000000000025100, -11.66666666666663800 ) ) ;
#2924 = CARTESIAN_POINT ( 'NONE',  ( -2.158205648456237700E-014, 1.545336663013167300, 0.3500000000000017000 ) ) ;
#2925 = ORIENTED_EDGE ( 'NONE', *, *, #1790, .T. ) ;
#2926 = CARTESIAN_POINT ( 'NONE',  ( -3.968845998255966000E-014, 2.000000000000000000, -15.48749999999995800 ) ) ;
#2927 = EDGE_CURVE ( 'NONE', #556, #6525, #1057, .T. ) ;
#2928 = LINE ( 'NONE', #5848, #1238 ) ;
#2929 = CARTESIAN_POINT ( 'NONE',  ( 2.448848549088927900E-016, -1.732050807568877200, -23.75000000000000000 ) ) ;
#2930 = CARTESIAN_POINT ( 'NONE',  ( -2.000000000000000000, 2.449293598294706400E-016, -22.00000000000000000 ) ) ;
#2931 = CARTESIAN_POINT ( 'NONE',  ( -2.000000000000001800, -9.877377282685030200E-015, -11.02499999999997200 ) ) ;
#2932 = CARTESIAN_POINT ( 'NONE',  ( -1.545336663013166400, 1.237577271301124500E-014, -13.47499999999996900 ) ) ;
#2933 = AXIS2_PLACEMENT_3D ( 'NONE', #2132, #2747, #2162 ) ;
#2934 = DIRECTION ( 'NONE',  ( -0.0000000000000000000, -0.0000000000000000000, -1.000000000000000000 ) ) ;
#2935 = CARTESIAN_POINT ( 'NONE',  ( 1.999999999999998700, -0.5358983848622038700, -17.70626073911691700 ) ) ;
#2936 = CARTESIAN_POINT ( 'NONE',  ( -1.338300807568864000, -0.7726683315066029700, -20.41666666666661500 ) ) ;
#2937 = CARTESIAN_POINT ( 'NONE',  ( -1.732050807568908500, 0.9999999999999460400, -10.47083333333330500 ) ) ;
#2938 = ORIENTED_EDGE ( 'NONE', *, *, #7236, .T. ) ;
#2939 = DIRECTION ( 'NONE',  ( 0.0000000000000000000, 0.0000000000000000000, 1.000000000000000000 ) ) ;
#2940 = ORIENTED_EDGE ( 'NONE', *, *, #2026, .F. ) ;
#2941 = CARTESIAN_POINT ( 'NONE',  ( -2.891156815006294800E-014, 2.000000000000000000, -0.6999999999999965100 ) ) ;
#2942 = CARTESIAN_POINT ( 'NONE',  ( -1.999999999999998700, -0.5358983848622673700, -6.093739260883021200 ) ) ;
#2943 = CARTESIAN_POINT ( 'NONE',  ( 1.732050807568920500, -0.9999999999999247300, -15.63333333333329400 ) ) ;
#2944 = CARTESIAN_POINT ( 'NONE',  ( -1.732050807568891800, 0.9999999999999742400, -9.683333333333306900 ) ) ;
#2945 = CARTESIAN_POINT ( 'NONE',  ( -1.338300807568864000, -0.7726683315066029700, -6.416666666666648300 ) ) ;
#2946 = EDGE_CURVE ( 'NONE', #3778, #2801, #6929, .T. ) ;
#2947 = ORIENTED_EDGE ( 'NONE', *, *, #6153, .F. ) ;
#2948 = CARTESIAN_POINT ( 'NONE',  ( -1.545336663013166200, 1.830219908262226200E-014, -19.77499999999995600 ) ) ;
#2949 = ORIENTED_EDGE ( 'NONE', *, *, #2647, .T. ) ;
#2950 =( BOUNDED_CURVE ( )  B_SPLINE_CURVE ( 2, ( #1308, #3771, #6908, #3105, #5645, #6984, #606, #1249, #3151 ),
 .UNSPECIFIED., .F., .F. ) 
 B_SPLINE_CURVE_WITH_KNOTS ( ( 3, 2, 2, 2, 3 ),
 ( 0.4191176470588236500, 0.4215686274509803900, 0.4264705882352941000, 0.4313725490196078600, 0.4338235294117648300 ),
 .UNSPECIFIED. ) 
 CURVE ( )  GEOMETRIC_REPRESENTATION_ITEM ( )  RATIONAL_B_SPLINE_CURVE ( ( 0.9330127018922194100, 0.9330127018922224100, 1.000000000000000000, 0.8660254037844387100, 1.000000000000000000, 0.8660254037844387100, 1.000000000000000000, 0.9330127018922163000, 0.9330127018922194100 ) ) 
 REPRESENTATION_ITEM ( '' )  );
#2951 = CARTESIAN_POINT ( 'NONE',  ( -1.545336663013166200, -8.599128457866965900E-015, -20.56249999999995400 ) ) ;
#2952 = CARTESIAN_POINT ( 'NONE',  ( 1.732050807568895400, -0.9999999999999685800, -4.433333333333320200 ) ) ;
#2953 = CARTESIAN_POINT ( 'NONE',  ( -1.545336663013172000, 1.644292806470507900E-014, -21.87499999999995400 ) ) ;
#2954 = CARTESIAN_POINT ( 'NONE',  ( 1.732050807568895800, -0.9999999999999676900, -5.220833333333317200 ) ) ;
#2955 = CARTESIAN_POINT ( 'NONE',  ( 1.154700538379223000, 2.000000000000016000, -8.545833333333309400 ) ) ;
#2956 = VERTEX_POINT ( 'NONE', #1328 ) ;
#2957 = EDGE_CURVE ( 'NONE', #4659, #409, #2272, .T. ) ;
#2958 = CARTESIAN_POINT ( 'NONE',  ( 0.8922005383791884500, 1.545336663013202800, -20.79583333333327700 ) ) ;
#2959 = CYLINDRICAL_SURFACE ( 'NONE', #7492, 2.000000000000000000 ) ;
#2960 = CARTESIAN_POINT ( 'NONE',  ( 2.000000000000002200, -1.196905717784185900E-014, -7.174999999999983800 ) ) ;
#2961 =( BOUNDED_CURVE ( )  B_SPLINE_CURVE ( 2, ( #1620, #6716, #401, #5435, #5453, #4751, #5989, #372, #7910 ),
 .UNSPECIFIED., .F., .F. ) 
 B_SPLINE_CURVE_WITH_KNOTS ( ( 3, 2, 2, 2, 3 ),
 ( 0.2720588235294118500, 0.2745098039215686500, 0.2794117647058823600, 0.2843137254901960700, 0.2867647058823530300 ),
 .UNSPECIFIED. ) 
 CURVE ( )  GEOMETRIC_REPRESENTATION_ITEM ( )  RATIONAL_B_SPLINE_CURVE ( ( 0.9330127018922194100, 0.9330127018922216300, 1.000000000000000000, 0.8660254037844387100, 1.000000000000000000, 0.8660254037844387100, 1.000000000000000000, 0.9330127018922170800, 0.9330127018922194100 ) ) 
 REPRESENTATION_ITEM ( '' )  );
#2962 = CARTESIAN_POINT ( 'NONE',  ( 1.154700538379157500, 2.000000000000053700, -20.35833333333328500 ) ) ;
#2963 = CARTESIAN_POINT ( 'NONE',  ( -0.8922005383792724900, 1.545336663013154900, -19.89166666666661600 ) ) ;
#2964 = ORIENTED_EDGE ( 'NONE', *, *, #7925, .F. ) ;
#2965 = ORIENTED_EDGE ( 'NONE', *, *, #1766, .T. ) ;
#2966 = CARTESIAN_POINT ( 'NONE',  ( 1.154700538379299900, -1.999999999999971800, -9.479166666666643000 ) ) ;
#2967 = CARTESIAN_POINT ( 'NONE',  ( -0.3679302118178258100, 1.556270900599425500, -22.00000000000001100 ) ) ;
#2968 = ORIENTED_EDGE ( 'NONE', *, *, #7533, .T. ) ;
#2969 = CARTESIAN_POINT ( 'NONE',  ( -1.154700538379282800, 1.999999999999981800, -0.6416666666666632800 ) ) ;
#2970 = ORIENTED_EDGE ( 'NONE', *, *, #4211, .T. ) ;
#2971 = EDGE_CURVE ( 'NONE', #2910, #8150, #800, .T. ) ;
#2972 = CARTESIAN_POINT ( 'NONE',  ( -0.8922005383792051000, -1.545336663013193300, -20.44583333333328000 ) ) ;
#2973 =( BOUNDED_CURVE ( )  B_SPLINE_CURVE ( 2, ( #7290, #2989, #2348, #2908, #6741, #8018, #7271, #1664, #7366 ),
 .UNSPECIFIED., .F., .F. ) 
 B_SPLINE_CURVE_WITH_KNOTS ( ( 3, 2, 2, 2, 3 ),
 ( 0.8014705882352942700, 0.8039215686274510100, 0.8088235294117647200, 0.8137254901960784300, 0.8161764705882355000 ),
 .UNSPECIFIED. ) 
 CURVE ( )  GEOMETRIC_REPRESENTATION_ITEM ( )  RATIONAL_B_SPLINE_CURVE ( ( 0.9330127018922194100, 0.9330127018922224100, 1.000000000000000000, 0.8660254037844387100, 1.000000000000000000, 0.8660254037844387100, 1.000000000000000000, 0.9330127018922133000, 0.9330127018922194100 ) ) 
 REPRESENTATION_ITEM ( '' )  );
#2974 = ADVANCED_FACE ( 'NONE', ( #4690 ), #1907, .T. ) ;
#2975 = CARTESIAN_POINT ( 'NONE',  ( 1.338300807568862300, 0.7726683315066063000, -4.054166666666654700 ) ) ;
#2976 = CARTESIAN_POINT ( 'NONE',  ( -1.732050807568926500, 0.9999999999999146200, -21.67083333333327400 ) ) ;
#2977 = CARTESIAN_POINT ( 'NONE',  ( -1.154700538379222800, -2.000000000000016400, -10.90833333333330700 ) ) ;
#2978 = AXIS2_PLACEMENT_3D ( 'NONE', #3619, #6804, #7464 ) ;
#2979 = CARTESIAN_POINT ( 'NONE',  ( 1.154700538379281400, -1.999999999999982500, -3.791666666666655900 ) ) ;
#2980 = CARTESIAN_POINT ( 'NONE',  ( 0.8922005383792722700, -1.545336663013154900, -6.241666666666648500 ) ) ;
#2981 = ORIENTED_EDGE ( 'NONE', *, *, #8029, .F. ) ;
#2982 = CARTESIAN_POINT ( 'NONE',  ( 1.999999999999998200, 9.703070624755296100E-015, -19.77499999999995600 ) ) ;
#2983 = LINE ( 'NONE', #3759, #2784 ) ;
#2984 = CARTESIAN_POINT ( 'NONE',  ( 2.309401076758502900, 3.239433308545618900E-014, 0.5250000000000004700 ) ) ;
#2985 = ORIENTED_EDGE ( 'NONE', *, *, #6979, .T. ) ;
#2986 = CARTESIAN_POINT ( 'NONE',  ( 1.154700538379280100, -1.999999999999983300, -16.39166666666662300 ) ) ;
#2987 = UNCERTAINTY_MEASURE_WITH_UNIT (LENGTH_MEASURE( 1.000000000000000100E-005 ), #6433, 'distance_accuracy_value', 'NONE');
#2988 = CARTESIAN_POINT ( 'NONE',  ( -1.545336663013167300, 0.0000000000000000000, 0.0000000000000000000 ) ) ;
#2989 = CARTESIAN_POINT ( 'NONE',  ( 2.000000000000010700, -0.5358983848621912100, -18.40626073911691700 ) ) ;
#2990 = VECTOR ( 'NONE', #3329, 1000.000000000000000 ) ;
#2991 = EDGE_CURVE ( 'NONE', #1684, #955, #7481, .T. ) ;
#2992 = ORIENTED_EDGE ( 'NONE', *, *, #5422, .F. ) ;
#2993 = CARTESIAN_POINT ( 'NONE',  ( -1.999999999999998700, -0.5358983848622673700, -5.481239260883019600 ) ) ;
#2994 = CARTESIAN_POINT ( 'NONE',  ( -2.309401076758502900, -3.267715314911616300E-014, -11.81249999999996800 ) ) ;
#2995 = ORIENTED_EDGE ( 'NONE', *, *, #2203, .T. ) ;
#2996 = ORIENTED_EDGE ( 'NONE', *, *, #7329, .F. ) ;
#2997 = CARTESIAN_POINT ( 'NONE',  ( -1.545336663013166200, -9.441610637860690400E-015, -19.16249999999995500 ) ) ;
#2998 = VERTEX_POINT ( 'NONE', #7798 ) ;
#2999 = LINE ( 'NONE', #5364, #453 ) ;
#3000 = FACE_OUTER_BOUND ( 'NONE', #4265, .T. ) ;
#3001 = ORIENTED_EDGE ( 'NONE', *, *, #8010, .T. ) ;
#3002 = CARTESIAN_POINT ( 'NONE',  ( 0.8922005383792283000, 1.545336663013179700, -22.10833333333327700 ) ) ;
#3003 = DIRECTION ( 'NONE',  ( 1.000000000000000000, 0.0000000000000000000, 0.0000000000000000000 ) ) ;
#3004 = ORIENTED_EDGE ( 'NONE', *, *, #2131, .T. ) ;
#3005 = CARTESIAN_POINT ( 'NONE',  ( 0.0000000000000000000, 0.0000000000000000000, -22.00000000000000000 ) ) ;
#3006 = CARTESIAN_POINT ( 'NONE',  ( 3.822135974612918900E-014, -2.000000000000000000, -3.849999999999989000 ) ) ;
#3007 = CARTESIAN_POINT ( 'NONE',  ( -1.338300807568864000, -0.7726683315066029700, -5.016666666666651500 ) ) ;
#3008 = VERTEX_POINT ( 'NONE', #215 ) ;
#3009 = CARTESIAN_POINT ( 'NONE',  ( -2.461004304130497500E-014, 1.545336663013167300, -4.549999999999986500 ) ) ;
#3010 = CARTESIAN_POINT ( 'NONE',  ( -1.338300807568886700, 0.7726683315065640000, -21.32083333333328300 ) ) ;
#3011 = APPROVAL_PERSON_ORGANIZATION ( #6367, #4144, #2614 ) ;
#3012 = LINE ( 'NONE', #2006, #2597 ) ;
#3013 = CARTESIAN_POINT ( 'NONE',  ( 1.154700538379280100, -1.999999999999983300, -18.49166666666662100 ) ) ;
#3014 = EDGE_CURVE ( 'NONE', #830, #7758, #7745, .T. ) ;
#3015 = ORIENTED_EDGE ( 'NONE', *, *, #6107, .F. ) ;
#3016 = CARTESIAN_POINT ( 'NONE',  ( -1.154700538379280800, 1.999999999999983100, -9.129166666666639800 ) ) ;
#3017 = FACE_OUTER_BOUND ( 'NONE', #116, .T. ) ;
#3018 = CARTESIAN_POINT ( 'NONE',  ( -1.545336663013171100, 0.4140717108885591000, -17.70626073911691700 ) ) ;
#3019 = ORIENTED_EDGE ( 'NONE', *, *, #3559, .T. ) ;
#3020 = CARTESIAN_POINT ( 'NONE',  ( -1.545336663013166900, -6.391244124090313400E-016, -0.2624999999999988500 ) ) ;
#3021 = EDGE_CURVE ( 'NONE', #2801, #583, #4469, .T. ) ;
#3022 = CARTESIAN_POINT ( 'NONE',  ( 1.732050807568904500, -0.9999999999999527000, -9.420833333333307600 ) ) ;
#3023 = LINE ( 'NONE', #7071, #5907 ) ;
#3025 = CARTESIAN_POINT ( 'NONE',  ( 3.920107718544707000E-014, -2.000000000000000000, -5.249999999999985800 ) ) ;
#3024 = VECTOR ( 'NONE', #4841, 1000.000000000000000 ) ;
#3026 = DIRECTION ( 'NONE',  ( -0.0000000000000000000, -0.0000000000000000000, -1.000000000000000000 ) ) ;
#3027 = CARTESIAN_POINT ( 'NONE',  ( -8.672975260509614300E-014, 2.000000000000000000, -21.78749999999994100 ) ) ;
#3028 = CARTESIAN_POINT ( 'NONE',  ( -0.8922005383792724900, 1.545336663013154900, -3.791666666666655000 ) ) ;
#3029 = CARTESIAN_POINT ( 'NONE',  ( -1.545336663013166400, 5.694017492371369400E-015, -9.974999999999974800 ) ) ;
#3030 = EDGE_CURVE ( 'NONE', #2893, #3657, #641, .T. ) ;
#3031 = CARTESIAN_POINT ( 'NONE',  ( 1.732050807568860500, 1.000000000000029500, -3.704166666666654600 ) ) ;
#3032 = CARTESIAN_POINT ( 'NONE',  ( 1.338300807568886300, -0.7726683315065647800, -19.57083333333328000 ) ) ;
#3033 = CARTESIAN_POINT ( 'NONE',  ( 1.732050807568863200, 1.000000000000024400, -16.91666666666662500 ) ) ;
#3034 = PLANE ( 'NONE',  #2088 ) ;
#3035 = CARTESIAN_POINT ( 'NONE',  ( -2.000000000000001800, -9.877377282685030200E-015, -10.41249999999997300 ) ) ;
#3036 = ORIENTED_EDGE ( 'NONE', *, *, #7879, .F. ) ;
#3037 = CARTESIAN_POINT ( 'NONE',  ( 1.732050807568896100, -0.9999999999999672500, -6.533333333333315500 ) ) ;
#3038 = CARTESIAN_POINT ( 'NONE',  ( 1.732050807568863200, 1.000000000000024400, -14.90416666666662600 ) ) ;
#3039 = ORIENTED_EDGE ( 'NONE', *, *, #1358, .F. ) ;
#3040 = AXIS2_PLACEMENT_3D ( 'NONE', #5754, #6358, #6328 ) ;
#3041 = CARTESIAN_POINT ( 'NONE',  ( -2.793185071074506700E-014, 2.000000000000000000, 1.312499999999999800 ) ) ;
#3042 = CARTESIAN_POINT ( 'NONE',  ( 1.545336663013166000, 7.872850716493068400E-015, -10.41249999999997300 ) ) ;
#3043 = CARTESIAN_POINT ( 'NONE',  ( -1.154700538379294100, 1.999999999999975400, -11.22916666666663900 ) ) ;
#3044 =( BOUNDED_CURVE ( )  B_SPLINE_CURVE ( 2, ( #4374, #6306, #561, #1198, #3050, #2491, #7445, #3128, #3742 ),
 .UNSPECIFIED., .F., .F. ) 
 B_SPLINE_CURVE_WITH_KNOTS ( ( 3, 2, 2, 2, 3 ),
 ( 0.08088235294117654400, 0.08333333333333332900, 0.08823529411764706500, 0.09313725490196078600, 0.09558823529411772400 ),
 .UNSPECIFIED. ) 
 CURVE ( )  GEOMETRIC_REPRESENTATION_ITEM ( )  RATIONAL_B_SPLINE_CURVE ( ( 0.9330127018922193000, 0.9330127018922214100, 1.000000000000000000, 0.8660254037844387100, 1.000000000000000000, 0.8660254037844387100, 1.000000000000000000, 0.9330127018922171900, 0.9330127018922193000 ) ) 
 REPRESENTATION_ITEM ( '' )  );
#3045 = CARTESIAN_POINT ( 'NONE',  ( 1.999999999999995800, 0.5358983848622778100, -10.64373926088300900 ) ) ;
#3046 = CARTESIAN_POINT ( 'NONE',  ( 1.154700538379302300, -1.999999999999971100, -12.89166666666663400 ) ) ;
#3047 = ORIENTED_EDGE ( 'NONE', *, *, #2242, .F. ) ;
#3048 = ADVANCED_FACE ( 'NONE', ( #249 ), #4195, .T. ) ;
#3049 = CARTESIAN_POINT ( 'NONE',  ( -2.763802959804758000E-014, 1.545336663013167300, -10.23749999999997200 ) ) ;
#3050 = CARTESIAN_POINT ( 'NONE',  ( -2.940142686972189500E-014, 2.000000000000000000, -0.7874999999999947600 ) ) ;
#3051 = CARTESIAN_POINT ( 'NONE',  ( -1.545336663013166200, 1.754687023159340600E-014, -18.46249999999995600 ) ) ;
#3052 = CARTESIAN_POINT ( 'NONE',  ( -0.8922005383792279700, -1.545336663013180200, -3.558333333333322000 ) ) ;
#3053 = EDGE_CURVE ( 'NONE', #454, #8017, #2961, .T. ) ;
#3054 = CARTESIAN_POINT ( 'NONE',  ( -2.612403631967627900E-014, 1.545336663013167300, -7.349999999999979200 ) ) ;
#3055 = CARTESIAN_POINT ( 'NONE',  ( 0.8922005383792283000, 1.545336663013179700, -21.49583333333328000 ) ) ;
#3056 = VERTEX_POINT ( 'NONE', #6496 ) ;
#3057 = CARTESIAN_POINT ( 'NONE',  ( 2.309401076758502900, 3.239433308545618900E-014, -17.67499999999995500 ) ) ;
#3058 =( BOUNDED_CURVE ( )  B_SPLINE_CURVE ( 2, ( #7056, #3355, #1414, #246, #7081, #3935, #4024, #5960, #821 ),
 .UNSPECIFIED., .F., .F. ) 
 B_SPLINE_CURVE_WITH_KNOTS ( ( 3, 2, 2, 2, 3 ),
 ( 0.4191176470588236500, 0.4215686274509803900, 0.4264705882352941000, 0.4313725490196078600, 0.4338235294117648300 ),
 .UNSPECIFIED. ) 
 CURVE ( )  GEOMETRIC_REPRESENTATION_ITEM ( )  RATIONAL_B_SPLINE_CURVE ( ( 0.9330127018922194100, 0.9330127018922224100, 1.000000000000000000, 0.8660254037844387100, 1.000000000000000000, 0.8660254037844387100, 1.000000000000000000, 0.9330127018922163000, 0.9330127018922194100 ) ) 
 REPRESENTATION_ITEM ( '' )  );
#3059 = CARTESIAN_POINT ( 'NONE',  ( 0.0000000000000000000, 0.0000000000000000000, -25.65000000000000200 ) ) ;
#3060 = CARTESIAN_POINT ( 'NONE',  ( -1.154700538379215700, -2.000000000000020400, -8.195833333333309800 ) ) ;
#3061 = DIRECTION ( 'NONE',  ( -1.000000000000000000, 0.0000000000000000000, 0.0000000000000000000 ) ) ;
#3062 = VERTEX_POINT ( 'NONE', #7768 ) ;
#3063 = CARTESIAN_POINT ( 'NONE',  ( 2.309401076758502900, 3.239433308545619500E-014, -13.56249999999996400 ) ) ;
#3064 = EDGE_CURVE ( 'NONE', #1163, #7568, #1501, .T. ) ;
#3065 = AXIS2_PLACEMENT_3D ( 'NONE', #2295, #7756, #3374 ) ;
#3066 = LINE ( 'NONE', #3235, #1387 ) ;
#3067 = CARTESIAN_POINT ( 'NONE',  ( -2.793185071074506700E-014, 2.000000000000000000, 0.6125000000000016000 ) ) ;
#3068 = CARTESIAN_POINT ( 'NONE',  ( -1.732050807568899800, 0.9999999999999603700, -6.970833333333313700 ) ) ;
#3069 = ORIENTED_EDGE ( 'NONE', *, *, #8064, .T. ) ;
#3070 = CARTESIAN_POINT ( 'NONE',  ( 1.154700538379192000, 2.000000000000033800, -11.34583333333330300 ) ) ;
#3071 = CARTESIAN_POINT ( 'NONE',  ( -0.8922005383792808200, 1.545336663013149500, -7.379166666666646900 ) ) ;
#3072 = FACE_OUTER_BOUND ( 'NONE', #2359, .T. ) ;
#3073 = EDGE_CURVE ( 'NONE', #7222, #1581, #1753, .T. ) ;
#3074 = CARTESIAN_POINT ( 'NONE',  ( 0.0000000000000000000, 0.0000000000000000000, -26.00000000000000000 ) ) ;
#3075 = ORIENTED_EDGE ( 'NONE', *, *, #183, .F. ) ;
#3076 = CARTESIAN_POINT ( 'NONE',  ( -1.545336663013167300, 0.0000000000000000000, 0.0000000000000000000 ) ) ;
#3077 = DIRECTION ( 'NONE',  ( 1.000000000000000000, 0.0000000000000000000, 0.0000000000000000000 ) ) ;
#3078 = CARTESIAN_POINT ( 'NONE',  ( 0.8922005383792722700, -1.545336663013154900, -6.941666666666646900 ) ) ;
#3079 = ORIENTED_EDGE ( 'NONE', *, *, #3527, .F. ) ;
#3080 = CARTESIAN_POINT ( 'NONE',  ( -1.732050807568862800, -1.000000000000025100, -2.566666666666658400 ) ) ;
#3081 = CARTESIAN_POINT ( 'NONE',  ( -1.732050807568862800, -1.000000000000025100, -15.86666666666662600 ) ) ;
#3082 = VERTEX_POINT ( 'NONE', #1011 ) ;
#3083 = CARTESIAN_POINT ( 'NONE',  ( -4.851086878151330500E-014, 2.000000000000000000, -8.399999999999979000 ) ) ;
#3084 = CARTESIAN_POINT ( 'NONE',  ( 2.000000000000001300, 0.5358983848622785900, -18.34373926088299500 ) ) ;
#3085 = CARTESIAN_POINT ( 'NONE',  ( 2.000000000000007500, -0.5358983848622028700, -21.90626073911691000 ) ) ;
#3086 = ORIENTED_EDGE ( 'NONE', *, *, #6394, .T. ) ;
#3087 = AXIS2_PLACEMENT_3D ( 'NONE', #5123, #5067, #1395 ) ;
#3088 = CARTESIAN_POINT ( 'NONE',  ( -1.732050807568877400, 0.0000000000000000000, -26.00000000000000000 ) ) ;
#3089 = CARTESIAN_POINT ( 'NONE',  ( -2.309401076758502900, -3.267715314911616300E-014, -13.21249999999996500 ) ) ;
#3090 = VERTEX_POINT ( 'NONE', #4147 ) ;
#3091 = CARTESIAN_POINT ( 'NONE',  ( -0.8922005383793195600, 1.545336663013127600, -17.79166666666662200 ) ) ;
#3092 = ORIENTED_EDGE ( 'NONE', *, *, #3328, .T. ) ;
#3093 = ORIENTED_EDGE ( 'NONE', *, *, #3650, .F. ) ;
#3094 = CARTESIAN_POINT ( 'NONE',  ( 1.338300807568858300, 0.7726683315066128500, -18.05416666666662100 ) ) ;
#3095 = CARTESIAN_POINT ( 'NONE',  ( -1.732050807568862800, -1.000000000000025100, 0.8458333333333343300 ) ) ;
#3096 = LINE ( 'NONE', #128, #948 ) ;
#3097 = EDGE_LOOP ( 'NONE', ( #2584, #4963, #139, #545 ) ) ;
#3098 = CARTESIAN_POINT ( 'NONE',  ( -2.612403631967627900E-014, 1.545336663013167300, -7.437499999999978700 ) ) ;
#3099 = CARTESIAN_POINT ( 'NONE',  ( -1.999999999999998200, -1.225956827439141800E-014, -19.42499999999995100 ) ) ;
#3100 = CARTESIAN_POINT ( 'NONE',  ( 0.8922005383793117900, -1.545336663013131800, -14.02916666666663100 ) ) ;
#3101 = CARTESIAN_POINT ( 'NONE',  ( 1.338300807568895600, -0.7726683315065486800, -6.970833333333313700 ) ) ;
#3102 = CARTESIAN_POINT ( 'NONE',  ( -1.784401076758500100, -2.524860140211269500E-014, -7.174999999999981200 ) ) ;
#3103 = EDGE_LOOP ( 'NONE', ( #2684, #7046, #827, #6047 ) ) ;
#3104 = CYLINDRICAL_SURFACE ( 'NONE', #3712, 1.545336663013167300 ) ;
#3105 = CARTESIAN_POINT ( 'NONE',  ( 0.8922005383792761500, -1.545336663013152200, -9.129166666666639800 ) ) ;
#3106 = LINE ( 'NONE', #5224, #2246 ) ;
#3107 = CARTESIAN_POINT ( 'NONE',  ( -2.309401076758502900, -3.267715314911616300E-014, 0.1750000000000014300 ) ) ;
#3108 = CARTESIAN_POINT ( 'NONE',  ( -2.309401076758502900, -3.267715314911616300E-014, -22.92499999999994000 ) ) ;
#3109 = CARTESIAN_POINT ( 'NONE',  ( -1.999999999999994900, 0.5358983848622339600, -6.243760739116945400 ) ) ;
#3110 = EDGE_CURVE ( 'NONE', #6555, #6646, #5301, .T. ) ;
#3111 = CARTESIAN_POINT ( 'NONE',  ( 1.500000000000000000, -0.8660254037844387100, -23.75000000000000000 ) ) ;
#3112 =( BOUNDED_CURVE ( )  B_SPLINE_CURVE ( 2, ( #3168, #4440, #701, #3871, #69, #5751, #674, #2588, #5662 ),
 .UNSPECIFIED., .F., .F. ) 
 B_SPLINE_CURVE_WITH_KNOTS ( ( 3, 2, 2, 2, 3 ),
 ( 0.8750000000000002200, 0.8774509803921568500, 0.8823529411764705600, 0.8872549019607842700, 0.8897058823529413500 ),
 .UNSPECIFIED. ) 
 CURVE ( )  GEOMETRIC_REPRESENTATION_ITEM ( )  RATIONAL_B_SPLINE_CURVE ( ( 0.9330127018922194100, 0.9330127018922254000, 1.000000000000000000, 0.8660254037844387100, 1.000000000000000000, 0.8660254037844387100, 1.000000000000000000, 0.9330127018922147500, 0.9330127018922193000 ) ) 
 REPRESENTATION_ITEM ( '' )  );
#3113 = VERTEX_POINT ( 'NONE', #447 ) ;
#3114 = VECTOR ( 'NONE', #4548, 1000.000000000000000 ) ;
#3115 = CARTESIAN_POINT ( 'NONE',  ( -1.732050807568862800, -1.000000000000025100, -15.25416666666662600 ) ) ;
#3116 = VECTOR ( 'NONE', #1199, 1000.000000000000000 ) ;
#3117 = CARTESIAN_POINT ( 'NONE',  ( 1.999999999999998200, 1.911563015296102800E-014, -21.87499999999994700 ) ) ;
#3118 = DIRECTION ( 'NONE',  ( -0.0000000000000000000, -0.0000000000000000000, -1.000000000000000000 ) ) ;
#3119 = CARTESIAN_POINT ( 'NONE',  ( -1.154700538379199900, -2.000000000000029300, -10.90833333333330700 ) ) ;
#3120 = EDGE_CURVE ( 'NONE', #368, #1796, #1520, .T. ) ;
#3121 = CARTESIAN_POINT ( 'NONE',  ( -6.517101709501003000E-014, 2.000000000000000000, -11.28749999999996900 ) ) ;
#3122 =( BOUNDED_CURVE ( )  B_SPLINE_CURVE ( 2, ( #3229, #1347, #7644, #4523, #7237, #5888, #2756, #7783, #5979 ),
 .UNSPECIFIED., .F., .F. ) 
 B_SPLINE_CURVE_WITH_KNOTS ( ( 3, 2, 2, 2, 3 ),
 ( 0.1397058823529412600, 0.1421568627450980300, 0.1470588235294117700, 0.1519607843137254800, 0.1544117647058824400 ),
 .UNSPECIFIED. ) 
 CURVE ( )  GEOMETRIC_REPRESENTATION_ITEM ( )  RATIONAL_B_SPLINE_CURVE ( ( 0.9330127018922194100, 0.9330127018922216300, 1.000000000000000000, 0.8660254037844387100, 1.000000000000000000, 0.8660254037844387100, 1.000000000000000000, 0.9330127018922167400, 0.9330127018922194100 ) ) 
 REPRESENTATION_ITEM ( '' )  );
#3123 = AXIS2_PLACEMENT_3D ( 'NONE', #5509, #3634, #1327 ) ;
#3124 = CARTESIAN_POINT ( 'NONE',  ( 1.154700538379191100, 2.000000000000034600, -12.74583333333330000 ) ) ;
#3125 = CARTESIAN_POINT ( 'NONE',  ( 1.338300807568860300, 0.7726683315066095200, -11.05416666666663700 ) ) ;
#3126 = ADVANCED_FACE ( 'NONE', ( #1416 ), #2903, .T. ) ;
#3127 = CARTESIAN_POINT ( 'NONE',  ( 1.545336663013166000, 7.872850716493068400E-015, -10.32499999999997400 ) ) ;
#3128 = CARTESIAN_POINT ( 'NONE',  ( 2.000000000000000400, 0.5358983848622624900, -0.9312392608830312200 ) ) ;
#3129 = ORIENTED_EDGE ( 'NONE', *, *, #7543, .T. ) ;
#3130 = CARTESIAN_POINT ( 'NONE',  ( 5.944145377855908300E-014, -1.545336663013167300, -18.28749999999994800 ) ) ;
#3131 = CARTESIAN_POINT ( 'NONE',  ( -0.8922005383792279700, -1.545336663013180200, -7.058333333333313100 ) ) ;
#3132 = CARTESIAN_POINT ( 'NONE',  ( 0.0000000000000000000, 0.0000000000000000000, 0.0000000000000000000 ) ) ;
#3133 = VERTEX_POINT ( 'NONE', #7426 ) ;
#3134 = CARTESIAN_POINT ( 'NONE',  ( 2.309401076758502900, 3.239433308545618900E-014, -2.274999999999992800 ) ) ;
#3135 = CARTESIAN_POINT ( 'NONE',  ( -2.309401076758502900, -3.267715314911616300E-014, -19.42499999999995100 ) ) ;
#3136 = CARTESIAN_POINT ( 'NONE',  ( -5.035558104138843300E-014, 1.545336663013167300, -11.54999999999997100 ) ) ;
#3137 = DIRECTION ( 'NONE',  ( 0.0000000000000000000, 0.0000000000000000000, 1.000000000000000000 ) ) ;
#3138 = CARTESIAN_POINT ( 'NONE',  ( -1.732050807568862800, -1.000000000000025100, -14.55416666666662600 ) ) ;
#3139 = EDGE_LOOP ( 'NONE', ( #6897, #2835, #2740, #679 ) ) ;
#3140 = CARTESIAN_POINT ( 'NONE',  ( -1.632292061195786300, -0.1806957538734458300, -21.99999999999999600 ) ) ;
#3141 = ORIENTED_EDGE ( 'NONE', *, *, #636, .T. ) ;
#3142 = DIRECTION ( 'NONE',  ( -0.0000000000000000000, -0.0000000000000000000, -1.000000000000000000 ) ) ;
#3143 = FACE_OUTER_BOUND ( 'NONE', #3777, .T. ) ;
#3144 = CARTESIAN_POINT ( 'NONE',  ( 1.732050807568904900, -0.9999999999999519300, -11.43333333333330300 ) ) ;
#3145 = ORIENTED_EDGE ( 'NONE', *, *, #7270, .T. ) ;
#3146 = CARTESIAN_POINT ( 'NONE',  ( 1.999999999999994000, 0.5358983848622755900, -16.33123926088299500 ) ) ;
#3147 = ORIENTED_EDGE ( 'NONE', *, *, #4980, .T. ) ;
#3148 = CARTESIAN_POINT ( 'NONE',  ( -0.8922005383792799300, 1.545336663013149800, -5.891666666666649700 ) ) ;
#3149 = CARTESIAN_POINT ( 'NONE',  ( -0.8922005383792724900, 1.545336663013154900, -8.691666666666641600 ) ) ;
#3150 = EDGE_CURVE ( 'NONE', #1072, #6434, #3821, .T. ) ;
#3151 = CARTESIAN_POINT ( 'NONE',  ( -1.545336663013169100, 2.527446539981169400E-015, -9.362499999999977600 ) ) ;
#3152 = ORIENTED_EDGE ( 'NONE', *, *, #1476, .F. ) ;
#3153 = CARTESIAN_POINT ( 'NONE',  ( 1.154700538379223000, 2.000000000000016000, -1.458333333333327900 ) ) ;
#3154 = CARTESIAN_POINT ( 'NONE',  ( -0.8922005383792279700, -1.545336663013180200, -19.04583333333328100 ) ) ;
#3155 = ORIENTED_EDGE ( 'NONE', *, *, #6263, .F. ) ;
#3156 = CARTESIAN_POINT ( 'NONE',  ( 2.309401076758502900, 3.239433308545618900E-014, -19.77499999999995600 ) ) ;
#3157 =( BOUNDED_CURVE ( )  B_SPLINE_CURVE ( 2, ( #1290, #3172, #3842, #6326, #2532, #704, #71, #2449, #3758 ),
 .UNSPECIFIED., .F., .F. ) 
 B_SPLINE_CURVE_WITH_KNOTS ( ( 3, 2, 2, 2, 3 ),
 ( 0.09558823529411772400, 0.09803921568627450800, 0.1029411764705882300, 0.1078431372549019700, 0.1102941176470589000 ),
 .UNSPECIFIED. ) 
 CURVE ( )  GEOMETRIC_REPRESENTATION_ITEM ( )  RATIONAL_B_SPLINE_CURVE ( ( 0.9330127018922193000, 0.9330127018922214100, 1.000000000000000000, 0.8660254037844387100, 1.000000000000000000, 0.8660254037844387100, 1.000000000000000000, 0.9330127018922171900, 0.9330127018922193000 ) ) 
 REPRESENTATION_ITEM ( '' )  );
#3158 = DIRECTION ( 'NONE',  ( -0.0000000000000000000, -0.0000000000000000000, -1.000000000000000000 ) ) ;
#3159 = CARTESIAN_POINT ( 'NONE',  ( -2.000000000000008000, -0.5358983848622797000, -21.49373926088298200 ) ) ;
#3160 =( BOUNDED_CURVE ( )  B_SPLINE_CURVE ( 2, ( #46, #96, #3237, #7509, #3205, #3119, #5023, #5693, #8151 ),
 .UNSPECIFIED., .F., .F. ) 
 B_SPLINE_CURVE_WITH_KNOTS ( ( 3, 2, 2, 2, 3 ),
 ( 0.4779411764705883100, 0.4803921568627451100, 0.4852941176470588200, 0.4901960784313725300, 0.4926470588235294900 ),
 .UNSPECIFIED. ) 
 CURVE ( )  GEOMETRIC_REPRESENTATION_ITEM ( )  RATIONAL_B_SPLINE_CURVE ( ( 0.9330127018922194100, 0.9330127018922216300, 1.000000000000000000, 0.8660254037844387100, 1.000000000000000000, 0.8660254037844387100, 1.000000000000000000, 0.9330127018922170800, 0.9330127018922194100 ) ) 
 REPRESENTATION_ITEM ( '' )  );
#3161 = CARTESIAN_POINT ( 'NONE',  ( -1.545336663013166900, -6.391244124090313400E-016, -0.2624999999999988500 ) ) ;
#3162 = CARTESIAN_POINT ( 'NONE',  ( -1.732050807568862800, -1.000000000000025100, -15.95416666666662300 ) ) ;
#3163 = LINE ( 'NONE', #2618, #4449 ) ;
#3164 = EDGE_LOOP ( 'NONE', ( #3638, #3691, #5452, #6802 ) ) ;
#3165 = ADVANCED_FACE ( 'NONE', ( #6551 ), #4572, .T. ) ;
#3166 = EDGE_CURVE ( 'NONE', #552, #3184, #1209, .T. ) ;
#3167 = B_SPLINE_CURVE_WITH_KNOTS ( 'NONE', 3,
 ( #2563, #5141, #5084, #5171, #1945, #770 ),
 .UNSPECIFIED., .F., .F.,
 ( 4, 2, 4 ),
 ( 0.001024248859278202400, 0.001472981808584833800, 0.001921714757891465400 ),
 .UNSPECIFIED. ) ;
#3168 = CARTESIAN_POINT ( 'NONE',  ( -1.545336663013166200, 1.830219908262226200E-014, -19.77499999999995600 ) ) ;
#3169 = AXIS2_PLACEMENT_3D ( 'NONE', #6499, #1359, #5175 ) ;
#3170 = DIRECTION ( 'NONE',  ( -0.0000000000000000000, -0.0000000000000000000, -1.000000000000000000 ) ) ;
#3171 = ORIENTED_EDGE ( 'NONE', *, *, #21, .T. ) ;
#3172 = CARTESIAN_POINT ( 'NONE',  ( 1.545336663013167300, -0.4140717108885700900, -1.256260739116959800 ) ) ;
#3173 = CARTESIAN_POINT ( 'NONE',  ( -1.154700538379280800, 1.999999999999983100, -0.7291666666666618600 ) ) ;
#3174 = CARTESIAN_POINT ( 'NONE',  ( 0.0000000000000000000, 0.0000000000000000000, -22.00000000000000000 ) ) ;
#3175 = ORIENTED_EDGE ( 'NONE', *, *, #2741, .F. ) ;
#3176 = CARTESIAN_POINT ( 'NONE',  ( 1.545336663013166200, -4.938688641342514700E-016, -13.82499999999996600 ) ) ;
#3177 = EDGE_LOOP ( 'NONE', ( #4803, #192, #83, #7295 ) ) ;
#3178 = FACE_OUTER_BOUND ( 'NONE', #3560, .T. ) ;
#3179 = CARTESIAN_POINT ( 'NONE',  ( -1.545336663013172600, -0.4140717108886040600, -13.53123926088300500 ) ) ;
#3180 = EDGE_CURVE ( 'NONE', #4821, #5997, #6165, .T. ) ;
#3181 = ORIENTED_EDGE ( 'NONE', *, *, #4302, .T. ) ;
#3182 = CARTESIAN_POINT ( 'NONE',  ( -1.338300807568899600, 0.7726683315065420200, -10.82083333333330400 ) ) ;
#3183 = CARTESIAN_POINT ( 'NONE',  ( -0.8922005383792847000, 1.545336663013147500, -14.29166666666662900 ) ) ;
#3184 = VERTEX_POINT ( 'NONE', #4928 ) ;
#3185 = CARTESIAN_POINT ( 'NONE',  ( -1.338300807568892500, 0.7726683315065539000, -5.833333333333317100 ) ) ;
#3186 = CARTESIAN_POINT ( 'NONE',  ( -0.8922005383792279700, -1.545336663013180200, -8.458333333333309100 ) ) ;
#3187 = CARTESIAN_POINT ( 'NONE',  ( -2.000000000000000000, 2.449293598294706400E-016, -22.00000000000000000 ) ) ;
#3188 = CARTESIAN_POINT ( 'NONE',  ( -1.999999999999988200, 0.5358983848622187500, -18.75626073911692200 ) ) ;
#3189 = CARTESIAN_POINT ( 'NONE',  ( 1.154700538379280100, -1.999999999999983300, -1.691666666666660700 ) ) ;
#3190 = CARTESIAN_POINT ( 'NONE',  ( 1.338300807568864300, 0.7726683315066025200, -19.45416666666662000 ) ) ;
#3191 = FACE_OUTER_BOUND ( 'NONE', #1123, .T. ) ;
#3192 = CARTESIAN_POINT ( 'NONE',  ( -2.309401076758502900, -3.267715314911616300E-014, -22.22499999999994500 ) ) ;
#3193 = CARTESIAN_POINT ( 'NONE',  ( -1.999999999999998200, 1.586190587160596000E-014, -13.21249999999996800 ) ) ;
#3194 = CARTESIAN_POINT ( 'NONE',  ( 1.732050807568913800, -0.9999999999999367200, -15.72083333333329200 ) ) ;
#3195 = CARTESIAN_POINT ( 'NONE',  ( 2.000000000000000000, -4.473870886863220900E-015, -2.974999999999993900 ) ) ;
#3196 = AXIS2_PLACEMENT_3D ( 'NONE', #1166, #8149, #1807 ) ;
#3197 = ORIENTED_EDGE ( 'NONE', *, *, #7533, .F. ) ;
#3198 = CARTESIAN_POINT ( 'NONE',  ( -0.8922005383792096500, -1.545336663013190600, -11.95833333333330200 ) ) ;
#3199 = CARTESIAN_POINT ( 'NONE',  ( -1.732050807568891800, 0.9999999999999742400, -17.47083333333328500 ) ) ;
#3200 = CARTESIAN_POINT ( 'NONE',  ( 2.000000000000002200, -0.5358983848622226300, -14.20626073911693000 ) ) ;
#3201 = CARTESIAN_POINT ( 'NONE',  ( 2.000000000000000900, -0.5358983848622275200, -6.593760739116945000 ) ) ;
#3202 = CARTESIAN_POINT ( 'NONE',  ( -0.4973845222532477000, -1.804343129899603300, -22.00000000000005000 ) ) ;
#3203 = CARTESIAN_POINT ( 'NONE',  ( 2.817678007057453700E-014, -2.000000000000000000, -1.137499999999994000 ) ) ;
#3204 = CARTESIAN_POINT ( 'NONE',  ( 0.0000000000000000000, 0.0000000000000000000, -22.00000000000000000 ) ) ;
#3205 = CARTESIAN_POINT ( 'NONE',  ( 5.733080165792060500E-014, -2.000000000000000000, -10.84999999999997300 ) ) ;
#3206 = CARTESIAN_POINT ( 'NONE',  ( -1.545336663013176000, -0.4140717108885998400, -21.93123926088298200 ) ) ;
#3207 = EDGE_CURVE ( 'NONE', #3608, #2453, #37, .T. ) ;
#3208 =( BOUNDED_CURVE ( )  B_SPLINE_CURVE ( 2, ( #1685, #7418, #2370, #488, #3665, #8060, #7391, #516, #4900 ),
 .UNSPECIFIED., .F., .F. ) 
 B_SPLINE_CURVE_WITH_KNOTS ( ( 3, 2, 2, 2, 3 ),
 ( 0.5367647058823530300, 0.5392156862745097800, 0.5441176470588234800, 0.5490196078431373000, 0.5514705882352942700 ),
 .UNSPECIFIED. ) 
 CURVE ( )  GEOMETRIC_REPRESENTATION_ITEM ( )  RATIONAL_B_SPLINE_CURVE ( ( 0.9330127018922194100, 0.9330127018922224100, 1.000000000000000000, 0.8660254037844387100, 1.000000000000000000, 0.8660254037844387100, 1.000000000000000000, 0.9330127018922163000, 0.9330127018922194100 ) ) 
 REPRESENTATION_ITEM ( '' )  );
#3209 = VERTEX_POINT ( 'NONE', #2323 ) ;
#3210 = VECTOR ( 'NONE', #3170, 1000.000000000000000 ) ;
#3211 = AXIS2_PLACEMENT_3D ( 'NONE', #1994, #5784, #5107 ) ;
#3212 = CARTESIAN_POINT ( 'NONE',  ( 0.0000000000000000000, 0.0000000000000000000, -22.00000000000000000 ) ) ;
#3213 = FACE_OUTER_BOUND ( 'NONE', #4085, .T. ) ;
#3214 = ADVANCED_FACE ( 'NONE', ( #6245 ), #4267, .T. ) ;
#3215 = CARTESIAN_POINT ( 'NONE',  ( -1.535243403521886500, 0.4315537491414469500, -0.2075805622845076400 ) ) ;
#3216 = DIRECTION ( 'NONE',  ( -0.0000000000000000000, -0.0000000000000000000, -1.000000000000000000 ) ) ;
#3217 = DIRECTION ( 'NONE',  ( -0.0000000000000000000, -0.0000000000000000000, -1.000000000000000000 ) ) ;
#3218 = CARTESIAN_POINT ( 'NONE',  ( -0.8922005383792724900, 1.545336663013154900, -10.79166666666663800 ) ) ;
#3219 = CARTESIAN_POINT ( 'NONE',  ( -1.545336663013166200, -8.599128457866965900E-015, -20.47499999999994800 ) ) ;
#3220 = CARTESIAN_POINT ( 'NONE',  ( -1.732050807568899800, 0.9999999999999603700, -7.583333333333312600 ) ) ;
#3221 = VECTOR ( 'NONE', #3158, 1000.000000000000000 ) ;
#3222 = CARTESIAN_POINT ( 'NONE',  ( 1.154700538379223000, 2.000000000000016000, -5.658333333333317200 ) ) ;
#3223 = CARTESIAN_POINT ( 'NONE',  ( 1.338300807568886300, -0.7726683315065647800, -18.87083333333328700 ) ) ;
#3224 = CARTESIAN_POINT ( 'NONE',  ( -1.732050807568862800, -1.000000000000025100, -20.76666666666661200 ) ) ;
#3225 = DIRECTION ( 'NONE',  ( -0.0000000000000000000, -0.0000000000000000000, -1.000000000000000000 ) ) ;
#3226 = EDGE_CURVE ( 'NONE', #626, #7905, #2357, .T. ) ;
#3227 = CARTESIAN_POINT ( 'NONE',  ( -1.545336663013164900, -0.4140717108886117200, -12.74373926088300200 ) ) ;
#3228 = CARTESIAN_POINT ( 'NONE',  ( 0.0000000000000000000, 0.0000000000000000000, -22.00000000000000000 ) ) ;
#3229 = CARTESIAN_POINT ( 'NONE',  ( -2.000000000000000000, 2.614599868946037200E-015, -2.012499999999994400 ) ) ;
#3230 = CARTESIAN_POINT ( 'NONE',  ( 2.817678007057453700E-014, -2.000000000000000000, -18.63749999999995000 ) ) ;
#3231 =( BOUNDED_CURVE ( )  B_SPLINE_CURVE ( 2, ( #1976, #3215, #7544, #5699, #7631, #7515, #52, #5766, #4398 ),
 .UNSPECIFIED., .F., .F. ) 
 B_SPLINE_CURVE_WITH_KNOTS ( ( 3, 2, 2, 2, 3 ),
 ( 0.05158243768967991200, 0.05392156862745098300, 0.05882352941176470500, 0.06372549019607842700, 0.06617647058823536400 ),
 .UNSPECIFIED. ) 
 CURVE ( )  GEOMETRIC_REPRESENTATION_ITEM ( )  RATIONAL_B_SPLINE_CURVE ( ( 0.9331522039221278300, 0.9360696389318259300, 1.000000000000000000, 0.8660254037844387100, 1.000000000000000000, 0.8660254037844387100, 1.000000000000000000, 0.9330127018922174100, 0.9330127018922193000 ) ) 
 REPRESENTATION_ITEM ( '' )  );
#3232 = DIRECTION ( 'NONE',  ( 1.000000000000000000, 0.0000000000000000000, 0.0000000000000000000 ) ) ;
#3233 = CARTESIAN_POINT ( 'NONE',  ( -1.463331560924265600, 0.4967153559692238400, -22.00000000000000400 ) ) ;
#3234 = CARTESIAN_POINT ( 'NONE',  ( 1.154700538379223000, 2.000000000000016000, -4.345833333333319900 ) ) ;
#3235 = CARTESIAN_POINT ( 'NONE',  ( 2.000000000000000000, 0.0000000000000000000, -22.00000000000000000 ) ) ;
#3236 = VERTEX_POINT ( 'NONE', #6216 ) ;
#3237 = CARTESIAN_POINT ( 'NONE',  ( 1.732050807568897600, -0.9999999999999646900, -10.73333333333330600 ) ) ;
#3238 = EDGE_CURVE ( 'NONE', #539, #2956, #349, .T. ) ;
#3239 = CARTESIAN_POINT ( 'NONE',  ( 5.929023653655636700E-014, -2.000000000000000000, -13.03749999999996600 ) ) ;
#3240 = AXIS2_PLACEMENT_3D ( 'NONE', #106, #7571, #5064 ) ;
#3241 = ORIENTED_EDGE ( 'NONE', *, *, #6914, .F. ) ;
#3242 = CARTESIAN_POINT ( 'NONE',  ( 1.732050807568860500, 1.000000000000029500, -4.316666666666654000 ) ) ;
#3243 = CARTESIAN_POINT ( 'NONE',  ( 0.0000000000000000000, 0.0000000000000000000, -26.00000000000000000 ) ) ;
#3244 = CARTESIAN_POINT ( 'NONE',  ( 1.338300807568864300, 0.7726683315066025200, -13.76666666666663000 ) ) ;
#3245 = CARTESIAN_POINT ( 'NONE',  ( 1.999999999999998200, 1.615241696815551800E-014, -14.26249999999996200 ) ) ;
#3246 = PLANE ( 'NONE',  #7554 ) ;
#3247 = CARTESIAN_POINT ( 'NONE',  ( -1.154700538379280800, 1.999999999999983100, -4.141666666666654200 ) ) ;
#3248 = CARTESIAN_POINT ( 'NONE',  ( 1.338300807568886300, -0.7726683315065647800, -18.17083333333328800 ) ) ;
#3249 = VERTEX_POINT ( 'NONE', #3088 ) ;
#3250 = CARTESIAN_POINT ( 'NONE',  ( 1.732050807568861700, 1.000000000000027500, -1.516666666666661100 ) ) ;
#3251 = AXIS2_PLACEMENT_3D ( 'NONE', #6827, #6183, #3740 ) ;
#3252 = CARTESIAN_POINT ( 'NONE',  ( -1.732050807568917600, 0.9999999999999299400, -17.38333333333329000 ) ) ;
#3253 = CARTESIAN_POINT ( 'NONE',  ( 0.8922005383792754900, -1.545336663013152900, -7.641666666666645300 ) ) ;
#3254 = VECTOR ( 'NONE', #5767, 1000.000000000000000 ) ;
#3255 = CARTESIAN_POINT ( 'NONE',  ( 1.999999999999994900, 0.5358983848622881400, -12.13123926088300500 ) ) ;
#3256 = CARTESIAN_POINT ( 'NONE',  ( -1.999999999999998200, -1.121372832681300300E-014, -20.82499999999995000 ) ) ;
#3257 = CARTESIAN_POINT ( 'NONE',  ( -1.732050807568862800, -1.000000000000025100, -17.35416666666661800 ) ) ;
#3258 =( BOUNDED_CURVE ( )  B_SPLINE_CURVE ( 2, ( #2805, #4696, #2180, #312, #4753, #883, #4121, #5293, #7199 ),
 .UNSPECIFIED., .F., .F. ) 
 B_SPLINE_CURVE_WITH_KNOTS ( ( 3, 2, 2, 2, 3 ),
 ( 0.3308823529411765700, 0.3333333333333333100, 0.3382352941176470800, 0.3431372549019607900, 0.3455882352941177500 ),
 .UNSPECIFIED. ) 
 CURVE ( )  GEOMETRIC_REPRESENTATION_ITEM ( )  RATIONAL_B_SPLINE_CURVE ( ( 0.9330127018922194100, 0.9330127018922224100, 1.000000000000000000, 0.8660254037844387100, 1.000000000000000000, 0.8660254037844387100, 1.000000000000000000, 0.9330127018922163000, 0.9330127018922194100 ) ) 
 REPRESENTATION_ITEM ( '' )  );
#3259 = DATE_TIME_ROLE ( 'creation_date' ) ;
#3260 = ADVANCED_FACE ( 'NONE', ( #1406 ), #3502, .T. ) ;
#3261 = VERTEX_POINT ( 'NONE', #6269 ) ;
#3262 = CARTESIAN_POINT ( 'NONE',  ( -1.154700538379290100, 1.999999999999977800, -5.629166666666651300 ) ) ;
#3263 = EDGE_LOOP ( 'NONE', ( #4080, #4912, #6442, #4966 ) ) ;
#3264 = EDGE_CURVE ( 'NONE', #450, #6524, #3772, .T. ) ;
#3265 = CARTESIAN_POINT ( 'NONE',  ( 0.0000000000000000000, 0.0000000000000000000, -22.00000000000000000 ) ) ;
#3266 = CARTESIAN_POINT ( 'NONE',  ( -1.154700538379280800, 1.999999999999983100, -3.529166666666654800 ) ) ;
#3267 = AXIS2_PLACEMENT_3D ( 'NONE', #5801, #776, #169 ) ;
#3268 = VERTEX_POINT ( 'NONE', #3752 ) ;
#3269 = CARTESIAN_POINT ( 'NONE',  ( 1.154700538379288100, -1.999999999999978700, -12.97916666666663200 ) ) ;
#3270 = LINE ( 'NONE', #6634, #4777 ) ;
#3271 = CARTESIAN_POINT ( 'NONE',  ( 0.8922005383792184200, 1.545336663013185300, -6.095833333333317200 ) ) ;
#3272 = EDGE_LOOP ( 'NONE', ( #6820, #6091, #2776, #4431 ) ) ;
#3273 = DIRECTION ( 'NONE',  ( -0.0000000000000000000, -0.0000000000000000000, -1.000000000000000000 ) ) ;
#3274 = CARTESIAN_POINT ( 'NONE',  ( -0.8922005383792724900, 1.545336663013154900, -11.49166666666663700 ) ) ;
#3275 = EDGE_CURVE ( 'NONE', #7811, #2395, #306, .T. ) ;
#3276 = CARTESIAN_POINT ( 'NONE',  ( 1.545336663013159800, 0.4140717108886181600, -15.98123926088299700 ) ) ;
#3277 = CARTESIAN_POINT ( 'NONE',  ( 1.154700538379280100, -1.999999999999983300, -3.791666666666655900 ) ) ;
#3278 = CARTESIAN_POINT ( 'NONE',  ( -1.784401076758500100, -2.524860140211269200E-014, -12.16249999999996900 ) ) ;
#3279 = VECTOR ( 'NONE', #7066, 1000.000000000000000 ) ;
#3280 = CARTESIAN_POINT ( 'NONE',  ( 2.000000000000000400, -1.743066579297358300E-016, -1.574999999999996400 ) ) ;
#3281 = DIRECTION ( 'NONE',  ( 0.0000000000000000000, 0.0000000000000000000, 1.000000000000000000 ) ) ;
#3282 = DIRECTION ( 'NONE',  ( 0.0000000000000000000, 0.0000000000000000000, 1.000000000000000000 ) ) ;
#3283 = CARTESIAN_POINT ( 'NONE',  ( -1.154700538379280800, 1.999999999999983100, -15.34166666666662900 ) ) ;
#3284 = CARTESIAN_POINT ( 'NONE',  ( 1.154700538379280100, -1.999999999999983300, -16.47916666666662200 ) ) ;
#3285 = ORIENTED_EDGE ( 'NONE', *, *, #974, .F. ) ;
#3286 = EDGE_CURVE ( 'NONE', #24, #2998, #6994, .T. ) ;
#3287 = VERTEX_POINT ( 'NONE', #1852 ) ;
#3288 = CARTESIAN_POINT ( 'NONE',  ( -0.8922005383792817000, 1.545336663013149500, -8.691666666666643300 ) ) ;
#3289 = AXIS2_PLACEMENT_3D ( 'NONE', #3228, #7666, #6992 ) ;
#3290 = ORIENTED_EDGE ( 'NONE', *, *, #3986, .T. ) ;
#3291 = DIRECTION ( 'NONE',  ( 1.000000000000000000, 0.0000000000000000000, 0.0000000000000000000 ) ) ;
#3292 = CARTESIAN_POINT ( 'NONE',  ( -0.8922005383792859200, 1.545336663013146600, -17.17916666666662100 ) ) ;
#3293 = CARTESIAN_POINT ( 'NONE',  ( 2.817678007057453700E-014, -2.000000000000000000, -7.437499999999978700 ) ) ;
#3294 = CARTESIAN_POINT ( 'NONE',  ( -3.968845998255966000E-014, 2.000000000000000000, -16.09999999999995900 ) ) ;
#3295 = LINE ( 'NONE', #3957, #733 ) ;
#3296 = ORIENTED_EDGE ( 'NONE', *, *, #4594, .T. ) ;
#3297 = CARTESIAN_POINT ( 'NONE',  ( 1.545336663013166200, 1.467081037575276500E-014, -21.61249999999994700 ) ) ;
#3298 = ORIENTED_EDGE ( 'NONE', *, *, #1958, .T. ) ;
#3299 = ORIENTED_EDGE ( 'NONE', *, *, #6288, .T. ) ;
#3300 = CARTESIAN_POINT ( 'NONE',  ( -1.338300807568892500, 0.7726683315065539000, -5.920833333333317400 ) ) ;
#3301 = CYLINDRICAL_SURFACE ( 'NONE', #4888, 1.545336663013167300 ) ;
#3302 = ADVANCED_FACE ( 'NONE', ( #3676 ), #2107, .T. ) ;
#3303 = CARTESIAN_POINT ( 'NONE',  ( -1.732050807568851700, -1.000000000000044600, -18.75416666666661700 ) ) ;
#3304 = CARTESIAN_POINT ( 'NONE',  ( -3.500000000000000000, 4.286263797015736600E-016, -25.65000000000000200 ) ) ;
#3305 = DIRECTION ( 'NONE',  ( -1.000000000000000000, 0.0000000000000000000, 0.0000000000000000000 ) ) ;
#3306 = CARTESIAN_POINT ( 'NONE',  ( -2.158205648456237700E-014, 1.545336663013167300, -12.94999999999996600 ) ) ;
#3307 = CARTESIAN_POINT ( 'NONE',  ( -1.499999999999999800, 0.8660254037844392600, -26.00000000000000000 ) ) ;
#3308 = ORIENTED_EDGE ( 'NONE', *, *, #7760, .T. ) ;
#3309 = CARTESIAN_POINT ( 'NONE',  ( 0.8922005383792722700, -1.545336663013154900, -9.829166666666642600 ) ) ;
#3310 = CARTESIAN_POINT ( 'NONE',  ( -1.545336663013167300, 0.0000000000000000000, 0.0000000000000000000 ) ) ;
#3311 = CARTESIAN_POINT ( 'NONE',  ( 1.545336663013166400, 7.408032962013773400E-015, -19.42499999999995800 ) ) ;
#3312 = CARTESIAN_POINT ( 'NONE',  ( -1.732050807568894700, 0.9999999999999694700, -2.683333333333324700 ) ) ;
#3313 = AXIS2_PLACEMENT_3D ( 'NONE', #6840, #1144, #528 ) ;
#3314 = CARTESIAN_POINT ( 'NONE',  ( 2.000000000000000400, -1.743066579297358500E-016, -0.9624999999999964700 ) ) ;
#3315 = VERTEX_POINT ( 'NONE', #8114 ) ;
#3316 = LINE ( 'NONE', #2217, #1645 ) ;
#3317 = CARTESIAN_POINT ( 'NONE',  ( -2.793185071074506100E-014, 2.000000000000000000, -12.59999999999996900 ) ) ;
#3318 = CARTESIAN_POINT ( 'NONE',  ( -5.732832573537425400E-014, 2.000000000000000000, -20.99999999999995000 ) ) ;
#3319 = CARTESIAN_POINT ( 'NONE',  ( -2.158205648456237700E-014, 1.545336663013167300, 1.050000000000000000 ) ) ;
#3320 = AXIS2_PLACEMENT_3D ( 'NONE', #632, #3850, #8157 ) ;
#3321 = CARTESIAN_POINT ( 'NONE',  ( 1.154700538379298300, -1.999999999999972500, -6.679166666666647600 ) ) ;
#3322 = CARTESIAN_POINT ( 'NONE',  ( -1.999999999999998200, 2.364760325913415700E-014, -19.51249999999995000 ) ) ;
#3323 = CARTESIAN_POINT ( 'NONE',  ( -1.154700538379222800, -2.000000000000016400, -6.095833333333316300 ) ) ;
#3324 = ORIENTED_EDGE ( 'NONE', *, *, #1557, .F. ) ;
#3325 = CYLINDRICAL_SURFACE ( 'NONE', #1875, 2.000000000000000000 ) ;
#3326 = CARTESIAN_POINT ( 'NONE',  ( 1.545336663013166200, 1.313110156404009800E-014, -18.72499999999995500 ) ) ;
#3327 = FACE_OUTER_BOUND ( 'NONE', #6746, .T. ) ;
#3328 = EDGE_CURVE ( 'NONE', #6254, #6947, #4703, .T. ) ;
#3329 = DIRECTION ( 'NONE',  ( 0.0000000000000000000, 0.0000000000000000000, 1.000000000000000000 ) ) ;
#3330 = CARTESIAN_POINT ( 'NONE',  ( 1.732050807568914700, -0.9999999999999349400, -18.52083333333328600 ) ) ;
#3331 =( BOUNDED_CURVE ( )  B_SPLINE_CURVE ( 2, ( #6895, #1834, #3788, #1289, #4411, #7475, #4362, #2448, #8122 ),
 .UNSPECIFIED., .F., .F. ) 
 B_SPLINE_CURVE_WITH_KNOTS ( ( 3, 2, 2, 2, 3 ),
 ( 0.7720588235294119100, 0.7745098039215686500, 0.7794117647058823600, 0.7843137254901960700, 0.7867647058823530300 ),
 .UNSPECIFIED. ) 
 CURVE ( )  GEOMETRIC_REPRESENTATION_ITEM ( )  RATIONAL_B_SPLINE_CURVE ( ( 0.9330127018922194100, 0.9330127018922224100, 1.000000000000000000, 0.8660254037844387100, 1.000000000000000000, 0.8660254037844387100, 1.000000000000000000, 0.9330127018922163000, 0.9330127018922194100 ) ) 
 REPRESENTATION_ITEM ( '' )  );
#3332 = CARTESIAN_POINT ( 'NONE',  ( 1.338300807568889600, -0.7726683315065591100, -4.783333333333319000 ) ) ;
#3333 = CARTESIAN_POINT ( 'NONE',  ( 1.999999999999994000, 0.5358983848622755900, -16.94373926088299600 ) ) ;
#3334 = CARTESIAN_POINT ( 'NONE',  ( 1.784401076758500100, 2.503007529540795900E-014, -12.42499999999996500 ) ) ;
#3335 = CARTESIAN_POINT ( 'NONE',  ( -0.8922005383793073500, 1.545336663013134700, -15.77916666666662900 ) ) ;
#3336 = DIRECTION ( 'NONE',  ( -0.0000000000000000000, -0.0000000000000000000, -1.000000000000000000 ) ) ;
#3337 = CARTESIAN_POINT ( 'NONE',  ( 0.8922005383792722700, -1.545336663013154900, -10.52916666666663800 ) ) ;
#3338 = EDGE_CURVE ( 'NONE', #7599, #5768, #5027, .T. ) ;
#3339 = CARTESIAN_POINT ( 'NONE',  ( 0.0000000000000000000, 0.0000000000000000000, 0.0000000000000000000 ) ) ;
#3340 = CARTESIAN_POINT ( 'NONE',  ( -1.500000000000000200, -0.8660254037844387100, -23.75000000000000000 ) ) ;
#3341 =( BOUNDED_CURVE ( )  B_SPLINE_CURVE ( 2, ( #5153, #2632, #3923, #1431, #7070, #6400, #3250, #805, #3280 ),
 .UNSPECIFIED., .F., .F. ) 
 B_SPLINE_CURVE_WITH_KNOTS ( ( 3, 2, 2, 2, 3 ),
 ( 0.08088235294117654400, 0.08333333333333332900, 0.08823529411764706500, 0.09313725490196078600, 0.09558823529411772400 ),
 .UNSPECIFIED. ) 
 CURVE ( )  GEOMETRIC_REPRESENTATION_ITEM ( )  RATIONAL_B_SPLINE_CURVE ( ( 0.9330127018922193000, 0.9330127018922214100, 1.000000000000000000, 0.8660254037844387100, 1.000000000000000000, 0.8660254037844387100, 1.000000000000000000, 0.9330127018922171900, 0.9330127018922193000 ) ) 
 REPRESENTATION_ITEM ( '' )  );
#3342 = ORIENTED_EDGE ( 'NONE', *, *, #4831, .T. ) ;
#3343 =( BOUNDED_CURVE ( )  B_SPLINE_CURVE ( 2, ( #5361, #2751, #2216, #7779, #6625, #2165, #6757, #2335, #3542 ),
 .UNSPECIFIED., .F., .F. ) 
 B_SPLINE_CURVE_WITH_KNOTS ( ( 3, 2, 2, 2, 3 ),
 ( 0.09558823529411772400, 0.09803921568627450800, 0.1029411764705882300, 0.1078431372549019700, 0.1102941176470589000 ),
 .UNSPECIFIED. ) 
 CURVE ( )  GEOMETRIC_REPRESENTATION_ITEM ( )  RATIONAL_B_SPLINE_CURVE ( ( 0.9330127018922193000, 0.9330127018922214100, 1.000000000000000000, 0.8660254037844387100, 1.000000000000000000, 0.8660254037844387100, 1.000000000000000000, 0.9330127018922171900, 0.9330127018922193000 ) ) 
 REPRESENTATION_ITEM ( '' )  );
#3344 = CARTESIAN_POINT ( 'NONE',  ( 1.732050807568891200, -0.9999999999999753500, -12.83333333333330000 ) ) ;
#3345 = AXIS2_PLACEMENT_3D ( 'NONE', #2458, #5697, #1919 ) ;
#3346 = CARTESIAN_POINT ( 'NONE',  ( -2.309401076758502900, -3.267715314911616300E-014, -21.61249999999994400 ) ) ;
#3347 = ORIENTED_EDGE ( 'NONE', *, *, #6250, .F. ) ;
#3348 = SECURITY_CLASSIFICATION_LEVEL ( 'unclassified' ) ;
#3349 = DIRECTION ( 'NONE',  ( -0.0000000000000000000, -0.0000000000000000000, -1.000000000000000000 ) ) ;
#3350 = ADVANCED_FACE ( 'NONE', ( #2892 ), #5375, .T. ) ;
#3351 = CARTESIAN_POINT ( 'NONE',  ( -1.784401076758500100, -2.524860140211269200E-014, -0.2624999999999971200 ) ) ;
#3352 = CARTESIAN_POINT ( 'NONE',  ( -2.000000000000000000, -3.079417623425332900E-015, -5.512499999999984200 ) ) ;
#3353 = CARTESIAN_POINT ( 'NONE',  ( 4.948811029828483500E-014, -2.000000000000000000, -19.33749999999994900 ) ) ;
#3354 = CARTESIAN_POINT ( 'NONE',  ( 1.154700538379223000, 2.000000000000016000, -5.745833333333315800 ) ) ;
#3355 = CARTESIAN_POINT ( 'NONE',  ( 1.545336663013165500, -0.4140717108885684800, -8.956260739116940400 ) ) ;
#3356 = CARTESIAN_POINT ( 'NONE',  ( -2.000000000000002200, 1.162044386198238700E-015, -12.42499999999996900 ) ) ;
#3357 = EDGE_CURVE ( 'NONE', #5114, #6176, #1703, .T. ) ;
#3358 = AXIS2_PLACEMENT_3D ( 'NONE', #211, #7706, #849 ) ;
#3359 = CARTESIAN_POINT ( 'NONE',  ( 0.8922005383792729300, -1.545336663013154200, -2.741666666666657400 ) ) ;
#3360 = CARTESIAN_POINT ( 'NONE',  ( -1.732050807568855000, -1.000000000000038900, -8.954166666666640900 ) ) ;
#3361 = ORIENTED_EDGE ( 'NONE', *, *, #3513, .T. ) ;
#3362 = DIRECTION ( 'NONE',  ( -1.000000000000000000, 0.0000000000000000000, 0.0000000000000000000 ) ) ;
#3363 = CARTESIAN_POINT ( 'NONE',  ( 1.154700538379220400, 2.000000000000017800, -2.158333333333326600 ) ) ;
#3364 = CARTESIAN_POINT ( 'NONE',  ( -2.158205648456237700E-014, 1.545336663013167300, -17.84999999999995500 ) ) ;
#3365 = CARTESIAN_POINT ( 'NONE',  ( -1.545336663013167300, 0.0000000000000000000, 0.0000000000000000000 ) ) ;
#3366 = CARTESIAN_POINT ( 'NONE',  ( -2.000000000000002200, 1.162044386198238700E-015, -11.81249999999997000 ) ) ;
#3367 = CARTESIAN_POINT ( 'NONE',  ( -0.8922005383792724900, 1.545336663013154900, -10.87916666666663800 ) ) ;
#3368 = ORIENTED_EDGE ( 'NONE', *, *, #4235, .T. ) ;
#3369 = CARTESIAN_POINT ( 'NONE',  ( 1.732050807568848800, 1.000000000000050000, -17.61666666666662500 ) ) ;
#3370 = EDGE_LOOP ( 'NONE', ( #1602, #5678, #4684, #4975 ) ) ;
#3371 = CARTESIAN_POINT ( 'NONE',  ( -2.000000000000000000, 2.449293598294706400E-016, -22.00000000000000000 ) ) ;
#3372 = VERTEX_POINT ( 'NONE', #2581 ) ;
#3373 = CARTESIAN_POINT ( 'NONE',  ( 1.732050807568863200, 1.000000000000024400, -12.01666666666663400 ) ) ;
#3374 = DIRECTION ( 'NONE',  ( 1.000000000000000000, 0.0000000000000000000, 0.0000000000000000000 ) ) ;
#3375 = CARTESIAN_POINT ( 'NONE',  ( -1.732050807568891800, 0.9999999999999742400, -19.57083333333328000 ) ) ;
#3376 = ORIENTED_EDGE ( 'NONE', *, *, #1320, .F. ) ;
#3377 = CARTESIAN_POINT ( 'NONE',  ( -1.732050807568901800, 0.9999999999999570300, -13.18333333333330000 ) ) ;
#3378 = ORIENTED_EDGE ( 'NONE', *, *, #1813, .T. ) ;
#3379 = CARTESIAN_POINT ( 'NONE',  ( -0.8922005383792279700, -1.545336663013180200, -1.545833333333327600 ) ) ;
#3380 = CARTESIAN_POINT ( 'NONE',  ( 7.155722613941515500E-014, -1.545336663013167300, -20.29999999999995100 ) ) ;
#3381 =( BOUNDED_CURVE ( )  B_SPLINE_CURVE ( 2, ( #7480, #5671, #2484, #4367, #1219, #4981, #5588, #1808, #1192 ),
 .UNSPECIFIED., .F., .F. ) 
 B_SPLINE_CURVE_WITH_KNOTS ( ( 3, 2, 2, 2, 3 ),
 ( 0.4485294117647060100, 0.4509803921568627500, 0.4558823529411764600, 0.4607843137254901700, 0.4632352941176471900 ),
 .UNSPECIFIED. ) 
 CURVE ( )  GEOMETRIC_REPRESENTATION_ITEM ( )  RATIONAL_B_SPLINE_CURVE ( ( 0.9330127018922194100, 0.9330127018922224100, 1.000000000000000000, 0.8660254037844387100, 1.000000000000000000, 0.8660254037844387100, 1.000000000000000000, 0.9330127018922156300, 0.9330127018922194100 ) ) 
 REPRESENTATION_ITEM ( '' )  );
#3382 = DIRECTION ( 'NONE',  ( 1.000000000000000000, 0.0000000000000000000, 0.0000000000000000000 ) ) ;
#3383 = CARTESIAN_POINT ( 'NONE',  ( -2.793185071074506700E-014, 2.000000000000000000, -7.787499999999978300 ) ) ;
#3384 = AXIS2_PLACEMENT_3D ( 'NONE', #4322, #1802, #2476 ) ;
#3385 = CARTESIAN_POINT ( 'NONE',  ( 1.572178256553036200, 0.8300394547985819900, -0.3382929699333284100 ) ) ;
#3386 = FACE_OUTER_BOUND ( 'NONE', #5820, .T. ) ;
#3387 = DIRECTION ( 'NONE',  ( 0.0000000000000000000, 0.0000000000000000000, 1.000000000000000000 ) ) ;
#3388 = ORIENTED_EDGE ( 'NONE', *, *, #6715, .T. ) ;
#3389 = ORIENTED_EDGE ( 'NONE', *, *, #3053, .F. ) ;
#3390 = CARTESIAN_POINT ( 'NONE',  ( -1.545336663013169100, -7.640441839253419300E-015, -10.76249999999997100 ) ) ;
#3391 = DIRECTION ( 'NONE',  ( -0.0000000000000000000, -0.0000000000000000000, -1.000000000000000000 ) ) ;
#3392 = ORIENTED_EDGE ( 'NONE', *, *, #7801, .F. ) ;
#3393 = CARTESIAN_POINT ( 'NONE',  ( 0.8922005383792283000, 1.545336663013179700, -15.10833333333329500 ) ) ;
#3394 = EDGE_CURVE ( 'NONE', #4467, #4667, #7336, .T. ) ;
#3395 = EDGE_LOOP ( 'NONE', ( #3036, #207, #1460, #3079 ) ) ;
#3396 = CARTESIAN_POINT ( 'NONE',  ( 0.0000000000000000000, 0.0000000000000000000, 0.0000000000000000000 ) ) ;
#3397 = CARTESIAN_POINT ( 'NONE',  ( 1.545336663013166200, 1.313110156404009800E-014, -18.72499999999995500 ) ) ;
#3398 = CARTESIAN_POINT ( 'NONE',  ( 1.338300807568886300, -0.7726683315065647800, -11.17083333333330400 ) ) ;
#3399 = FACE_OUTER_BOUND ( 'NONE', #736, .T. ) ;
#3400 = ORIENTED_EDGE ( 'NONE', *, *, #6288, .F. ) ;
#3401 = CARTESIAN_POINT ( 'NONE',  ( 0.0000000000000000000, 0.0000000000000000000, -26.00000000000000000 ) ) ;
#3402 = CARTESIAN_POINT ( 'NONE',  ( -2.000000000000000000, 2.614599868946037200E-015, -2.012499999999994400 ) ) ;
#3403 = CARTESIAN_POINT ( 'NONE',  ( 2.000000000000000000, -8.192412922697582800E-015, -6.474999999999985400 ) ) ;
#3404 = CARTESIAN_POINT ( 'NONE',  ( -1.732050807568891800, 0.9999999999999742400, -14.58333333333329500 ) ) ;
#3405 = CARTESIAN_POINT ( 'NONE',  ( 1.732050807568891200, -0.9999999999999753500, -20.62083333333328000 ) ) ;
#3406 = CARTESIAN_POINT ( 'NONE',  ( -1.545336663013165100, 0.4140717108885582600, -16.30626073911692200 ) ) ;
#3407 = LINE ( 'NONE', #6535, #6155 ) ;
#3408 = EDGE_CURVE ( 'NONE', #7119, #7682, #3579, .T. ) ;
#3409 = CARTESIAN_POINT ( 'NONE',  ( -2.158205648456237400E-014, 1.545336663013167300, -0.4374999999999967200 ) ) ;
#3410 = CARTESIAN_POINT ( 'NONE',  ( 0.1259050897799689800, -1.951889680766646200, -0.4604225225517483700 ) ) ;
#3411 = CARTESIAN_POINT ( 'NONE',  ( -2.793185071074506700E-014, 2.000000000000000000, -7.087499999999979000 ) ) ;
#3412 = ORIENTED_EDGE ( 'NONE', *, *, #6239, .F. ) ;
#3413 = CARTESIAN_POINT ( 'NONE',  ( -1.732050807568903000, 0.9999999999999553700, -15.98333333333329300 ) ) ;
#3414 = CARTESIAN_POINT ( 'NONE',  ( 0.9639690648060581500, 1.454661034230383800, -0.3081983979111801400 ) ) ;
#3415 = CARTESIAN_POINT ( 'NONE',  ( 0.8922005383792722700, -1.545336663013154900, -7.029166666666646400 ) ) ;
#3416 =( BOUNDED_CURVE ( )  B_SPLINE_CURVE ( 2, ( #6803, #1736, #2976, #4842, #3027, #5567, #1055, #484, #5467 ),
 .UNSPECIFIED., .F., .F. ) 
 B_SPLINE_CURVE_WITH_KNOTS ( ( 3, 2, 2, 2, 3 ),
 ( 0.9632352941176473000, 0.9656862745098039300, 0.9705882352941176400, 0.9754901960784313500, 0.9779411764705884200 ),
 .UNSPECIFIED. ) 
 CURVE ( )  GEOMETRIC_REPRESENTATION_ITEM ( )  RATIONAL_B_SPLINE_CURVE ( ( 0.9330127018922194100, 0.9330127018922254000, 1.000000000000000000, 0.8660254037844387100, 1.000000000000000000, 0.8660254037844387100, 1.000000000000000000, 0.9330127018922133000, 0.9330127018922194100 ) ) 
 REPRESENTATION_ITEM ( '' )  );
#3417 = EDGE_CURVE ( 'NONE', #1704, #7563, #6763, .T. ) ;
#3418 = CARTESIAN_POINT ( 'NONE',  ( 0.0000000000000000000, 0.0000000000000000000, -22.00000000000000000 ) ) ;
#3419 = CARTESIAN_POINT ( 'NONE',  ( -1.154700538379297900, 1.999999999999973100, -16.82916666666662000 ) ) ;
#3420 = CARTESIAN_POINT ( 'NONE',  ( 1.338300807568860700, 0.7726683315066088500, -9.654166666666640100 ) ) ;
#3421 = PERSON_AND_ORGANIZATION ( #8118, #275 ) ;
#3422 = CARTESIAN_POINT ( 'NONE',  ( -0.8922005383792279700, -1.545336663013180200, -17.55833333333329100 ) ) ;
#3423 = CARTESIAN_POINT ( 'NONE',  ( 1.545336663013167300, 1.892491597964127500E-016, 0.0000000000000000000 ) ) ;
#3424 = CARTESIAN_POINT ( 'NONE',  ( -1.154700538379169500, -2.000000000000047500, -13.70833333333329800 ) ) ;
#3425 = ORIENTED_EDGE ( 'NONE', *, *, #4958, .T. ) ;
#3426 = CYLINDRICAL_SURFACE ( 'NONE', #612, 2.000000000000000000 ) ;
#3427 = CARTESIAN_POINT ( 'NONE',  ( -0.8922005383792279700, -1.545336663013180200, -15.54583333333329200 ) ) ;
#3428 = CYLINDRICAL_SURFACE ( 'NONE', #2978, 1.545336663013167300 ) ;
#3429 = CARTESIAN_POINT ( 'NONE',  ( 2.000000000000002200, 0.5358983848622637100, -3.643739260883025900 ) ) ;
#3430 = DIRECTION ( 'NONE',  ( -0.0000000000000000000, -0.0000000000000000000, -1.000000000000000000 ) ) ;
#3431 =( BOUNDED_CURVE ( )  B_SPLINE_CURVE ( 2, ( #7961, #6117, #2321, #7452, #1827, #3060, #570, #4969, #3700 ),
 .UNSPECIFIED., .F., .F. ) 
 B_SPLINE_CURVE_WITH_KNOTS ( ( 3, 2, 2, 2, 3 ),
 ( 0.3897058823529412900, 0.3921568627450980300, 0.3970588235294117400, 0.4019607843137255100, 0.4044117647058824700 ),
 .UNSPECIFIED. ) 
 CURVE ( )  GEOMETRIC_REPRESENTATION_ITEM ( )  RATIONAL_B_SPLINE_CURVE ( ( 0.9330127018922194100, 0.9330127018922224100, 1.000000000000000000, 0.8660254037844387100, 1.000000000000000000, 0.8660254037844387100, 1.000000000000000000, 0.9330127018922163000, 0.9330127018922194100 ) ) 
 REPRESENTATION_ITEM ( '' )  );
#3432 = CARTESIAN_POINT ( 'NONE',  ( 3.142492586091867000E-014, -1.545336663013167300, -6.999999999999981300 ) ) ;
#3433 = CARTESIAN_POINT ( 'NONE',  ( -0.8922005383793103500, 1.545336663013132700, -21.37916666666661000 ) ) ;
#3434 = CARTESIAN_POINT ( 'NONE',  ( 2.309401076758502900, 3.239433308545618900E-014, -6.474999999999982800 ) ) ;
#3435 = CARTESIAN_POINT ( 'NONE',  ( -2.793185071074506700E-014, 2.000000000000000000, -20.38749999999994600 ) ) ;
#3436 = CYLINDRICAL_SURFACE ( 'NONE', #5530, 1.545336663013167300 ) ;
#3437 = ADVANCED_FACE ( 'NONE', ( #1509, #1804 ), #4496, .T. ) ;
#3438 = CARTESIAN_POINT ( 'NONE',  ( -0.8922005383792724900, 1.545336663013154900, -1.779166666666660100 ) ) ;
#3439 =( BOUNDED_CURVE ( )  B_SPLINE_CURVE ( 2, ( #6231, #1845, #7413, #7488, #3130, #584, #5008, #534, #3051 ),
 .UNSPECIFIED., .F., .F. ) 
 B_SPLINE_CURVE_WITH_KNOTS ( ( 3, 2, 2, 2, 3 ),
 ( 0.8014705882352942700, 0.8039215686274510100, 0.8088235294117647200, 0.8137254901960784300, 0.8161764705882355000 ),
 .UNSPECIFIED. ) 
 CURVE ( )  GEOMETRIC_REPRESENTATION_ITEM ( )  RATIONAL_B_SPLINE_CURVE ( ( 0.9330127018922194100, 0.9330127018922224100, 1.000000000000000000, 0.8660254037844387100, 1.000000000000000000, 0.8660254037844387100, 1.000000000000000000, 0.9330127018922133000, 0.9330127018922194100 ) ) 
 REPRESENTATION_ITEM ( '' )  );
#3440 =( BOUNDED_CURVE ( )  B_SPLINE_CURVE ( 2, ( #694, #2608, #3835, #5216, #2579, #63, #7018, #2020, #4465 ),
 .UNSPECIFIED., .F., .F. ) 
 B_SPLINE_CURVE_WITH_KNOTS ( ( 3, 2, 2, 2, 3 ),
 ( 0.9338235294117649400, 0.9362745098039215700, 0.9411764705882352800, 0.9460784313725489900, 0.9485294117647059500 ),
 .UNSPECIFIED. ) 
 CURVE ( )  GEOMETRIC_REPRESENTATION_ITEM ( )  RATIONAL_B_SPLINE_CURVE ( ( 0.9330127018922194100, 0.9330127018922254000, 1.000000000000000000, 0.8660254037844387100, 1.000000000000000000, 0.8660254037844387100, 1.000000000000000000, 0.9330127018922163000, 0.9330127018922194100 ) ) 
 REPRESENTATION_ITEM ( '' )  );
#3441 = CARTESIAN_POINT ( 'NONE',  ( 1.545336663013165100, -0.4140717108885700300, -6.156260739116947700 ) ) ;
#3442 = DIRECTION ( 'NONE',  ( -0.0000000000000000000, -0.0000000000000000000, -1.000000000000000000 ) ) ;
#3443 = CARTESIAN_POINT ( 'NONE',  ( -2.793185071074506700E-014, 2.000000000000000000, -8.487499999999975800 ) ) ;
#3444 = CARTESIAN_POINT ( 'NONE',  ( 1.999999999999998200, 9.703070624755296100E-015, -19.16249999999995200 ) ) ;
#3445 = CARTESIAN_POINT ( 'NONE',  ( 1.149216175647241900, 1.328559275156344600, -0.3163625215125769300 ) ) ;
#3446 = CARTESIAN_POINT ( 'NONE',  ( 1.545336663013167500, 2.295037662741521500E-015, -4.812499999999987600 ) ) ;
#3447 = CARTESIAN_POINT ( 'NONE',  ( -1.338300807568886700, 0.7726683315065640000, -8.020833333333312600 ) ) ;
#3448 = EDGE_CURVE ( 'NONE', #5389, #5735, #2119, .T. ) ;
#3449 = DIRECTION ( 'NONE',  ( 0.0000000000000000000, 0.0000000000000000000, 1.000000000000000000 ) ) ;
#3450 = ORIENTED_EDGE ( 'NONE', *, *, #2827, .T. ) ;
#3451 = CARTESIAN_POINT ( 'NONE',  ( 0.0000000000000000000, 0.0000000000000000000, 0.0000000000000000000 ) ) ;
#3452 = CARTESIAN_POINT ( 'NONE',  ( 1.338300807568864300, 0.7726683315066025200, -16.56666666666662400 ) ) ;
#3453 = EDGE_LOOP ( 'NONE', ( #1707, #1304, #4785, #564, #3296, #7306, #1260 ) ) ;
#3454 = CARTESIAN_POINT ( 'NONE',  ( 2.000000000000002700, -0.5358983848622207400, -17.00626073911692200 ) ) ;
#3455 = CARTESIAN_POINT ( 'NONE',  ( -1.338300807568886700, 0.7726683315065640000, -15.72083333333329600 ) ) ;
#3456 = EDGE_CURVE ( 'NONE', #7921, #3574, #445, .T. ) ;
#3457 = DIRECTION ( 'NONE',  ( 0.0000000000000000000, 0.0000000000000000000, 1.000000000000000000 ) ) ;
#3458 = CARTESIAN_POINT ( 'NONE',  ( 1.154700538379299900, -1.999999999999971800, -10.09166666666664400 ) ) ;
#3459 = DIRECTION ( 'NONE',  ( -1.000000000000000000, 0.0000000000000000000, 0.0000000000000000000 ) ) ;
#3460 = CARTESIAN_POINT ( 'NONE',  ( -2.309401076758502900, -3.267715314911616300E-014, -7.524999999999980800 ) ) ;
#3461 = AXIS2_PLACEMENT_3D ( 'NONE', #3863, #721, #1432 ) ;
#3462 = CARTESIAN_POINT ( 'NONE',  ( -1.784401076758500100, -2.524860140211269500E-014, 0.5250000000000012400 ) ) ;
#3463 = CARTESIAN_POINT ( 'NONE',  ( -1.999999999999999100, -0.5358983848622667100, -4.081239260883023700 ) ) ;
#3464 = EDGE_LOOP ( 'NONE', ( #132, #4858, #4224, #5221 ) ) ;
#3465 = CARTESIAN_POINT ( 'NONE',  ( -2.158205648456237400E-014, 1.545336663013167300, -1.837499999999993200 ) ) ;
#3466 = DIRECTION ( 'NONE',  ( 0.0000000000000000000, 0.0000000000000000000, 1.000000000000000000 ) ) ;
#3467 = DIRECTION ( 'NONE',  ( 0.0000000000000000000, 0.0000000000000000000, 1.000000000000000000 ) ) ;
#3468 = DIRECTION ( 'NONE',  ( 1.000000000000000000, 0.0000000000000000000, 0.0000000000000000000 ) ) ;
#3469 = CARTESIAN_POINT ( 'NONE',  ( 1.732050807568863200, 1.000000000000024400, -10.00416666666663800 ) ) ;
#3470 = CARTESIAN_POINT ( 'NONE',  ( -1.999999999999998200, 2.051008341639891300E-014, -20.91249999999994800 ) ) ;
#3471 = CARTESIAN_POINT ( 'NONE',  ( 2.000000000000011100, -0.5358983848621893300, -20.59376073911691000 ) ) ;
#3472 = EDGE_CURVE ( 'NONE', #6947, #3851, #905, .T. ) ;
#3473 = CARTESIAN_POINT ( 'NONE',  ( -1.999999999999998200, -1.028409281785441300E-014, -16.62499999999996400 ) ) ;
#3474 = CARTESIAN_POINT ( 'NONE',  ( 2.177130564435878500E-014, -1.545336663013167300, -7.787499999999978300 ) ) ;
#3475 = ORIENTED_EDGE ( 'NONE', *, *, #6924, .T. ) ;
#3476 = AXIS2_PLACEMENT_3D ( 'NONE', #5867, #2590, #2055 ) ;
#3477 = ORIENTED_EDGE ( 'NONE', *, *, #3226, .F. ) ;
#3478 = ADVANCED_FACE ( 'NONE', ( #3982 ), #1618, .T. ) ;
#3479 = CARTESIAN_POINT ( 'NONE',  ( -1.999999999999998200, -2.399621657499362800E-014, -15.31249999999996100 ) ) ;
#3480 = CARTESIAN_POINT ( 'NONE',  ( 1.338300807568864300, 0.7726683315066025200, -14.46666666666662800 ) ) ;
#3481 = CARTESIAN_POINT ( 'NONE',  ( -0.8922005383792127600, -1.545336663013189300, -6.445833333333316000 ) ) ;
#3482 = CARTESIAN_POINT ( 'NONE',  ( 1.545336663013167300, 1.892491597964127500E-016, 0.0000000000000000000 ) ) ;
#3483 = ORIENTED_EDGE ( 'NONE', *, *, #3599, .T. ) ;
#3484 = CARTESIAN_POINT ( 'NONE',  ( -0.8922005383792724900, 1.545336663013154900, -13.67916666666663200 ) ) ;
#3485 = LINE ( 'NONE', #6489, #7680 ) ;
#3486 = CARTESIAN_POINT ( 'NONE',  ( -1.154700538379306500, 1.999999999999968000, -9.129166666666639800 ) ) ;
#3487 = ORIENTED_EDGE ( 'NONE', *, *, #7770, .F. ) ;
#3488 = AXIS2_PLACEMENT_3D ( 'NONE', #8134, #3026, #6229 ) ;
#3489 = CARTESIAN_POINT ( 'NONE',  ( -2.000000000000000000, -3.079417623425332900E-015, -6.124999999999984900 ) ) ;
#3490 = DIRECTION ( 'NONE',  ( 1.000000000000000000, 0.0000000000000000000, 0.0000000000000000000 ) ) ;
#3491 = CARTESIAN_POINT ( 'NONE',  ( -1.154700538379222800, -2.000000000000016400, -7.408333333333312800 ) ) ;
#3492 = CARTESIAN_POINT ( 'NONE',  ( -0.8922005383792279700, -1.545336663013180200, -19.74583333333328000 ) ) ;
#3493 = FACE_OUTER_BOUND ( 'NONE', #3911, .T. ) ;
#3494 = CARTESIAN_POINT ( 'NONE',  ( 0.8922005383792283000, 1.545336663013179700, 0.2916666666666685200 ) ) ;
#3495 = CARTESIAN_POINT ( 'NONE',  ( 1.999999999999998200, -2.963213184805508800E-015, -9.274999999999977300 ) ) ;
#3496 = CYLINDRICAL_SURFACE ( 'NONE', #4356, 2.000000000000000000 ) ;
#3497 = CARTESIAN_POINT ( 'NONE',  ( 0.8922005383792722700, -1.545336663013154900, -4.229166666666654500 ) ) ;
#3498 = DIRECTION ( 'NONE',  ( -0.0000000000000000000, -0.0000000000000000000, -1.000000000000000000 ) ) ;
#3499 = EDGE_CURVE ( 'NONE', #4438, #5724, #5158, .T. ) ;
#3500 = CARTESIAN_POINT ( 'NONE',  ( 0.2357771903914950600, -1.595924783227574000, -25.86387397565810200 ) ) ;
#3501 = CARTESIAN_POINT ( 'NONE',  ( -1.999999999999997300, 0.5358983848622098600, -18.84376073911691000 ) ) ;
#3502 = CYLINDRICAL_SURFACE ( 'NONE', #4031, 2.000000000000000000 ) ;
#3503 = ORIENTED_EDGE ( 'NONE', *, *, #4163, .T. ) ;
#3504 = CARTESIAN_POINT ( 'NONE',  ( -1.338300807568886700, 0.7726683315065640000, -5.920833333333317400 ) ) ;
#3505 = ORIENTED_EDGE ( 'NONE', *, *, #5234, .F. ) ;
#3506 = ORIENTED_EDGE ( 'NONE', *, *, #5551, .T. ) ;
#3507 = CARTESIAN_POINT ( 'NONE',  ( -3.748281204134670600E-014, 1.545336663013167300, -8.049999999999977600 ) ) ;
#3508 = DIRECTION ( 'NONE',  ( 0.0000000000000000000, 0.0000000000000000000, 1.000000000000000000 ) ) ;
#3509 = CYLINDRICAL_SURFACE ( 'NONE', #4481, 1.545336663013167300 ) ;
#3510 = ORIENTED_EDGE ( 'NONE', *, *, #75, .T. ) ;
#3511 = CARTESIAN_POINT ( 'NONE',  ( -2.688103295886192800E-014, 1.545336663013167300, -8.837499999999975500 ) ) ;
#3512 = CARTESIAN_POINT ( 'NONE',  ( -0.8922005383792724900, 1.545336663013154900, -21.29166666666661500 ) ) ;
#3513 = EDGE_CURVE ( 'NONE', #4659, #2825, #1023, .T. ) ;
#3514 = CARTESIAN_POINT ( 'NONE',  ( 1.545336663013166200, 1.045839947578414800E-015, -16.71249999999995600 ) ) ;
#3515 = EDGE_LOOP ( 'NONE', ( #2676, #3664, #2619, #1117 ) ) ;
#3516 = ORIENTED_EDGE ( 'NONE', *, *, #6443, .F. ) ;
#3517 = CARTESIAN_POINT ( 'NONE',  ( 2.177130564435878500E-014, -1.545336663013167300, -15.48749999999996200 ) ) ;
#3518 = LINE ( 'NONE', #7708, #554 ) ;
#3519 = CARTESIAN_POINT ( 'NONE',  ( -1.154700538379185100, -2.000000000000037700, -10.99583333333330200 ) ) ;
#3520 = CARTESIAN_POINT ( 'NONE',  ( -2.385304640211932600E-014, 1.545336663013167300, -3.237499999999989600 ) ) ;
#3521 = CARTESIAN_POINT ( 'NONE',  ( -2.423154472171215100E-014, 1.545336663013167300, -3.937499999999988000 ) ) ;
#3522 = CARTESIAN_POINT ( 'NONE',  ( -1.732050807568862800, -1.000000000000025100, -8.866666666666644000 ) ) ;
#3523 = CARTESIAN_POINT ( 'NONE',  ( -0.8922005383792724900, 1.545336663013154900, 0.4083333333333348800 ) ) ;
#3524 = ORIENTED_EDGE ( 'NONE', *, *, #301, .T. ) ;
#3525 = CARTESIAN_POINT ( 'NONE',  ( 1.338300807568859200, 0.7726683315066114100, -15.25416666666662600 ) ) ;
#3526 = ADVANCED_FACE ( 'NONE', ( #7697 ), #4875, .T. ) ;
#3527 = EDGE_CURVE ( 'NONE', #6911, #7628, #7582, .T. ) ;
#3528 = DATE_AND_TIME ( #752, #7429 ) ;
#3529 = CARTESIAN_POINT ( 'NONE',  ( 2.000000000000000000, 0.0000000000000000000, -22.00000000000000000 ) ) ;
#3530 = DIRECTION ( 'NONE',  ( 0.0000000000000000000, 0.0000000000000000000, 1.000000000000000000 ) ) ;
#3531 = VERTEX_POINT ( 'NONE', #2929 ) ;
#3532 = VECTOR ( 'NONE', #1773, 1000.000000000000200 ) ;
#3533 =( BOUNDED_CURVE ( )  B_SPLINE_CURVE ( 2, ( #5061, #8155, #7513, #3849, #2490, #6902, #1269, #4482, #710 ),
 .UNSPECIFIED., .F., .F. ) 
 B_SPLINE_CURVE_WITH_KNOTS ( ( 3, 2, 2, 2, 3 ),
 ( 0.4779411764705883100, 0.4803921568627451100, 0.4852941176470588200, 0.4901960784313725300, 0.4926470588235294900 ),
 .UNSPECIFIED. ) 
 CURVE ( )  GEOMETRIC_REPRESENTATION_ITEM ( )  RATIONAL_B_SPLINE_CURVE ( ( 0.9330127018922194100, 0.9330127018922216300, 1.000000000000000000, 0.8660254037844387100, 1.000000000000000000, 0.8660254037844387100, 1.000000000000000000, 0.9330127018922170800, 0.9330127018922194100 ) ) 
 REPRESENTATION_ITEM ( '' )  );
#3534 = CARTESIAN_POINT ( 'NONE',  ( -1.154700538379292300, 1.999999999999976700, -9.041666666666644800 ) ) ;
#3535 = CARTESIAN_POINT ( 'NONE',  ( -1.784401076758500100, -2.524860140211269200E-014, -7.962499999999977300 ) ) ;
#3536 = CARTESIAN_POINT ( 'NONE',  ( 1.545336663013168600, 0.4140717108886082200, -15.19373926088300100 ) ) ;
#3537 = EDGE_LOOP ( 'NONE', ( #2206, #1004, #1567, #5482, #5993 ) ) ;
#3538 = CONICAL_SURFACE ( 'NONE', #2551, 3.150000000000003000, 0.7853981633974496100 ) ;
#3539 = CARTESIAN_POINT ( 'NONE',  ( -1.999999999999996200, 0.5358983848622197500, -20.15626073911692000 ) ) ;
#3540 = CARTESIAN_POINT ( 'NONE',  ( -1.338300807568886700, 0.7726683315065640000, -19.83333333333328200 ) ) ;
#3541 = ORIENTED_EDGE ( 'NONE', *, *, #1201, .F. ) ;
#3542 = CARTESIAN_POINT ( 'NONE',  ( -2.000000000000000400, -5.810221930991195400E-017, -1.312499999999995600 ) ) ;
#3543 = CARTESIAN_POINT ( 'NONE',  ( -1.545336663013166400, 5.694017492371369400E-015, -10.06249999999997500 ) ) ;
#3544 = CARTESIAN_POINT ( 'NONE',  ( 1.154700538379280100, -1.999999999999983300, -7.991666666666647600 ) ) ;
#3545 = CARTESIAN_POINT ( 'NONE',  ( 1.784401076758500100, 2.503007529540795900E-014, -1.224999999999994500 ) ) ;
#3546 = CARTESIAN_POINT ( 'NONE',  ( 1.545336663013166200, 1.313110156404009800E-014, -18.81249999999995700 ) ) ;
#3547 = CC_DESIGN_DATE_AND_TIME_ASSIGNMENT ( #6379, #3259, ( #4021 ) ) ;
#3548 = ORIENTED_EDGE ( 'NONE', *, *, #7519, .T. ) ;
#3549 = CARTESIAN_POINT ( 'NONE',  ( 1.154700538379194000, 2.000000000000032900, -8.545833333333309400 ) ) ;
#3550 = CARTESIAN_POINT ( 'NONE',  ( 2.000000000000000400, -3.544235377904629100E-015, -4.374999999999990200 ) ) ;
#3551 = CARTESIAN_POINT ( 'NONE',  ( 0.0000000000000000000, 0.0000000000000000000, 0.0000000000000000000 ) ) ;
#3552 = VERTEX_POINT ( 'NONE', #4212 ) ;
#3553 = CARTESIAN_POINT ( 'NONE',  ( -0.8922005383792279700, -1.545336663013180200, -9.245833333333308700 ) ) ;
#3554 = EDGE_CURVE ( 'NONE', #400, #7682, #5646, .T. ) ;
#3555 = CARTESIAN_POINT ( 'NONE',  ( 1.545336663013166000, -5.810221930991194200E-017, -13.21249999999996700 ) ) ;
#3556 = CARTESIAN_POINT ( 'NONE',  ( 9.065109828491401800E-014, -2.000000000000000000, -17.84999999999995500 ) ) ;
#3557 = CARTESIAN_POINT ( 'NONE',  ( -1.338300807568886700, 0.7726683315065640000, -20.53333333333328200 ) ) ;
#3558 = CARTESIAN_POINT ( 'NONE',  ( -2.000000000000000000, 0.5358983848622294000, -0.5562607391169620600 ) ) ;
#3559 = EDGE_CURVE ( 'NONE', #839, #6243, #3208, .T. ) ;
#3560 = EDGE_LOOP ( 'NONE', ( #1687, #1809, #6534, #7558 ) ) ;
#3561 = DIRECTION ( 'NONE',  ( 1.000000000000000000, 0.0000000000000000000, 0.0000000000000000000 ) ) ;
#3562 = CARTESIAN_POINT ( 'NONE',  ( -1.154700538379210600, -2.000000000000023100, -15.19583333333329200 ) ) ;
#3563 = CARTESIAN_POINT ( 'NONE',  ( -1.732050807568891800, 0.9999999999999742400, -11.78333333333330100 ) ) ;
#3564 = AXIS2_PLACEMENT_3D ( 'NONE', #2033, #4591, #4115 ) ;
#3565 = CARTESIAN_POINT ( 'NONE',  ( -0.8922005383792724900, 1.545336663013154900, -0.9916666666666618100 ) ) ;
#3566 = CARTESIAN_POINT ( 'NONE',  ( 1.999999999999998200, 1.516467923988701500E-014, -15.66249999999995700 ) ) ;
#3567 = CARTESIAN_POINT ( 'NONE',  ( -4.655143390287754900E-014, 2.000000000000000000, -5.599999999999984500 ) ) ;
#3568 = VERTEX_POINT ( 'NONE', #5475 ) ;
#3569 = ORIENTED_EDGE ( 'NONE', *, *, #7163, .T. ) ;
#3570 =( BOUNDED_CURVE ( )  B_SPLINE_CURVE ( 2, ( #260, #5299, #2746, #7775, #1517, #1527, #2731, #3463, #2110 ),
 .UNSPECIFIED., .F., .F. ) 
 B_SPLINE_CURVE_WITH_KNOTS ( ( 3, 2, 2, 2, 3 ),
 ( 0.2132352941176471600, 0.2156862745098039300, 0.2205882352941176400, 0.2254901960784313800, 0.2279411764705883100 ),
 .UNSPECIFIED. ) 
 CURVE ( )  GEOMETRIC_REPRESENTATION_ITEM ( )  RATIONAL_B_SPLINE_CURVE ( ( 0.9330127018922194100, 0.9330127018922220700, 1.000000000000000000, 0.8660254037844387100, 1.000000000000000000, 0.8660254037844387100, 1.000000000000000000, 0.9330127018922170800, 0.9330127018922194100 ) ) 
 REPRESENTATION_ITEM ( '' )  );
#3571 = CARTESIAN_POINT ( 'NONE',  ( 1.545336663013166000, -5.810221930991194200E-017, -13.12499999999996800 ) ) ;
#3572 = CARTESIAN_POINT ( 'NONE',  ( -1.545336663013167300, 0.0000000000000000000, 0.0000000000000000000 ) ) ;
#3573 = CARTESIAN_POINT ( 'NONE',  ( 1.499999999999999600, -0.1524092913367863200, -25.76793959567126900 ) ) ;
#3574 = VERTEX_POINT ( 'NONE', #6789 ) ;
#3575 = DIRECTION ( 'NONE',  ( -1.000000000000000000, 0.0000000000000000000, 0.0000000000000000000 ) ) ;
#3576 = ORIENTED_EDGE ( 'NONE', *, *, #1267, .F. ) ;
#3577 = AXIS2_PLACEMENT_3D ( 'NONE', #3401, #7235, #7871 ) ;
#3578 = CARTESIAN_POINT ( 'NONE',  ( -1.545336663013171500, 0.4140717108885575400, -20.59376073911691300 ) ) ;
#3579 =( BOUNDED_CURVE ( )  B_SPLINE_CURVE ( 2, ( #7076, #1405, #759, #2075, #5105, #696, #6486, #7696, #5833 ),
 .UNSPECIFIED., .F., .F. ) 
 B_SPLINE_CURVE_WITH_KNOTS ( ( 3, 2, 2, 2, 3 ),
 ( 0.8308823529411766300, 0.8333333333333333700, 0.8382352941176470800, 0.8431372549019607900, 0.8455882352941177500 ),
 .UNSPECIFIED. ) 
 CURVE ( )  GEOMETRIC_REPRESENTATION_ITEM ( )  RATIONAL_B_SPLINE_CURVE ( ( 0.9330127018922194100, 0.9330127018922224100, 1.000000000000000000, 0.8660254037844387100, 1.000000000000000000, 0.8660254037844387100, 1.000000000000000000, 0.9330127018922163000, 0.9330127018922194100 ) ) 
 REPRESENTATION_ITEM ( '' )  );
#3580 = LINE ( 'NONE', #5545, #6242 ) ;
#3581 = DIRECTION ( 'NONE',  ( -1.000000000000000000, 0.0000000000000000000, 0.0000000000000000000 ) ) ;
#3582 = CARTESIAN_POINT ( 'NONE',  ( 0.8922005383792722700, -1.545336663013154900, -18.14166666666662300 ) ) ;
#3583 = VERTEX_POINT ( 'NONE', #5499 ) ;
#3584 = CARTESIAN_POINT ( 'NONE',  ( 9.261053316354980600E-014, -2.000000000000000000, -20.03749999999994800 ) ) ;
#3585 = FACE_OUTER_BOUND ( 'NONE', #910, .T. ) ;
#3586 = VERTEX_POINT ( 'NONE', #7982 ) ;
#3587 = CARTESIAN_POINT ( 'NONE',  ( 1.545336663013169100, 0.4140717108885985700, -3.993739260883024700 ) ) ;
#3588 =( BOUNDED_CURVE ( )  B_SPLINE_CURVE ( 2, ( #4404, #3109, #7553, #2525, #7525, #3779, #3806, #87, #6913 ),
 .UNSPECIFIED., .F., .F. ) 
 B_SPLINE_CURVE_WITH_KNOTS ( ( 3, 2, 2, 2, 3 ),
 ( 0.3161764705882353900, 0.3186274509803921400, 0.3235294117647059000, 0.3284313725490196100, 0.3308823529411765700 ),
 .UNSPECIFIED. ) 
 CURVE ( )  GEOMETRIC_REPRESENTATION_ITEM ( )  RATIONAL_B_SPLINE_CURVE ( ( 0.9330127018922194100, 0.9330127018922224100, 1.000000000000000000, 0.8660254037844387100, 1.000000000000000000, 0.8660254037844387100, 1.000000000000000000, 0.9330127018922163000, 0.9330127018922194100 ) ) 
 REPRESENTATION_ITEM ( '' )  );
#3589 = VERTEX_POINT ( 'NONE', #8038 ) ;
#3590 = CARTESIAN_POINT ( 'NONE',  ( -1.999999999999998200, -2.399621657499362800E-014, -15.92499999999996000 ) ) ;
#3591 = CARTESIAN_POINT ( 'NONE',  ( 0.8922005383792127600, 1.545336663013189300, -16.59583333333328900 ) ) ;
#3592 = CARTESIAN_POINT ( 'NONE',  ( 1.732050807568891200, -0.9999999999999753500, -10.73333333333330600 ) ) ;
#3593 = EDGE_LOOP ( 'NONE', ( #2595, #3939, #2133, #7269 ) ) ;
#3594 = CARTESIAN_POINT ( 'NONE',  ( 1.784401076758500100, 2.503007529540795900E-014, -3.324999999999989500 ) ) ;
#3595 = VECTOR ( 'NONE', #6158, 1000.000000000000000 ) ;
#3596 = VECTOR ( 'NONE', #6951, 1000.000000000000100 ) ;
#3597 = ORIENTED_EDGE ( 'NONE', *, *, #5495, .T. ) ;
#3598 = CARTESIAN_POINT ( 'NONE',  ( 0.8922005383792189800, 1.545336663013185100, -4.608333333333319200 ) ) ;
#3599 = EDGE_CURVE ( 'NONE', #2395, #1782, #5912, .T. ) ;
#3601 = CARTESIAN_POINT ( 'NONE',  ( 0.0000000000000000000, 0.0000000000000000000, 0.0000000000000000000 ) ) ;
#3600 =( BOUNDED_CURVE ( )  B_SPLINE_CURVE ( 2, ( #6770, #6838, #1158, #4924, #3083, #1133, #6238, #3670, #1206 ),
 .UNSPECIFIED., .F., .F. ) 
 B_SPLINE_CURVE_WITH_KNOTS ( ( 3, 2, 2, 2, 3 ),
 ( 0.3750000000000001100, 0.3774509803921568500, 0.3823529411764705600, 0.3872549019607843300, 0.3897058823529412900 ),
 .UNSPECIFIED. ) 
 CURVE ( )  GEOMETRIC_REPRESENTATION_ITEM ( )  RATIONAL_B_SPLINE_CURVE ( ( 0.9330127018922194100, 0.9330127018922224100, 1.000000000000000000, 0.8660254037844387100, 1.000000000000000000, 0.8660254037844387100, 1.000000000000000000, 0.9330127018922163000, 0.9330127018922194100 ) ) 
 REPRESENTATION_ITEM ( '' )  );
#3602 = CARTESIAN_POINT ( 'NONE',  ( 0.0000000000000000000, 0.0000000000000000000, -22.00000000000000000 ) ) ;
#3603 = CARTESIAN_POINT ( 'NONE',  ( 0.0000000000000000000, 0.0000000000000000000, -22.00000000000000000 ) ) ;
#3604 = CYLINDRICAL_SURFACE ( 'NONE', #579, 1.545336663013167300 ) ;
#3605 = CARTESIAN_POINT ( 'NONE',  ( -1.732050807568891800, 0.9999999999999742400, -11.17083333333330400 ) ) ;
#3606 = CARTESIAN_POINT ( 'NONE',  ( -0.8922005383793206700, 1.545336663013126700, -20.67916666666661700 ) ) ;
#3607 = CARTESIAN_POINT ( 'NONE',  ( -1.999999999999992200, -0.5358983848622815800, -14.58123926088299900 ) ) ;
#3608 = VERTEX_POINT ( 'NONE', #1742 ) ;
#3609 = CARTESIAN_POINT ( 'NONE',  ( 0.0000000000000000000, 0.0000000000000000000, -22.00000000000000000 ) ) ;
#3610 = CARTESIAN_POINT ( 'NONE',  ( -2.158205648456237700E-014, 1.545336663013167300, -18.54999999999995100 ) ) ;
#3611 = EDGE_CURVE ( 'NONE', #7302, #4438, #4419, .T. ) ;
#3612 = ORIENTED_EDGE ( 'NONE', *, *, #3959, .F. ) ;
#3613 = CARTESIAN_POINT ( 'NONE',  ( 1.338300807568862300, 0.7726683315066063000, -3.966666666666654800 ) ) ;
#3614 = CARTESIAN_POINT ( 'NONE',  ( 2.000000000000000000, 2.963213184805508800E-015, -5.074999999999986900 ) ) ;
#3615 = CYLINDRICAL_SURFACE ( 'NONE', #950, 1.545336663013167300 ) ;
#3616 = CARTESIAN_POINT ( 'NONE',  ( -2.461004304130497500E-014, 1.545336663013167300, -4.637499999999986000 ) ) ;
#3617 = DIRECTION ( 'NONE',  ( -0.0000000000000000000, -0.0000000000000000000, -1.000000000000000000 ) ) ;
#3618 = CARTESIAN_POINT ( 'NONE',  ( 1.732050807568891200, -0.9999999999999753500, -10.03333333333330700 ) ) ;
#3619 = CARTESIAN_POINT ( 'NONE',  ( 0.0000000000000000000, 0.0000000000000000000, 0.0000000000000000000 ) ) ;
#3620 = CARTESIAN_POINT ( 'NONE',  ( 2.177130564435878800E-014, -1.545336663013167300, -6.299999999999982900 ) ) ;
#3621 = ORIENTED_EDGE ( 'NONE', *, *, #5726, .F. ) ;
#3622 = VECTOR ( 'NONE', #1911, 1000.000000000000000 ) ;
#3623 = EDGE_CURVE ( 'NONE', #7549, #2507, #6444, .T. ) ;
#3624 = FACE_OUTER_BOUND ( 'NONE', #7615, .T. ) ;
#3625 = CARTESIAN_POINT ( 'NONE',  ( -1.545336663013167500, -1.655913250332490200E-015, -4.374999999999989300 ) ) ;
#3626 = CARTESIAN_POINT ( 'NONE',  ( 2.817678007057453100E-014, -2.000000000000000000, 0.3500000000000009800 ) ) ;
#3627 = CARTESIAN_POINT ( 'NONE',  ( -1.154700538379222800, -2.000000000000016400, -18.60833333333328500 ) ) ;
#3628 = DIRECTION ( 'NONE',  ( -0.0000000000000000000, -0.0000000000000000000, -1.000000000000000000 ) ) ;
#3629 = CARTESIAN_POINT ( 'NONE',  ( -1.545336663013165100, -0.4140717108886108900, -11.43123926088300700 ) ) ;
#3630 = CONICAL_SURFACE ( 'NONE', #1336, 1.732050807568877400, 0.7853981633974500600 ) ;
#3631 = CARTESIAN_POINT ( 'NONE',  ( -1.999999999999999600, -8.134310703387671400E-016, -0.5249999999999985800 ) ) ;
#3632 = CARTESIAN_POINT ( 'NONE',  ( -2.793185071074506700E-014, 2.000000000000000000, -9.887499999999972600 ) ) ;
#3633 = CARTESIAN_POINT ( 'NONE',  ( -1.338300807568890700, 0.7726683315065571200, -19.22083333333328500 ) ) ;
#3634 = DIRECTION ( 'NONE',  ( 0.0000000000000000000, 0.0000000000000000000, 1.000000000000000000 ) ) ;
#3635 = CARTESIAN_POINT ( 'NONE',  ( -1.999999999999998200, -9.354457308895821800E-015, -18.02499999999995600 ) ) ;
#3636 = CARTESIAN_POINT ( 'NONE',  ( 1.338300807568886300, -0.7726683315065647800, -22.28333333333327800 ) ) ;
#3637 = ORIENTED_EDGE ( 'NONE', *, *, #4786, .T. ) ;
#3638 = ORIENTED_EDGE ( 'NONE', *, *, #3021, .T. ) ;
#3639 = CARTESIAN_POINT ( 'NONE',  ( -2.423154472171215100E-014, 1.545336663013167300, -3.849999999999988100 ) ) ;
#3640 = ADVANCED_FACE ( 'NONE', ( #8094 ), #6070, .T. ) ;
#3641 = CARTESIAN_POINT ( 'NONE',  ( 1.545336663013172000, 1.199810828749681400E-014, -15.22499999999996200 ) ) ;
#3642 = CARTESIAN_POINT ( 'NONE',  ( -1.154700538379329400, 1.999999999999954900, -21.64166666666661200 ) ) ;
#3643 = CARTESIAN_POINT ( 'NONE',  ( 1.784401076758500100, 2.503007529540795900E-014, -4.024999999999987900 ) ) ;
#3644 = CARTESIAN_POINT ( 'NONE',  ( 1.784401076758500100, 2.503007529540795600E-014, -20.21249999999994500 ) ) ;
#3645 = CARTESIAN_POINT ( 'NONE',  ( 2.309401076758502900, 3.239433308545618900E-014, -16.97499999999995900 ) ) ;
#3646 = ORIENTED_EDGE ( 'NONE', *, *, #6472, .F. ) ;
#3647 = DIRECTION ( 'NONE',  ( -0.0000000000000000000, -0.0000000000000000000, -1.000000000000000000 ) ) ;
#3648 = CARTESIAN_POINT ( 'NONE',  ( -2.309401076758502900, -3.267715314911616300E-014, -9.012499999999974400 ) ) ;
#3649 = ORIENTED_EDGE ( 'NONE', *, *, #1222, .F. ) ;
#3650 = EDGE_CURVE ( 'NONE', #2109, #7599, #28, .T. ) ;
#3651 = CARTESIAN_POINT ( 'NONE',  ( -2.000000000000004400, 0.5358983848622147500, -15.25626073911692500 ) ) ;
#3652 = CARTESIAN_POINT ( 'NONE',  ( -2.309401076758502900, -3.267715314911616300E-014, 0.7875000000000012000 ) ) ;
#3653 = DIRECTION ( 'NONE',  ( 0.0000000000000000000, 0.0000000000000000000, 1.000000000000000000 ) ) ;
#3654 = ORIENTED_EDGE ( 'NONE', *, *, #2423, .T. ) ;
#3655 = CARTESIAN_POINT ( 'NONE',  ( -2.000000000000000000, -0.5358983848622732600, -9.681239260883009100 ) ) ;
#3656 =( BOUNDED_CURVE ( )  B_SPLINE_CURVE ( 2, ( #6373, #3188, #5148, #6985, #4515, #1365, #5825, #3857, #2042 ),
 .UNSPECIFIED., .F., .T. ) 
 B_SPLINE_CURVE_WITH_KNOTS ( ( 3, 2, 2, 2, 3 ),
 ( 0.8161764705882355000, 0.8186274509803921400, 0.8235294117647058400, 0.8284313725490196600, 0.8308823529411766300 ),
 .UNSPECIFIED. ) 
 CURVE ( )  GEOMETRIC_REPRESENTATION_ITEM ( )  RATIONAL_B_SPLINE_CURVE ( ( 0.9330127018922194100, 0.9330127018922254000, 1.000000000000000000, 0.8660254037844387100, 1.000000000000000000, 0.8660254037844387100, 1.000000000000000000, 0.9330127018922163000, 0.9330127018922194100 ) ) 
 REPRESENTATION_ITEM ( '' )  );
#3657 = VERTEX_POINT ( 'NONE', #7841 ) ;
#3658 = CARTESIAN_POINT ( 'NONE',  ( 1.999999999999998200, 1.016788837923459000E-014, -10.06249999999997500 ) ) ;
#3659 = EDGE_CURVE ( 'NONE', #6866, #5950, #587, .T. ) ;
#3660 = CARTESIAN_POINT ( 'NONE',  ( 2.000000000000005800, 1.760497245090331600E-014, -18.37499999999995700 ) ) ;
#3661 = CARTESIAN_POINT ( 'NONE',  ( -0.8922005383792186400, -1.545336663013185100, -15.45833333333329300 ) ) ;
#3662 = CARTESIAN_POINT ( 'NONE',  ( 2.877543762376889000E-014, -1.545336663013167300, -2.187499999999992500 ) ) ;
#3663 = CARTESIAN_POINT ( 'NONE',  ( 1.338300807568886300, -0.7726683315065647800, -5.483333333333317400 ) ) ;
#3664 = ORIENTED_EDGE ( 'NONE', *, *, #4030, .F. ) ;
#3665 = CARTESIAN_POINT ( 'NONE',  ( 4.505469150014604600E-014, -1.545336663013167300, -11.98749999999996900 ) ) ;
#3666 = CARTESIAN_POINT ( 'NONE',  ( -0.8922005383792724900, 1.545336663013154900, -19.97916666666661800 ) ) ;
#3667 = ORIENTED_EDGE ( 'NONE', *, *, #3765, .T. ) ;
#3668 = CARTESIAN_POINT ( 'NONE',  ( 1.732050807568891200, -0.9999999999999753500, -16.33333333333329300 ) ) ;
#3669 =( BOUNDED_CURVE ( )  B_SPLINE_CURVE ( 2, ( #1587, #7860, #2856, #4162, #5433, #4114, #1643, #6015, #7247 ),
 .UNSPECIFIED., .F., .T. ) 
 B_SPLINE_CURVE_WITH_KNOTS ( ( 3, 2, 2, 2, 3 ),
 ( 0.8750000000000002200, 0.8774509803921568500, 0.8823529411764705600, 0.8872549019607842700, 0.8897058823529413500 ),
 .UNSPECIFIED. ) 
 CURVE ( )  GEOMETRIC_REPRESENTATION_ITEM ( )  RATIONAL_B_SPLINE_CURVE ( ( 0.9330127018922194100, 0.9330127018922254000, 1.000000000000000000, 0.8660254037844387100, 1.000000000000000000, 0.8660254037844387100, 1.000000000000000000, 0.9330127018922147500, 0.9330127018922193000 ) ) 
 REPRESENTATION_ITEM ( '' )  );
#3670 = CARTESIAN_POINT ( 'NONE',  ( 2.000000000000003600, 0.5358983848622715900, -8.543739260883016900 ) ) ;
#3671 = CARTESIAN_POINT ( 'NONE',  ( 1.545336663013167500, 2.295037662741521500E-015, -4.812499999999987600 ) ) ;
#3672 = LINE ( 'NONE', #4306, #4087 ) ;
#3673 = CARTESIAN_POINT ( 'NONE',  ( 1.154700538379280100, -1.999999999999983300, -15.07916666666662800 ) ) ;
#3674 = LINE ( 'NONE', #410, #2001 ) ;
#3675 = ADVANCED_FACE ( 'NONE', ( #236 ), #5461, .T. ) ;
#3676 = FACE_OUTER_BOUND ( 'NONE', #2021, .T. ) ;
#3677 = EDGE_LOOP ( 'NONE', ( #3838, #7887, #1408, #3646 ) ) ;
#3678 = CARTESIAN_POINT ( 'NONE',  ( 1.338300807568861400, 0.7726683315066076300, -6.766666666666647100 ) ) ;
#3679 = CARTESIAN_POINT ( 'NONE',  ( 0.0000000000000000000, 0.0000000000000000000, 0.0000000000000000000 ) ) ;
#3680 = DIRECTION ( 'NONE',  ( -0.0000000000000000000, -0.0000000000000000000, -1.000000000000000000 ) ) ;
#3681 = ORIENTED_EDGE ( 'NONE', *, *, #6205, .T. ) ;
#3682 = VERTEX_POINT ( 'NONE', #944 ) ;
#3683 = VECTOR ( 'NONE', #1008, 1000.000000000000000 ) ;
#3684 = CARTESIAN_POINT ( 'NONE',  ( 0.8922005383792172000, 1.545336663013186000, -8.195833333333311500 ) ) ;
#3685 = ORIENTED_EDGE ( 'NONE', *, *, #5307, .F. ) ;
#3686 = DIRECTION ( 'NONE',  ( -0.0000000000000000000, -0.0000000000000000000, -1.000000000000000000 ) ) ;
#3687 = AXIS2_PLACEMENT_3D ( 'NONE', #1672, #7323, #3581 ) ;
#3688 = CARTESIAN_POINT ( 'NONE',  ( -1.545336663013166200, -0.4140717108886011700, -5.743739260883020700 ) ) ;
#3689 = CARTESIAN_POINT ( 'NONE',  ( -1.545336663013166000, -1.853460795986191000E-014, -15.66249999999996400 ) ) ;
#3690 = CARTESIAN_POINT ( 'NONE',  ( -0.8922005383792279700, -1.545336663013180200, -4.958333333333317900 ) ) ;
#3691 = ORIENTED_EDGE ( 'NONE', *, *, #1080, .T. ) ;
#3692 = ORIENTED_EDGE ( 'NONE', *, *, #4250, .T. ) ;
#3693 = CARTESIAN_POINT ( 'NONE',  ( -0.2370386979262554500, -1.595196451512795200, -25.87480464285494000 ) ) ;
#3694 = CARTESIAN_POINT ( 'NONE',  ( 1.338300807568886300, -0.7726683315065647800, -20.27083333333327900 ) ) ;
#3695 = LINE ( 'NONE', #737, #4484 ) ;
#3696 = CARTESIAN_POINT ( 'NONE',  ( 2.817678007057453100E-014, -2.000000000000000000, -17.84999999999995500 ) ) ;
#3697 = CARTESIAN_POINT ( 'NONE',  ( -2.000000000000000400, -5.810221930991195400E-017, -1.312499999999995600 ) ) ;
#3698 = EDGE_CURVE ( 'NONE', #321, #1220, #7035, .T. ) ;
#3699 = CARTESIAN_POINT ( 'NONE',  ( 1.545336663013165700, -0.4140717108885697000, -2.743760739116956500 ) ) ;
#3700 = CARTESIAN_POINT ( 'NONE',  ( -1.999999999999998200, -3.892848693764099900E-015, -8.312499999999980500 ) ) ;
#3701 = ORIENTED_EDGE ( 'NONE', *, *, #3659, .F. ) ;
#3702 = DIRECTION ( 'NONE',  ( 0.0000000000000000000, 0.0000000000000000000, -1.000000000000000000 ) ) ;
#3703 = CARTESIAN_POINT ( 'NONE',  ( 1.154700538379223000, 2.000000000000016000, -14.14583333333329700 ) ) ;
#3704 = PERSON_AND_ORGANIZATION ( #8118, #275 ) ;
#3705 = PRODUCT ( '91292A806_18-8 Stainless Steel Socket Head Screw', '91292A806_18-8 Stainless Steel Socket Head Screw', '', ( #1377 ) ) ;
#3706 = CARTESIAN_POINT ( 'NONE',  ( 2.000000000000000000, 0.0000000000000000000, -22.00000000000000000 ) ) ;
#3707 = ORIENTED_EDGE ( 'NONE', *, *, #1040, .T. ) ;
#3708 = CYLINDRICAL_SURFACE ( 'NONE', #78, 1.545336663013167300 ) ;
#3709 = CARTESIAN_POINT ( 'NONE',  ( -1.154700538379222800, -2.000000000000016400, 0.9041666666666674500 ) ) ;
#3710 = CARTESIAN_POINT ( 'NONE',  ( 1.999999999999998200, -3.892848693764099900E-015, -7.262499999999981500 ) ) ;
#3711 = EDGE_CURVE ( 'NONE', #4423, #2381, #6447, .T. ) ;
#3712 = AXIS2_PLACEMENT_3D ( 'NONE', #6627, #1678, #7304 ) ;
#3713 = EDGE_LOOP ( 'NONE', ( #6918, #2376, #2441, #5362 ) ) ;
#3714 = CARTESIAN_POINT ( 'NONE',  ( 1.545336663013166600, 0.4140717108886033900, -7.581239260883015700 ) ) ;
#3716 = CARTESIAN_POINT ( 'NONE',  ( 1.338300807568887100, -0.7726683315065635500, -0.5833333333333296000 ) ) ;
#3715 = LINE ( 'NONE', #7044, #1148 ) ;
#3717 = CARTESIAN_POINT ( 'NONE',  ( -2.158205648456237400E-014, 1.545336663013167300, 0.2625000000000015700 ) ) ;
#3718 = ADVANCED_FACE ( 'NONE', ( #538 ), #4186, .T. ) ;
#3719 = CARTESIAN_POINT ( 'NONE',  ( 1.999999999999994000, -0.3301895184169187400, -21.98176105524093100 ) ) ;
#3720 = CARTESIAN_POINT ( 'NONE',  ( 1.338300807568886300, -0.7726683315065647800, -10.38333333333330400 ) ) ;
#3721 = CARTESIAN_POINT ( 'NONE',  ( -1.999999999999997300, 0.5358983848622098600, -19.45626073911691700 ) ) ;
#3722 = EDGE_CURVE ( 'NONE', #2667, #7929, #4789, .T. ) ;
#3723 = ORIENTED_EDGE ( 'NONE', *, *, #3711, .T. ) ;
#3724 = CARTESIAN_POINT ( 'NONE',  ( -2.309401076758502900, -3.267715314911616300E-014, -0.5249999999999968000 ) ) ;
#3725 = CARTESIAN_POINT ( 'NONE',  ( -2.309401076758502900, -3.267715314911616300E-014, -17.32499999999995700 ) ) ;
#3726 = AXIS2_PLACEMENT_3D ( 'NONE', #469, #5404, #8041 ) ;
#3727 = CARTESIAN_POINT ( 'NONE',  ( 1.732050807568850800, 1.000000000000046200, -12.01666666666663600 ) ) ;
#3728 =( BOUNDED_CURVE ( )  B_SPLINE_CURVE ( 2, ( #1016, #3578, #7274, #3606, #403, #2958, #7942, #4167, #6720 ),
 .UNSPECIFIED., .F., .F. ) 
 B_SPLINE_CURVE_WITH_KNOTS ( ( 3, 2, 2, 2, 3 ),
 ( 0.9044117647058824700, 0.9068627450980392100, 0.9117647058823529200, 0.9166666666666666300, 0.9191176470588235900 ),
 .UNSPECIFIED. ) 
 CURVE ( )  GEOMETRIC_REPRESENTATION_ITEM ( )  RATIONAL_B_SPLINE_CURVE ( ( 0.9330127018922194100, 0.9330127018922224100, 1.000000000000000000, 0.8660254037844387100, 1.000000000000000000, 0.8660254037844387100, 1.000000000000000000, 0.9330127018922163000, 0.9330127018922194100 ) ) 
 REPRESENTATION_ITEM ( '' )  );
#3729 = DIRECTION ( 'NONE',  ( 1.000000000000000000, 0.0000000000000000000, 0.0000000000000000000 ) ) ;
#3730 = CARTESIAN_POINT ( 'NONE',  ( 1.732050807568863200, 1.000000000000024400, -12.10416666666663400 ) ) ;
#3731 = ORIENTED_EDGE ( 'NONE', *, *, #7278, .F. ) ;
#3732 = DIRECTION ( 'NONE',  ( -0.0000000000000000000, -0.0000000000000000000, -1.000000000000000000 ) ) ;
#3733 = AXIS2_PLACEMENT_3D ( 'NONE', #3679, #5611, #5634 ) ;
#3734 = DIRECTION ( 'NONE',  ( 1.000000000000000000, 0.0000000000000000000, 0.0000000000000000000 ) ) ;
#3735 = CARTESIAN_POINT ( 'NONE',  ( -1.732050807568862800, -1.000000000000025100, -0.5541666666666622600 ) ) ;
#3736 = CARTESIAN_POINT ( 'NONE',  ( -1.154700538379163800, -2.000000000000050200, -21.49583333333328000 ) ) ;
#3737 = ORIENTED_EDGE ( 'NONE', *, *, #1603, .F. ) ;
#3738 = DIRECTION ( 'NONE',  ( 0.0000000000000000000, 0.0000000000000000000, 1.000000000000000000 ) ) ;
#3739 =( BOUNDED_CURVE ( )  B_SPLINE_CURVE ( 2, ( #1152, #1096, #2414, #6828, #3049, #7444, #8031, #5594, #5516 ),
 .UNSPECIFIED., .F., .F. ) 
 B_SPLINE_CURVE_WITH_KNOTS ( ( 3, 2, 2, 2, 3 ),
 ( 0.4632352941176471900, 0.4656862745098039300, 0.4705882352941176400, 0.4754901960784313500, 0.4779411764705883100 ),
 .UNSPECIFIED. ) 
 CURVE ( )  GEOMETRIC_REPRESENTATION_ITEM ( )  RATIONAL_B_SPLINE_CURVE ( ( 0.9330127018922194100, 0.9330127018922231800, 1.000000000000000000, 0.8660254037844387100, 1.000000000000000000, 0.8660254037844387100, 1.000000000000000000, 0.9330127018922170800, 0.9330127018922194100 ) ) 
 REPRESENTATION_ITEM ( '' )  );
#3740 = DIRECTION ( 'NONE',  ( -1.000000000000000000, 0.0000000000000000000, 0.0000000000000000000 ) ) ;
#3741 = CARTESIAN_POINT ( 'NONE',  ( 2.448848549088927900E-016, -1.732050807568877200, -23.75000000000000000 ) ) ;
#3742 = CARTESIAN_POINT ( 'NONE',  ( 2.000000000000000400, -1.743066579297358300E-016, -0.9624999999999964700 ) ) ;
#3743 = CARTESIAN_POINT ( 'NONE',  ( 0.8922005383792861500, -1.545336663013146400, -7.029166666666646400 ) ) ;
#3744 = CARTESIAN_POINT ( 'NONE',  ( 0.8922005383792722700, -1.545336663013154900, -7.641666666666646200 ) ) ;
#3745 = EDGE_CURVE ( 'NONE', #5111, #2304, #2053, .T. ) ;
#3746 = AXIS2_PLACEMENT_3D ( 'NONE', #8090, #4434, #672 ) ;
#3747 = CARTESIAN_POINT ( 'NONE',  ( -1.732050807568862800, -1.000000000000025100, -1.866666666666660000 ) ) ;
#3748 = ORIENTED_EDGE ( 'NONE', *, *, #4938, .T. ) ;
#3749 = CARTESIAN_POINT ( 'NONE',  ( -1.154700538379280800, 1.999999999999983100, -20.24166666666661700 ) ) ;
#3750 = DIRECTION ( 'NONE',  ( -1.000000000000000000, 0.0000000000000000000, 0.0000000000000000000 ) ) ;
#3751 = CARTESIAN_POINT ( 'NONE',  ( -1.545336663013167500, 3.747593145489320200E-015, -3.062499999999992900 ) ) ;
#3752 = CARTESIAN_POINT ( 'NONE',  ( -1.999999999999998200, 2.265986553086565700E-014, -18.72499999999995900 ) ) ;
#3753 = CARTESIAN_POINT ( 'NONE',  ( -1.732050807568862800, -1.000000000000025100, -13.15416666666663100 ) ) ;
#3754 = EDGE_CURVE ( 'NONE', #5899, #2562, #2396, .T. ) ;
#3755 = AXIS2_PLACEMENT_3D ( 'NONE', #5116, #3795, #23 ) ;
#3756 = ORIENTED_EDGE ( 'NONE', *, *, #353, .F. ) ;
#3757 = CARTESIAN_POINT ( 'NONE',  ( 0.0000000000000000000, 0.0000000000000000000, -26.00000000000000000 ) ) ;
#3758 = CARTESIAN_POINT ( 'NONE',  ( -1.545336663013167700, 1.162044386198239100E-016, -1.574999999999996200 ) ) ;
#3759 = CARTESIAN_POINT ( 'NONE',  ( 2.000000000000000000, 0.0000000000000000000, -22.00000000000000000 ) ) ;
#3760 = CARTESIAN_POINT ( 'NONE',  ( -1.732050807568898500, 0.9999999999999629200, -2.770833333333323700 ) ) ;
#3761 = ORIENTED_EDGE ( 'NONE', *, *, #3275, .F. ) ;
#3762 = CARTESIAN_POINT ( 'NONE',  ( 1.545336663013167300, 1.892491597964127500E-016, 0.0000000000000000000 ) ) ;
#3763 = CARTESIAN_POINT ( 'NONE',  ( -1.999999999999996200, 0.5358983848622228500, -10.35626073911693900 ) ) ;
#3764 = LINE ( 'NONE', #7573, #5639 ) ;
#3765 = EDGE_CURVE ( 'NONE', #1644, #1916, #7896, .T. ) ;
#3766 = ORIENTED_EDGE ( 'NONE', *, *, #6100, .T. ) ;
#3767 = CARTESIAN_POINT ( 'NONE',  ( 1.545336663013169100, -0.4140717108885665900, -13.94376073911692700 ) ) ;
#3768 = AXIS2_PLACEMENT_3D ( 'NONE', #7780, #8081, #4774 ) ;
#3769 = CARTESIAN_POINT ( 'NONE',  ( -1.338300807568853200, -0.7726683315066220600, -7.204166666666647100 ) ) ;
#3770 = CARTESIAN_POINT ( 'NONE',  ( -0.8922005383792724900, 1.545336663013154900, -10.09166666666664000 ) ) ;
#3771 = CARTESIAN_POINT ( 'NONE',  ( 1.545336663013165500, -0.4140717108885684800, -9.043760739116940800 ) ) ;
#3772 = LINE ( 'NONE', #7556, #7301 ) ;
#3773 = ORIENTED_EDGE ( 'NONE', *, *, #7053, .T. ) ;
#3774 = CARTESIAN_POINT ( 'NONE',  ( -1.154700538379222800, -2.000000000000016400, 0.2916666666666677400 ) ) ;
#3775 = CARTESIAN_POINT ( 'NONE',  ( 1.338300807568864300, 0.7726683315066025200, -18.05416666666662100 ) ) ;
#3776 = CARTESIAN_POINT ( 'NONE',  ( -2.309401076758502900, -3.267715314911616300E-014, -21.52499999999994500 ) ) ;
#3777 = EDGE_LOOP ( 'NONE', ( #617, #3998, #4790, #642 ) ) ;
#3778 = VERTEX_POINT ( 'NONE', #4303 ) ;
#3779 = CARTESIAN_POINT ( 'NONE',  ( 1.154700538379209700, 2.000000000000023500, -6.445833333333314200 ) ) ;
#3780 = CARTESIAN_POINT ( 'NONE',  ( 3.445291241766126400E-014, -1.545336663013167300, -12.59999999999996600 ) ) ;
#3781 = VERTEX_POINT ( 'NONE', #6778 ) ;
#3782 = DIRECTION ( 'NONE',  ( 0.0000000000000000000, 0.0000000000000000000, 1.000000000000000000 ) ) ;
#3783 = CYLINDRICAL_SURFACE ( 'NONE', #2455, 1.545336663013167300 ) ;
#3784 = VECTOR ( 'NONE', #3791, 1000.000000000000200 ) ;
#3785 = CARTESIAN_POINT ( 'NONE',  ( 1.732050807568891200, -0.9999999999999753500, -12.92083333333330100 ) ) ;
#3786 = EDGE_LOOP ( 'NONE', ( #3450, #3649 ) ) ;
#3787 = DIRECTION ( 'NONE',  ( 0.0000000000000000000, 0.0000000000000000000, 1.000000000000000000 ) ) ;
#3788 = CARTESIAN_POINT ( 'NONE',  ( 1.338300807568892900, -0.7726683315065532300, -17.47083333333328900 ) ) ;
#3789 = CARTESIAN_POINT ( 'NONE',  ( -1.589744517876301700, 0.1688878127332994200, -21.99999999999999300 ) ) ;
#3790 = CARTESIAN_POINT ( 'NONE',  ( 1.154700538379280100, -1.999999999999983300, -1.079166666666661100 ) ) ;
#3791 = DIRECTION ( 'NONE',  ( -0.8191520442889933500, 0.0000000000000000000, -0.5735764363510438300 ) ) ;
#3792 = EDGE_CURVE ( 'NONE', #7232, #1446, #351, .T. ) ;
#3793 = ORIENTED_EDGE ( 'NONE', *, *, #1654, .F. ) ;
#3794 = CARTESIAN_POINT ( 'NONE',  ( 0.0000000000000000000, 0.0000000000000000000, 0.0000000000000000000 ) ) ;
#3795 = DIRECTION ( 'NONE',  ( -0.0000000000000000000, -0.0000000000000000000, 1.000000000000000000 ) ) ;
#3796 = APPROVAL_DATE_TIME ( #4483, #4144 ) ;
#3797 = ADVANCED_FACE ( 'NONE', ( #3585 ), #724, .T. ) ;
#3798 = CARTESIAN_POINT ( 'NONE',  ( 1.545336663013169100, 0.4140717108886060000, -10.99373926088300900 ) ) ;
#3799 = CARTESIAN_POINT ( 'NONE',  ( 1.545336663013170000, 0.4140717108885975100, -6.093739260883021200 ) ) ;
#3800 = CARTESIAN_POINT ( 'NONE',  ( 2.177130564435878800E-014, -1.545336663013167300, -9.099999999999974800 ) ) ;
#3801 = VERTEX_POINT ( 'NONE', #530 ) ;
#3802 = CARTESIAN_POINT ( 'NONE',  ( -1.732050807568891800, 0.9999999999999742400, -1.983333333333326500 ) ) ;
#3803 = CARTESIAN_POINT ( 'NONE',  ( 0.8922005383792722700, -1.545336663013154900, -16.12916666666662700 ) ) ;
#3804 = CARTESIAN_POINT ( 'NONE',  ( 1.732050807568863200, 1.000000000000024400, -20.41666666666661500 ) ) ;
#3805 = FACE_OUTER_BOUND ( 'NONE', #6920, .T. ) ;
#3806 = CARTESIAN_POINT ( 'NONE',  ( 1.732050807568859700, 1.000000000000031300, -6.504166666666647800 ) ) ;
#3807 = EDGE_CURVE ( 'NONE', #2562, #7313, #947, .T. ) ;
#3808 = DIRECTION ( 'NONE',  ( 1.000000000000000000, 0.0000000000000000000, 0.0000000000000000000 ) ) ;
#3809 = ORIENTED_EDGE ( 'NONE', *, *, #7580, .T. ) ;
#3810 = LINE ( 'NONE', #7506, #3622 ) ;
#3811 = CARTESIAN_POINT ( 'NONE',  ( 1.732050807568863200, 1.000000000000024400, -16.30416666666662500 ) ) ;
#3812 = LINE ( 'NONE', #5595, #3116 ) ;
#3813 =( BOUNDED_CURVE ( )  B_SPLINE_CURVE ( 2, ( #7359, #3721, #8109, #8059, #4991, #6137, #6766, #514, #2982 ),
 .UNSPECIFIED., .F., .F. ) 
 B_SPLINE_CURVE_WITH_KNOTS ( ( 3, 2, 2, 2, 3 ),
 ( 0.8455882352941177500, 0.8480392156862744900, 0.8529411764705882000, 0.8578431372549019100, 0.8602941176470589900 ),
 .UNSPECIFIED. ) 
 CURVE ( )  GEOMETRIC_REPRESENTATION_ITEM ( )  RATIONAL_B_SPLINE_CURVE ( ( 0.9330127018922194100, 0.9330127018922224100, 1.000000000000000000, 0.8660254037844387100, 1.000000000000000000, 0.8660254037844387100, 1.000000000000000000, 0.9330127018922147500, 0.9330127018922193000 ) ) 
 REPRESENTATION_ITEM ( '' )  );
#3814 = CARTESIAN_POINT ( 'NONE',  ( -1.338300807568849200, -0.7726683315066286100, -21.11666666666661400 ) ) ;
#3815 = CARTESIAN_POINT ( 'NONE',  ( -2.000000000000000000, 2.449293598294706400E-016, -22.00000000000000000 ) ) ;
#3816 = CARTESIAN_POINT ( 'NONE',  ( 2.817678007057453700E-014, -2.000000000000000000, -2.537499999999990800 ) ) ;
#3817 = CARTESIAN_POINT ( 'NONE',  ( 1.338300807568862500, 0.7726683315066056300, -2.654166666666657900 ) ) ;
#3818 = VECTOR ( 'NONE', #397, 1000.000000000000000 ) ;
#3819 = EDGE_CURVE ( 'NONE', #2910, #4057, #3879, .T. ) ;
#3820 = CARTESIAN_POINT ( 'NONE',  ( 1.338300807568897600, -0.7726683315065453500, -13.88333333333329600 ) ) ;
#3821 =( BOUNDED_CURVE ( )  B_SPLINE_CURVE ( 2, ( #7453, #4242, #3631 ),
 .UNSPECIFIED., .F., .T. ) 
 B_SPLINE_CURVE_WITH_KNOTS ( ( 3, 3 ),
 ( 0.05032428814488141400, 0.05147058823529418500 ),
 .UNSPECIFIED. ) 
 CURVE ( )  GEOMETRIC_REPRESENTATION_ITEM ( )  RATIONAL_B_SPLINE_CURVE ( ( 0.9476651246508562800, 0.9330127018922185200, 0.9330127018922194100 ) ) 
 REPRESENTATION_ITEM ( '' )  );
#3822 = CARTESIAN_POINT ( 'NONE',  ( -1.999999999999997100, -0.5358983848622802500, -11.69373926088301000 ) ) ;
#3823 = CARTESIAN_POINT ( 'NONE',  ( -8.281088284782461800E-014, 2.000000000000000000, -16.18749999999995400 ) ) ;
#3824 = CARTESIAN_POINT ( 'NONE',  ( -1.545336663013172000, 1.644292806470507900E-014, -21.87499999999995400 ) ) ;
#3825 = CARTESIAN_POINT ( 'NONE',  ( 0.0000000000000000000, 0.0000000000000000000, 0.0000000000000000000 ) ) ;
#3826 = CARTESIAN_POINT ( 'NONE',  ( 2.177130564435878800E-014, -1.545336663013167300, -6.999999999999981300 ) ) ;
#3827 = CARTESIAN_POINT ( 'NONE',  ( -1.338300807568895100, 0.7726683315065492300, -15.63333333333329400 ) ) ;
#3828 = DIRECTION ( 'NONE',  ( 1.000000000000000000, 0.0000000000000000000, 0.0000000000000000000 ) ) ;
#3829 = AXIS2_PLACEMENT_3D ( 'NONE', #2182, #3391, #3362 ) ;
#3830 = ORIENTED_EDGE ( 'NONE', *, *, #3394, .F. ) ;
#3831 = CARTESIAN_POINT ( 'NONE',  ( 2.817678007057453100E-014, -2.000000000000000000, -1.749999999999993800 ) ) ;
#3832 = CARTESIAN_POINT ( 'NONE',  ( 0.8922005383792283000, 1.545336663013179700, -17.99583333333328700 ) ) ;
#3833 = CARTESIAN_POINT ( 'NONE',  ( 1.154700538379223000, 2.000000000000016000, -21.75833333333327600 ) ) ;
#3834 = CARTESIAN_POINT ( 'NONE',  ( 1.545336663013166200, -2.295037662741521500E-015, -8.924999999999977600 ) ) ;
#3835 = CARTESIAN_POINT ( 'NONE',  ( -1.338300807568896700, 0.7726683315065466800, -21.23333333333328100 ) ) ;
#3836 = CARTESIAN_POINT ( 'NONE',  ( 2.817678007057453700E-014, -2.000000000000000000, -16.53749999999995500 ) ) ;
#3837 = ADVANCED_FACE ( 'NONE', ( #7221 ), #7010, .T. ) ;
#3838 = ORIENTED_EDGE ( 'NONE', *, *, #5320, .F. ) ;
#3839 =( BOUNDED_CURVE ( )  B_SPLINE_CURVE ( 2, ( #6415, #164, #3330, #2091, #2651, #7062, #3303, #1478, #1422 ),
 .UNSPECIFIED., .F., .F. ) 
 B_SPLINE_CURVE_WITH_KNOTS ( ( 3, 2, 2, 2, 3 ),
 ( 0.8308823529411766300, 0.8333333333333333700, 0.8382352941176470800, 0.8431372549019607900, 0.8455882352941177500 ),
 .UNSPECIFIED. ) 
 CURVE ( )  GEOMETRIC_REPRESENTATION_ITEM ( )  RATIONAL_B_SPLINE_CURVE ( ( 0.9330127018922194100, 0.9330127018922224100, 1.000000000000000000, 0.8660254037844387100, 1.000000000000000000, 0.8660254037844387100, 1.000000000000000000, 0.9330127018922163000, 0.9330127018922194100 ) ) 
 REPRESENTATION_ITEM ( '' )  );
#3840 = CARTESIAN_POINT ( 'NONE',  ( -1.545336663013166200, 1.600716141988073900E-014, -21.17499999999995100 ) ) ;
#3841 = CARTESIAN_POINT ( 'NONE',  ( 0.0000000000000000000, 0.0000000000000000000, 0.0000000000000000000 ) ) ;
#3842 = CARTESIAN_POINT ( 'NONE',  ( 1.338300807568888700, -0.7726683315065606700, -1.283333333333327700 ) ) ;
#3843 = CARTESIAN_POINT ( 'NONE',  ( 1.732050807568863200, 1.000000000000024400, -3.704166666666654600 ) ) ;
#3844 = CARTESIAN_POINT ( 'NONE',  ( -1.338300807568889100, 0.7726683315065598900, -13.62083333333329800 ) ) ;
#3845 = CARTESIAN_POINT ( 'NONE',  ( 2.000000000000002200, 5.171097518582162600E-015, -9.974999999999976600 ) ) ;
#3846 = ORIENTED_EDGE ( 'NONE', *, *, #5715, .F. ) ;
#3847 = CARTESIAN_POINT ( 'NONE',  ( 1.545336663013167300, 1.892491597964127500E-016, 0.0000000000000000000 ) ) ;
#3848 = CIRCLE ( 'NONE', #4120, 1.732050807568877400 ) ;
#3849 = CARTESIAN_POINT ( 'NONE',  ( 1.154700538379315000, -1.999999999999963600, -10.17916666666663900 ) ) ;
#3850 = DIRECTION ( 'NONE',  ( 0.0000000000000000000, 0.0000000000000000000, 1.000000000000000000 ) ) ;
#3851 = VERTEX_POINT ( 'NONE', #1815 ) ;
#3852 = CARTESIAN_POINT ( 'NONE',  ( 1.545336663013167300, 1.892491597964127500E-016, 0.0000000000000000000 ) ) ;
#3853 = CARTESIAN_POINT ( 'NONE',  ( 1.545336663013167300, -6.362193014435357400E-015, -6.124999999999984900 ) ) ;
#3854 = CARTESIAN_POINT ( 'NONE',  ( 1.784401076758500100, 2.503007529540795900E-014, -13.82499999999996600 ) ) ;
#3855 = EDGE_CURVE ( 'NONE', #4667, #6837, #4146, .T. ) ;
#3856 = DIRECTION ( 'NONE',  ( 0.0000000000000000000, 0.0000000000000000000, 1.000000000000000000 ) ) ;
#3857 = CARTESIAN_POINT ( 'NONE',  ( 1.999999999999990000, 0.5358983848622912400, -19.04373926088299000 ) ) ;
#3858 = EDGE_LOOP ( 'NONE', ( #3516, #2016, #5160, #1276 ) ) ;
#3859 = CARTESIAN_POINT ( 'NONE',  ( 2.817678007057453100E-014, -2.000000000000000000, -3.849999999999989000 ) ) ;
#3860 = CARTESIAN_POINT ( 'NONE',  ( -1.338300807568864000, -0.7726683315066029700, -16.30416666666662800 ) ) ;
#3861 = CARTESIAN_POINT ( 'NONE',  ( 1.154700538379223000, 2.000000000000016000, -22.45833333333327900 ) ) ;
#3862 = CARTESIAN_POINT ( 'NONE',  ( 0.8922005383792891400, -1.545336663013144900, -12.54166666666663600 ) ) ;
#3863 = CARTESIAN_POINT ( 'NONE',  ( 0.0000000000000000000, 0.0000000000000000000, 0.0000000000000000000 ) ) ;
#3864 = EDGE_LOOP ( 'NONE', ( #2774, #3707, #2138, #1993 ) ) ;
#3865 = CARTESIAN_POINT ( 'NONE',  ( -2.000000000000000000, 2.449293598294706400E-016, -22.00000000000000000 ) ) ;
#3866 = CARTESIAN_POINT ( 'NONE',  ( -2.000000000000004000, 0.5358983848622166400, -12.45626073911693500 ) ) ;
#3867 = CARTESIAN_POINT ( 'NONE',  ( 1.732050807568891200, -0.9999999999999753500, -16.42083333333328800 ) ) ;
#3868 =( BOUNDED_CURVE ( )  B_SPLINE_CURVE ( 2, ( #4660, #4728, #2840, #1539, #6589, #376, #7835, #342, #6557 ),
 .UNSPECIFIED., .F., .F. ) 
 B_SPLINE_CURVE_WITH_KNOTS ( ( 3, 2, 2, 2, 3 ),
 ( 0.8897058823529413500, 0.8921568627450980900, 0.8970588235294118000, 0.9019607843137255100, 0.9044117647058824700 ),
 .UNSPECIFIED. ) 
 CURVE ( )  GEOMETRIC_REPRESENTATION_ITEM ( )  RATIONAL_B_SPLINE_CURVE ( ( 0.9330127018922193000, 0.9330127018922238500, 1.000000000000000000, 0.8660254037844387100, 1.000000000000000000, 0.8660254037844387100, 1.000000000000000000, 0.9330127018922163000, 0.9330127018922194100 ) ) 
 REPRESENTATION_ITEM ( '' )  );
#3869 = ORIENTED_EDGE ( 'NONE', *, *, #5370, .F. ) ;
#3870 = EDGE_CURVE ( 'NONE', #1354, #6253, #1176, .T. ) ;
#3871 = CARTESIAN_POINT ( 'NONE',  ( -0.8922005383792875900, 1.545336663013145800, -19.89166666666661600 ) ) ;
#3872 = CIRCLE ( 'NONE', #3755, 2.000000000000000000 ) ;
#3873 = CARTESIAN_POINT ( 'NONE',  ( -1.154700538379216600, -2.000000000000020000, -6.795833333333314700 ) ) ;
#3874 = CARTESIAN_POINT ( 'NONE',  ( -1.732050807568848300, -1.000000000000050600, -8.866666666666644000 ) ) ;
#3875 = CARTESIAN_POINT ( 'NONE',  ( 1.732050807568891200, -0.9999999999999753500, -2.420833333333324500 ) ) ;
#3876 = DIRECTION ( 'NONE',  ( 0.0000000000000000000, 0.0000000000000000000, 1.000000000000000000 ) ) ;
#3877 = CARTESIAN_POINT ( 'NONE',  ( 1.732050807568843000, 1.000000000000060000, -13.50416666666663100 ) ) ;
#3878 = CARTESIAN_POINT ( 'NONE',  ( 0.8922005383793117900, -1.545336663013131800, -13.94166666666663100 ) ) ;
#3879 = LINE ( 'NONE', #2413, #1995 ) ;
#3880 = EDGE_CURVE ( 'NONE', #4755, #6460, #4977, .T. ) ;
#3881 = ORIENTED_EDGE ( 'NONE', *, *, #2229, .F. ) ;
#3882 = DIRECTION ( 'NONE',  ( -0.0000000000000000000, -0.0000000000000000000, -1.000000000000000000 ) ) ;
#3883 = ADVANCED_FACE ( 'NONE', ( #3493 ), #1112, .F. ) ;
#3884 = DIRECTION ( 'NONE',  ( -0.0000000000000000000, -0.0000000000000000000, -1.000000000000000000 ) ) ;
#3885 = CARTESIAN_POINT ( 'NONE',  ( -1.545336663013172000, 1.269533491921576000E-014, -14.17499999999996700 ) ) ;
#3886 = ORIENTED_EDGE ( 'NONE', *, *, #824, .F. ) ;
#3887 = DIRECTION ( 'NONE',  ( 1.000000000000000000, 0.0000000000000000000, -0.0000000000000000000 ) ) ;
#3888 = CARTESIAN_POINT ( 'NONE',  ( 1.338300807568864300, 0.7726683315066025200, -12.36666666666663300 ) ) ;
#3889 = EDGE_LOOP ( 'NONE', ( #5182, #3171, #6412, #3155 ) ) ;
#3890 = CARTESIAN_POINT ( 'NONE',  ( -8.085144796918883000E-014, 2.000000000000000000, -13.99999999999996600 ) ) ;
#3891 = CARTESIAN_POINT ( 'NONE',  ( 1.732050807568863200, 1.000000000000024400, -4.316666666666654000 ) ) ;
#3892 = CARTESIAN_POINT ( 'NONE',  ( -2.158205648456237400E-014, 1.545336663013167300, -18.63749999999995300 ) ) ;
#3893 = CARTESIAN_POINT ( 'NONE',  ( 1.338300807568890500, -0.7726683315065578900, -7.583333333333312600 ) ) ;
#3894 = CARTESIAN_POINT ( 'NONE',  ( -1.732050807568843900, -1.000000000000058400, -20.85416666666661100 ) ) ;
#3895 = EDGE_LOOP ( 'NONE', ( #2479, #1960, #2564, #826 ) ) ;
#3896 = CARTESIAN_POINT ( 'NONE',  ( 1.999999999999998200, 1.377022597644913000E-014, -12.77499999999997000 ) ) ;
#3897 = ORIENTED_EDGE ( 'NONE', *, *, #762, .T. ) ;
#3898 = CARTESIAN_POINT ( 'NONE',  ( 2.817678007057453700E-014, -2.000000000000000000, -15.83749999999995600 ) ) ;
#3899 = APPLICATION_CONTEXT ( 'configuration controlled 3d designs of mechanical parts and assemblies' ) ;
#3900 = FACE_OUTER_BOUND ( 'NONE', #5273, .T. ) ;
#3901 = CARTESIAN_POINT ( 'NONE',  ( -0.8922005383792051000, -1.545336663013193300, -20.35833333333328100 ) ) ;
#3902 = CARTESIAN_POINT ( 'NONE',  ( 2.000000000000002200, -1.196905717784185900E-014, -6.562499999999984000 ) ) ;
#3903 = CARTESIAN_POINT ( 'NONE',  ( -0.7000359779659861600, -1.864693793669861100, -0.4855179159796151900 ) ) ;
#3904 = CARTESIAN_POINT ( 'NONE',  ( 1.154700538379223000, 2.000000000000016000, -1.545833333333326500 ) ) ;
#3905 = ORIENTED_EDGE ( 'NONE', *, *, #113, .T. ) ;
#3906 = CARTESIAN_POINT ( 'NONE',  ( 1.545336663013166200, -4.938688641342514700E-016, -13.91249999999996600 ) ) ;
#3907 = CARTESIAN_POINT ( 'NONE',  ( 1.624332817917436600, 0.7345640694459261200, -0.3417318966039658000 ) ) ;
#3908 = CARTESIAN_POINT ( 'NONE',  ( 1.999999999999998200, 9.703070624755296100E-015, -19.77499999999995600 ) ) ;
#3909 = VECTOR ( 'NONE', #7276, 1000.000000000000000 ) ;
#3910 = EDGE_CURVE ( 'NONE', #5114, #6724, #7630, .T. ) ;
#3911 = EDGE_LOOP ( 'NONE', ( #5571, #6445 ) ) ;
#3912 = VECTOR ( 'NONE', #3281, 1000.000000000000000 ) ;
#3913 = CARTESIAN_POINT ( 'NONE',  ( 1.545336663013166000, 7.872850716493068400E-015, -10.41249999999997300 ) ) ;
#3914 = DIRECTION ( 'NONE',  ( 0.0000000000000000000, 0.0000000000000000000, 1.000000000000000000 ) ) ;
#3915 = CARTESIAN_POINT ( 'NONE',  ( 1.732050807568895000, -0.9999999999999692500, -3.033333333333323900 ) ) ;
#3916 = CARTESIAN_POINT ( 'NONE',  ( -1.154700538379311600, 1.999999999999965400, -16.74166666666662500 ) ) ;
#3917 = CARTESIAN_POINT ( 'NONE',  ( 1.338300807568864300, 0.7726683315066025200, -13.06666666666663100 ) ) ;
#3918 = CARTESIAN_POINT ( 'NONE',  ( -1.545336663013168600, 0.4140717108885586500, -14.29376073911693200 ) ) ;
#3919 = VERTEX_POINT ( 'NONE', #7484 ) ;
#3920 = CARTESIAN_POINT ( 'NONE',  ( 1.154700538379223000, 2.000000000000016000, -3.558333333333322900 ) ) ;
#3921 = CARTESIAN_POINT ( 'NONE',  ( -2.158205648456237400E-014, 1.545336663013167300, -12.33749999999996800 ) ) ;
#3922 = VECTOR ( 'NONE', #6508, 1000.000000000000000 ) ;
#3923 = CARTESIAN_POINT ( 'NONE',  ( -1.732050807568894300, 0.9999999999999703600, -1.283333333333328100 ) ) ;
#3924 = CARTESIAN_POINT ( 'NONE',  ( -1.999999999999998200, -7.378981852358816700E-015, -14.61249999999996300 ) ) ;
#3925 = EDGE_CURVE ( 'NONE', #1644, #4448, #3672, .T. ) ;
#3926 = DIRECTION ( 'NONE',  ( -0.0000000000000000000, -0.0000000000000000000, -1.000000000000000000 ) ) ;
#3927 = CARTESIAN_POINT ( 'NONE',  ( 7.888953716800673000E-014, -2.000000000000000000, -20.73749999999994400 ) ) ;
#3928 = CARTESIAN_POINT ( 'NONE',  ( 1.732050807568863200, 1.000000000000024400, -15.51666666666662700 ) ) ;
#3929 = CARTESIAN_POINT ( 'NONE',  ( 2.000000000000000900, 0.5358983848622807000, -21.14373926088298500 ) ) ;
#3930 = CARTESIAN_POINT ( 'NONE',  ( 1.732050807568891200, -0.9999999999999753500, -17.82083333333328700 ) ) ;
#3931 =( NAMED_UNIT ( * ) SI_UNIT ( $, .STERADIAN. ) SOLID_ANGLE_UNIT ( ) );
#3932 = ADVANCED_FACE ( 'NONE', ( #7398 ), #341, .T. ) ;
#3933 = CARTESIAN_POINT ( 'NONE',  ( 1.338300807568855200, 0.7726683315066181800, -8.866666666666644000 ) ) ;
#3934 = CARTESIAN_POINT ( 'NONE',  ( -2.309401076758502900, -3.267715314911616300E-014, -7.612499999999978500 ) ) ;
#3935 = CARTESIAN_POINT ( 'NONE',  ( -0.8922005383792110900, -1.545336663013189700, -9.158333333333311900 ) ) ;
#3936 = DIRECTION ( 'NONE',  ( -0.0000000000000000000, -0.0000000000000000000, -1.000000000000000000 ) ) ;
#3937 = EDGE_CURVE ( 'NONE', #7944, #6641, #6201, .T. ) ;
#3938 = CARTESIAN_POINT ( 'NONE',  ( 5.035366797444559900E-014, -1.545336663013167300, -21.78749999999994500 ) ) ;
#3939 = ORIENTED_EDGE ( 'NONE', *, *, #2927, .T. ) ;
#3940 = CARTESIAN_POINT ( 'NONE',  ( -2.000000000000000000, 0.5358983848622263000, -4.056260739116953400 ) ) ;
#3941 = VERTEX_POINT ( 'NONE', #6333 ) ;
#3942 = CARTESIAN_POINT ( 'NONE',  ( -3.596881876297540200E-014, 1.545336663013167300, -5.337499999999984400 ) ) ;
#3943 = CARTESIAN_POINT ( 'NONE',  ( 1.154700538379202800, 2.000000000000028400, -16.85833333333329200 ) ) ;
#3944 = CARTESIAN_POINT ( 'NONE',  ( -1.784401076758500100, -2.524860140211269500E-014, -10.67499999999997200 ) ) ;
#3945 = CARTESIAN_POINT ( 'NONE',  ( 1.545336663013167300, 1.892491597964127500E-016, 0.0000000000000000000 ) ) ;
#3946 = CARTESIAN_POINT ( 'NONE',  ( -1.545336663013166200, -7.901901826148023500E-015, -16.36249999999996200 ) ) ;
#3947 = CARTESIAN_POINT ( 'NONE',  ( -0.8922005383792279700, -1.545336663013180200, -12.74583333333330000 ) ) ;
#3948 = CARTESIAN_POINT ( 'NONE',  ( 7.693010228937096800E-014, -2.000000000000000000, -17.93749999999995000 ) ) ;
#3949 = CARTESIAN_POINT ( 'NONE',  ( 0.0000000000000000000, 0.0000000000000000000, 0.0000000000000000000 ) ) ;
#3950 = CARTESIAN_POINT ( 'NONE',  ( -1.545336663013167100, 0.4140717108885699200, -3.006260739116955300 ) ) ;
#3951 =( BOUNDED_SURFACE ( )  B_SPLINE_SURFACE ( 1, 2, ( 
 ( #803, #5852, #3973, #836, #5237, #7748, #5883, #4009, #227, #2186, #4064, #6932, #3717, #5969, #2739, #7162, #2113, #7825, #1441, #4046, #2143, #3351, #6605, #4075, #3409, #929, #3989, #2828, #6518, #2197, #7214, #274, #1529, #302, #208, #7731, #5863, #7189, #4618, #6491, #5983, #1467, #5281, #3379, #5954, #5253, #2732, #3438, #3465, #6543, #7855, #5895, #5342, #4108, #846, #2763, #7790, #7135, #328, #7761, #2173, #4714, #2079, #4019, #4744, #6577, #5222, #2701, #7103, #5926, #4682, #240, #1497, #4645, #900, #1558, #873, #5313, #2793, #4771, #4142, #364, #5371, #1614, #6035, #1582, #2227, #986, #5401, #3497, #6012, #7881, #2852, #2256, #6664, #2878, #959, #6636, #7243, #880, #4693, #338, #1507, #969, #5933, #7886, #5378, #5351, #4779, #5321, #1566, #1621, #2235, #2858, #7251, #6615, #7195, #2177, #3504, #2772, #4725, #6044, #4148, #4056, #311, #6645, #373, #4084, #1589, #940, #4117, #7169, #6017, #6588, #2802, #5990, #7862, #3415, #992, #2838, #4752, #7224, #5962, #5410, #5288, #2261, #2205, #7799, #6672, #2883, #3474, #7273, #283, #3535, #3447, #7911, #4165, #402, #2153, #6554, #909, #1537, #7834, #1042, #5436, #1012, #1668, #6072, #7294, #6699, #421, #2279, #2911, #5454, #6099, #3553, #2301, #7941, #6717, #4804, #4189, #4830, #1647, #7092, #890, #3309, #2134, #142, #5853, #4668, #4636, #5304, #1519, #5943, #3974, #2098, #5827, #3337, #2164, #6507, #7152, #2687, #804, #3367, #7749, #1457, #5238, #4543, #3398, #7777, #2045, #7687, #7123, #228, #201, #6455, #4606, #5213, #7724, #4037, #2750, #866, #778, #2660, #2721, #3278, #7069, #4010, #3921, #5270, #5185, #6532, #1485, #837, #264, #3947, #5884, #6566, #5914, #2783, #7663, #1397, #1430, #4571, #173, #2069, #6480, #6025, #348, #918, #7844, #3484, #4129, #4095, #7233, #318, #2214, #4065, #7870, #6595, #2815, #4735, #5999, #290, #4758, #5359, #6624, #1573, #2187, #976, #7178, #2845, #946, #4705, #6650, #5390, #1600, #2245, #5330, #2866, #7205, #7260, #3517, #3427, #7812, #1549, #3455, #5973, #3, #1342, #6312, #638, #111, #3803, #7576, #5709, #3860, #7551, #4429, #5773, #5151, #4460, #4517, #32, #7639, #2015, #2523, #689, #5099, #669, #7043, #1367, #5804, #5069, #6399, #4402, #1929, #750, #718, #6424, #2631, #7522, #59, #6376, #1900, #3832, #3775, #2574, #3248, #6965, #1279, #7608, #85, #5737, #1311, #5040, #3892, #1252, #6939, #6344, #3223, #4490, #1955, #3154, #6987, #2548, #5125, #5681, #7012, #1985, #3190, #2606, #3032, #6768, #2398, #3492, #7419, #7876, #1795, #3666, #7392, #6834, #7361, #3644, #3694, #4313, #4945, #1155, #517, #1107, #4259, #5573, #4765, #6790, #8085, #6211, #6032, #2371, #540, #2420, #6169, #8061, #3010, #6192, #982, #3055, #489, #4901, #8039, #1768, #5395, #7449, #4922, #6809, #1131, #8015, #4331, #7240, #566, #4286, #1610, #4964, #1177, #5548, #5599, #2343, #1823, #5523, #6235 ),
 ( #2442, #1743, #2849, #2984, #4136, #360, #3626, #3774, #7575, #3107, #6964, #1310, #1848, #2, #4401, #6887, #6375, #4459, #688, #7494, #5708, #3724, #1232, #58, #31, #5098, #5736, #7521, #5680, #1203, #6910, #1954, #1899, #2547, #6290, #4380, #6938, #3153, #5039, #637, #8110, #3189, #3831, #5623, #3747, #2522, #3802, #1251, #6264, #6311, #609, #3134, #6861, #6343, #4428, #5648, #3080, #1928, #7550, #2467, #668, #7467, #5068, #4350, #589, #1278, #4993, #8138, #5013, #1872, #2496, #7042, #7662, #3920, #749, #6398, #5772, #3277, #3859, #7638, #1396, #141, #4489, #3247, #4542, #777, #3891, #2630, #110, #5803, #7607, #5183, #1984, #2605, #4516, #1366, #84, #5826, #5150, #2014, #6423, #7011, #2044, #2573, #6453, #2658, #717, #7067, #6986, #3222, #5124, #1341, #7875, #4135, #7927, #981, #6657, #1002, #924, #296, #2790, #4158, #5337, #3434, #2899, #6601, #2223, #324, #2872, #2193, #7210, #389, #4178, #7239, #7283, #2823, #2271, #4819, #1554, #3491, #357, #3460, #1657, #415, #1031, #7850, #5426, #7185, #4740, #3544, #1609, #6687, #2168, #7265, #2848, #5394, #4711, #6631, #5444, #6031, #6060, #1578, #4103, #2249, #3522, #4764, #7902, #7822, #6574, #4071, #5980, #953, #4793, #1635, #5366, #6006, #7977, #1681, #2944, #4254, #8006, #6761, #2315, #5518, #3618, #5493, #4207, #1076, #2291, #1710, #6711, #7357, #6134, #7334, #485, #4843, #3592, #4894, #2338, #2977, #1098, #4233, #6110, #1056, #1737, #7308, #462, #6160, #2365, #7953, #6733, #6088, #2923, #4865, #3563, #435, #5468, #150, #3373, #3954, #180, #7095, #5244, #4549, #7130, #3981, #2105, #203, #3317, #868, #2638, #1462, #3344, #783, #7784, #5277, #4612, #2139, #5858, #7755, #842, #5890, #4042, #6511, #2728, #1492, #5191, #1404, #7048, #234, #5832, #7667, #7157, #2664, #6485, #4579, #4016, #6461, #7695, #4640, #270, #7727, #3404, #7075, #6537, #895, #2050, #5920, #2757, #810, #5948, #4674, #5311, #5218, #1525, #3283, #1435, #6429, #3928, #2074, #2695, #4332, #1179, #8016, #3081, #541, #5600, #1132, #7394, #1797, #6212, #8062, #3668, #2986, #1824, #6237, #490, #1744, #5575, #6835, #2399, #4261, #3033, #3645, #1769, #2443, #6862, #7450, #519, #3725, #4965, #2421, #5524, #1156, #2344, #3057, #6769, #567, #3696, #6193, #7469, #6170, #6811, #8111, #8087, #4352, #590, #7421, #8040, #3013, #4994, #3627, #5550, #1204, #1717, #4902, #4314, #6140, #7362, #4923, #1109, #4947, #2373, #6791, #4287, #3135, #7523, #6314, #4432, #7495, #6345, #3156, #1281, #7552, #2498, #60, #1849, #670, #2524, #3749, #6989, #4461, #3804, #1312, #5043, #2550, #33, #5071, #3224, #5710, #1930, #691, #4381, #8139, #6266, #7578, #611, #6888, #6377, #1874, #5682, #3776, #6966, #5650, #6912, #3833, #7610, #6941, #2576, #6291, #5739, #86, #5014, #3192, #5100, #5, #5127, #3861, #4491, #4403, #1956, #2469, #639, #719, #5625, #3108, #1233, #1253, #1901 ) ),
 .UNSPECIFIED., .F., .F., .F. ) 
 B_SPLINE_SURFACE_WITH_KNOTS ( ( 2, 2 ),
 ( 3, 2, 2, 2, 2, 2, 2, 2, 2, 2, 2, 2, 2, 2, 2, 2, 2, 2, 2, 2, 2, 2, 2, 2, 2, 2, 2, 2, 2, 2, 2, 2, 2, 2, 2, 2, 2, 2, 2, 2, 2, 2, 2, 2, 2, 2, 2, 2, 2, 2, 2, 2, 2, 2, 2, 2, 2, 2, 2, 2, 2, 2, 2, 2, 2, 2, 2, 2, 2, 2, 2, 2, 2, 2, 2, 2, 2, 2, 2, 2, 2, 2, 2, 2, 2, 2, 2, 2, 2, 2, 2, 2, 2, 2, 2, 2, 2, 2, 2, 2, 2, 2, 2, 2, 2, 2, 2, 2, 2, 2, 2, 2, 2, 2, 2, 2, 2, 2, 2, 2, 2, 2, 2, 2, 2, 2, 2, 2, 2, 2, 2, 2, 2, 2, 2, 2, 2, 2, 2, 2, 2, 2, 2, 2, 2, 2, 2, 2, 2, 2, 2, 2, 2, 2, 2, 2, 2, 2, 2, 2, 2, 2, 2, 2, 2, 2, 2, 2, 2, 2, 2, 2, 2, 2, 2, 2, 2, 2, 2, 2, 2, 2, 2, 2, 2, 2, 2, 2, 2, 2, 2, 2, 2, 2, 2, 2, 2, 2, 2, 2, 2, 2, 2, 2, 3 ),
 ( 0.0000000000000000000, 1.000000000000000000 ),
 ( 0.0000000000000000000, 0.004901960784313725400, 0.009803921568627450800, 0.01470588235294117600, 0.01960784313725490200, 0.02450980392156862700, 0.02941176470588235300, 0.03431372549019608100, 0.03921568627450980300, 0.04411764705882353200, 0.04901960784313725400, 0.05392156862745098300, 0.05882352941176470500, 0.06372549019607842700, 0.06862745098039216300, 0.07352941176470588500, 0.07843137254901960700, 0.08333333333333332900, 0.08823529411764706500, 0.09313725490196078600, 0.09803921568627450800, 0.1029411764705882300, 0.1078431372549019700, 0.1127450980392156900, 0.1176470588235294100, 0.1225490196078431300, 0.1274509803921568500, 0.1323529411764705900, 0.1372549019607843300, 0.1421568627450980300, 0.1470588235294117700, 0.1519607843137254800, 0.1568627450980392100, 0.1617647058823529500, 0.1666666666666666600, 0.1715686274509803900, 0.1764705882352941300, 0.1813725490196078400, 0.1862745098039215700, 0.1911764705882352800, 0.1960784313725490200, 0.2009803921568627500, 0.2058823529411764600, 0.2107843137254902000, 0.2156862745098039300, 0.2205882352941176400, 0.2254901960784313800, 0.2303921568627450800, 0.2352941176470588200, 0.2401960784313725600, 0.2450980392156862600, 0.2500000000000000000, 0.2549019607843137100, 0.2598039215686274700, 0.2647058823529411800, 0.2696078431372548900, 0.2745098039215686500, 0.2794117647058823600, 0.2843137254901960700, 0.2892156862745098300, 0.2941176470588235400, 0.2990196078431372500, 0.3039215686274509600, 0.3088235294117647200, 0.3137254901960784300, 0.3186274509803921400, 0.3235294117647059000, 0.3284313725490196100, 0.3333333333333333100, 0.3382352941176470800, 0.3431372549019607900, 0.3480392156862744900, 0.3529411764705882600, 0.3578431372549019700, 0.3627450980392156700, 0.3676470588235294400, 0.3725490196078431500, 0.3774509803921568500, 0.3823529411764705600, 0.3872549019607843300, 0.3921568627450980300, 0.3970588235294117400, 0.4019607843137255100, 0.4068627450980392100, 0.4117647058823529200, 0.4166666666666666900, 0.4215686274509803900, 0.4264705882352941000, 0.4313725490196078600, 0.4362745098039215700, 0.4411764705882352800, 0.4460784313725490400, 0.4509803921568627500, 0.4558823529411764600, 0.4607843137254901700, 0.4656862745098039300, 0.4705882352941176400, 0.4754901960784313500, 0.4803921568627451100, 0.4852941176470588200, 0.4901960784313725300, 0.4950980392156862900, 0.5000000000000000000, 0.5049019607843137100, 0.5098039215686274200, 0.5147058823529411200, 0.5196078431372549400, 0.5245098039215686500, 0.5294117647058823600, 0.5343137254901960700, 0.5392156862745097800, 0.5441176470588234800, 0.5490196078431373000, 0.5539215686274510100, 0.5588235294117647200, 0.5637254901960784300, 0.5686274509803921400, 0.5735294117647058400, 0.5784313725490196600, 0.5833333333333333700, 0.5882352941176470800, 0.5931372549019607900, 0.5980392156862744900, 0.6029411764705882000, 0.6078431372549019100, 0.6127450980392157300, 0.6176470588235294400, 0.6225490196078431500, 0.6274509803921568500, 0.6323529411764705600, 0.6372549019607842700, 0.6421568627450980900, 0.6470588235294118000, 0.6519607843137255100, 0.6568627450980392100, 0.6617647058823529200, 0.6666666666666666300, 0.6715686274509803400, 0.6764705882352941600, 0.6813725490196078600, 0.6862745098039215700, 0.6911764705882352800, 0.6960784313725489900, 0.7009803921568627000, 0.7058823529411765200, 0.7107843137254902200, 0.7156862745098039300, 0.7205882352941176400, 0.7254901960784313500, 0.7303921568627450600, 0.7352941176470588800, 0.7401960784313725800, 0.7450980392156862900, 0.7500000000000000000, 0.7549019607843137100, 0.7598039215686274200, 0.7647058823529411200, 0.7696078431372549400, 0.7745098039215686500, 0.7794117647058823600, 0.7843137254901960700, 0.7892156862745097800, 0.7941176470588234800, 0.7990196078431373000, 0.8039215686274510100, 0.8088235294117647200, 0.8137254901960784300, 0.8186274509803921400, 0.8235294117647058400, 0.8284313725490196600, 0.8333333333333333700, 0.8382352941176470800, 0.8431372549019607900, 0.8480392156862744900, 0.8529411764705882000, 0.8578431372549019100, 0.8627450980392157300, 0.8676470588235294400, 0.8725490196078431500, 0.8774509803921568500, 0.8823529411764705600, 0.8872549019607842700, 0.8921568627450980900, 0.8970588235294118000, 0.9019607843137255100, 0.9068627450980392100, 0.9117647058823529200, 0.9166666666666666300, 0.9215686274509803400, 0.9264705882352941600, 0.9313725490196078600, 0.9362745098039215700, 0.9411764705882352800, 0.9460784313725489900, 0.9509803921568627000, 0.9558823529411765200, 0.9607843137254902200, 0.9656862745098039300, 0.9705882352941176400, 0.9754901960784313500, 0.9803921568627450600, 0.9852941176470588800, 0.9901960784313725800, 0.9950980392156862900, 1.000000000000000000 ),
 .UNSPECIFIED. ) 
 GEOMETRIC_REPRESENTATION_ITEM ( )  RATIONAL_B_SPLINE_SURFACE ( (
 ( 1.000000000000000000, 0.8660254037844387100, 1.000000000000000000, 0.8660254037844387100, 1.000000000000000000, 0.8660254037844387100, 1.000000000000000000, 0.8660254037844387100, 1.000000000000000000, 0.8660254037844387100, 1.000000000000000000, 0.8660254037844387100, 1.000000000000000000, 0.8660254037844387100, 1.000000000000000000, 0.8660254037844387100, 1.000000000000000000, 0.8660254037844387100, 1.000000000000000000, 0.8660254037844387100, 1.000000000000000000, 0.8660254037844387100, 1.000000000000000000, 0.8660254037844387100, 1.000000000000000000, 0.8660254037844387100, 1.000000000000000000, 0.8660254037844387100, 1.000000000000000000, 0.8660254037844387100, 1.000000000000000000, 0.8660254037844387100, 1.000000000000000000, 0.8660254037844387100, 1.000000000000000000, 0.8660254037844387100, 1.000000000000000000, 0.8660254037844387100, 1.000000000000000000, 0.8660254037844387100, 1.000000000000000000, 0.8660254037844387100, 1.000000000000000000, 0.8660254037844387100, 1.000000000000000000, 0.8660254037844387100, 1.000000000000000000, 0.8660254037844387100, 1.000000000000000000, 0.8660254037844387100, 1.000000000000000000, 0.8660254037844387100, 1.000000000000000000, 0.8660254037844387100, 1.000000000000000000, 0.8660254037844387100, 1.000000000000000000, 0.8660254037844387100, 1.000000000000000000, 0.8660254037844387100, 1.000000000000000000, 0.8660254037844387100, 1.000000000000000000, 0.8660254037844387100, 1.000000000000000000, 0.8660254037844387100, 1.000000000000000000, 0.8660254037844387100, 1.000000000000000000, 0.8660254037844387100, 1.000000000000000000, 0.8660254037844387100, 1.000000000000000000, 0.8660254037844387100, 1.000000000000000000, 0.8660254037844387100, 1.000000000000000000, 0.8660254037844387100, 1.000000000000000000, 0.8660254037844387100, 1.000000000000000000, 0.8660254037844387100, 1.000000000000000000, 0.8660254037844387100, 1.000000000000000000, 0.8660254037844387100, 1.000000000000000000, 0.8660254037844387100, 1.000000000000000000, 0.8660254037844387100, 1.000000000000000000, 0.8660254037844387100, 1.000000000000000000, 0.8660254037844387100, 1.000000000000000000, 0.8660254037844387100, 1.000000000000000000, 0.8660254037844387100, 1.000000000000000000, 0.8660254037844387100, 1.000000000000000000, 0.8660254037844387100, 1.000000000000000000, 0.8660254037844387100, 1.000000000000000000, 0.8660254037844387100, 1.000000000000000000, 0.8660254037844387100, 1.000000000000000000, 0.8660254037844387100, 1.000000000000000000, 0.8660254037844387100, 1.000000000000000000, 0.8660254037844387100, 1.000000000000000000, 0.8660254037844387100, 1.000000000000000000, 0.8660254037844387100, 1.000000000000000000, 0.8660254037844387100, 1.000000000000000000, 0.8660254037844387100, 1.000000000000000000, 0.8660254037844387100, 1.000000000000000000, 0.8660254037844387100, 1.000000000000000000, 0.8660254037844387100, 1.000000000000000000, 0.8660254037844387100, 1.000000000000000000, 0.8660254037844387100, 1.000000000000000000, 0.8660254037844387100, 1.000000000000000000, 0.8660254037844387100, 1.000000000000000000, 0.8660254037844387100, 1.000000000000000000, 0.8660254037844387100, 1.000000000000000000, 0.8660254037844387100, 1.000000000000000000, 0.8660254037844387100, 1.000000000000000000, 0.8660254037844387100, 1.000000000000000000, 0.8660254037844387100, 1.000000000000000000, 0.8660254037844387100, 1.000000000000000000, 0.8660254037844387100, 1.000000000000000000, 0.8660254037844387100, 1.000000000000000000, 0.8660254037844387100, 1.000000000000000000, 0.8660254037844387100, 1.000000000000000000, 0.8660254037844387100, 1.000000000000000000, 0.8660254037844387100, 1.000000000000000000, 0.8660254037844387100, 1.000000000000000000, 0.8660254037844387100, 1.000000000000000000, 0.8660254037844387100, 1.000000000000000000, 0.8660254037844387100, 1.000000000000000000, 0.8660254037844387100, 1.000000000000000000, 0.8660254037844387100, 1.000000000000000000, 0.8660254037844387100, 1.000000000000000000, 0.8660254037844387100, 1.000000000000000000, 0.8660254037844387100, 1.000000000000000000, 0.8660254037844387100, 1.000000000000000000, 0.8660254037844387100, 1.000000000000000000, 0.8660254037844387100, 1.000000000000000000, 0.8660254037844387100, 1.000000000000000000, 0.8660254037844387100, 1.000000000000000000, 0.8660254037844387100, 1.000000000000000000, 0.8660254037844387100, 1.000000000000000000, 0.8660254037844387100, 1.000000000000000000, 0.8660254037844387100, 1.000000000000000000, 0.8660254037844387100, 1.000000000000000000, 0.8660254037844387100, 1.000000000000000000, 0.8660254037844387100, 1.000000000000000000, 0.8660254037844387100, 1.000000000000000000, 0.8660254037844387100, 1.000000000000000000, 0.8660254037844387100, 1.000000000000000000, 0.8660254037844387100, 1.000000000000000000, 0.8660254037844387100, 1.000000000000000000, 0.8660254037844387100, 1.000000000000000000, 0.8660254037844387100, 1.000000000000000000, 0.8660254037844387100, 1.000000000000000000, 0.8660254037844387100, 1.000000000000000000, 0.8660254037844387100, 1.000000000000000000, 0.8660254037844387100, 1.000000000000000000, 0.8660254037844387100, 1.000000000000000000, 0.8660254037844387100, 1.000000000000000000, 0.8660254037844387100, 1.000000000000000000, 0.8660254037844387100, 1.000000000000000000, 0.8660254037844387100, 1.000000000000000000, 0.8660254037844387100, 1.000000000000000000, 0.8660254037844387100, 1.000000000000000000, 0.8660254037844387100, 1.000000000000000000, 0.8660254037844387100, 1.000000000000000000, 0.8660254037844387100, 1.000000000000000000, 0.8660254037844387100, 1.000000000000000000, 0.8660254037844387100, 1.000000000000000000, 0.8660254037844387100, 1.000000000000000000, 0.8660254037844387100, 1.000000000000000000, 0.8660254037844387100, 1.000000000000000000, 0.8660254037844387100, 1.000000000000000000, 0.8660254037844387100, 1.000000000000000000, 0.8660254037844387100, 1.000000000000000000, 0.8660254037844387100, 1.000000000000000000, 0.8660254037844387100, 1.000000000000000000, 0.8660254037844387100, 1.000000000000000000, 0.8660254037844387100, 1.000000000000000000, 0.8660254037844387100, 1.000000000000000000, 0.8660254037844387100, 1.000000000000000000, 0.8660254037844387100, 1.000000000000000000, 0.8660254037844387100, 1.000000000000000000, 0.8660254037844387100, 1.000000000000000000, 0.8660254037844387100, 1.000000000000000000, 0.8660254037844387100, 1.000000000000000000, 0.8660254037844387100, 1.000000000000000000, 0.8660254037844387100, 1.000000000000000000, 0.8660254037844387100, 1.000000000000000000, 0.8660254037844387100, 1.000000000000000000, 0.8660254037844387100, 1.000000000000000000, 0.8660254037844387100, 1.000000000000000000, 0.8660254037844387100, 1.000000000000000000, 0.8660254037844387100, 1.000000000000000000, 0.8660254037844387100, 1.000000000000000000, 0.8660254037844387100, 1.000000000000000000, 0.8660254037844387100, 1.000000000000000000, 0.8660254037844387100, 1.000000000000000000, 0.8660254037844387100, 1.000000000000000000, 0.8660254037844387100, 1.000000000000000000, 0.8660254037844387100, 1.000000000000000000, 0.8660254037844387100, 1.000000000000000000, 0.8660254037844387100, 1.000000000000000000, 0.8660254037844387100, 1.000000000000000000, 0.8660254037844387100, 1.000000000000000000, 0.8660254037844387100, 1.000000000000000000, 0.8660254037844387100, 1.000000000000000000, 0.8660254037844387100, 1.000000000000000000, 0.8660254037844387100, 1.000000000000000000, 0.8660254037844387100, 1.000000000000000000, 0.8660254037844387100, 1.000000000000000000, 0.8660254037844387100, 1.000000000000000000, 0.8660254037844387100, 1.000000000000000000, 0.8660254037844387100, 1.000000000000000000, 0.8660254037844387100, 1.000000000000000000, 0.8660254037844387100, 1.000000000000000000, 0.8660254037844387100, 1.000000000000000000, 0.8660254037844387100, 1.000000000000000000, 0.8660254037844387100, 1.000000000000000000, 0.8660254037844387100, 1.000000000000000000, 0.8660254037844387100, 1.000000000000000000, 0.8660254037844387100, 1.000000000000000000, 0.8660254037844387100, 1.000000000000000000, 0.8660254037844387100, 1.000000000000000000, 0.8660254037844387100, 1.000000000000000000, 0.8660254037844387100, 1.000000000000000000, 0.8660254037844387100, 1.000000000000000000, 0.8660254037844387100, 1.000000000000000000, 0.8660254037844387100, 1.000000000000000000, 0.8660254037844387100, 1.000000000000000000, 0.8660254037844387100, 1.000000000000000000, 0.8660254037844387100, 1.000000000000000000, 0.8660254037844387100, 1.000000000000000000, 0.8660254037844387100, 1.000000000000000000, 0.8660254037844387100, 1.000000000000000000, 0.8660254037844387100, 1.000000000000000000, 0.8660254037844387100, 1.000000000000000000, 0.8660254037844387100, 1.000000000000000000, 0.8660254037844387100, 1.000000000000000000, 0.8660254037844387100, 1.000000000000000000, 0.8660254037844387100, 1.000000000000000000, 0.8660254037844387100, 1.000000000000000000, 0.8660254037844387100, 1.000000000000000000, 0.8660254037844387100, 1.000000000000000000, 0.8660254037844387100, 1.000000000000000000, 0.8660254037844387100, 1.000000000000000000, 0.8660254037844387100, 1.000000000000000000, 0.8660254037844387100, 1.000000000000000000),
 ( 1.000000000000000000, 0.8660254037844387100, 1.000000000000000000, 0.8660254037844387100, 1.000000000000000000, 0.8660254037844387100, 1.000000000000000000, 0.8660254037844387100, 1.000000000000000000, 0.8660254037844387100, 1.000000000000000000, 0.8660254037844387100, 1.000000000000000000, 0.8660254037844387100, 1.000000000000000000, 0.8660254037844387100, 1.000000000000000000, 0.8660254037844387100, 1.000000000000000000, 0.8660254037844387100, 1.000000000000000000, 0.8660254037844387100, 1.000000000000000000, 0.8660254037844387100, 1.000000000000000000, 0.8660254037844387100, 1.000000000000000000, 0.8660254037844387100, 1.000000000000000000, 0.8660254037844387100, 1.000000000000000000, 0.8660254037844387100, 1.000000000000000000, 0.8660254037844387100, 1.000000000000000000, 0.8660254037844387100, 1.000000000000000000, 0.8660254037844387100, 1.000000000000000000, 0.8660254037844387100, 1.000000000000000000, 0.8660254037844387100, 1.000000000000000000, 0.8660254037844387100, 1.000000000000000000, 0.8660254037844387100, 1.000000000000000000, 0.8660254037844387100, 1.000000000000000000, 0.8660254037844387100, 1.000000000000000000, 0.8660254037844387100, 1.000000000000000000, 0.8660254037844387100, 1.000000000000000000, 0.8660254037844387100, 1.000000000000000000, 0.8660254037844387100, 1.000000000000000000, 0.8660254037844387100, 1.000000000000000000, 0.8660254037844387100, 1.000000000000000000, 0.8660254037844387100, 1.000000000000000000, 0.8660254037844387100, 1.000000000000000000, 0.8660254037844387100, 1.000000000000000000, 0.8660254037844387100, 1.000000000000000000, 0.8660254037844387100, 1.000000000000000000, 0.8660254037844387100, 1.000000000000000000, 0.8660254037844387100, 1.000000000000000000, 0.8660254037844387100, 1.000000000000000000, 0.8660254037844387100, 1.000000000000000000, 0.8660254037844387100, 1.000000000000000000, 0.8660254037844387100, 1.000000000000000000, 0.8660254037844387100, 1.000000000000000000, 0.8660254037844387100, 1.000000000000000000, 0.8660254037844387100, 1.000000000000000000, 0.8660254037844387100, 1.000000000000000000, 0.8660254037844387100, 1.000000000000000000, 0.8660254037844387100, 1.000000000000000000, 0.8660254037844387100, 1.000000000000000000, 0.8660254037844387100, 1.000000000000000000, 0.8660254037844387100, 1.000000000000000000, 0.8660254037844387100, 1.000000000000000000, 0.8660254037844387100, 1.000000000000000000, 0.8660254037844387100, 1.000000000000000000, 0.8660254037844387100, 1.000000000000000000, 0.8660254037844387100, 1.000000000000000000, 0.8660254037844387100, 1.000000000000000000, 0.8660254037844387100, 1.000000000000000000, 0.8660254037844387100, 1.000000000000000000, 0.8660254037844387100, 1.000000000000000000, 0.8660254037844387100, 1.000000000000000000, 0.8660254037844387100, 1.000000000000000000, 0.8660254037844387100, 1.000000000000000000, 0.8660254037844387100, 1.000000000000000000, 0.8660254037844387100, 1.000000000000000000, 0.8660254037844387100, 1.000000000000000000, 0.8660254037844387100, 1.000000000000000000, 0.8660254037844387100, 1.000000000000000000, 0.8660254037844387100, 1.000000000000000000, 0.8660254037844387100, 1.000000000000000000, 0.8660254037844387100, 1.000000000000000000, 0.8660254037844387100, 1.000000000000000000, 0.8660254037844387100, 1.000000000000000000, 0.8660254037844387100, 1.000000000000000000, 0.8660254037844387100, 1.000000000000000000, 0.8660254037844387100, 1.000000000000000000, 0.8660254037844387100, 1.000000000000000000, 0.8660254037844387100, 1.000000000000000000, 0.8660254037844387100, 1.000000000000000000, 0.8660254037844387100, 1.000000000000000000, 0.8660254037844387100, 1.000000000000000000, 0.8660254037844387100, 1.000000000000000000, 0.8660254037844387100, 1.000000000000000000, 0.8660254037844387100, 1.000000000000000000, 0.8660254037844387100, 1.000000000000000000, 0.8660254037844387100, 1.000000000000000000, 0.8660254037844387100, 1.000000000000000000, 0.8660254037844387100, 1.000000000000000000, 0.8660254037844387100, 1.000000000000000000, 0.8660254037844387100, 1.000000000000000000, 0.8660254037844387100, 1.000000000000000000, 0.8660254037844387100, 1.000000000000000000, 0.8660254037844387100, 1.000000000000000000, 0.8660254037844387100, 1.000000000000000000, 0.8660254037844387100, 1.000000000000000000, 0.8660254037844387100, 1.000000000000000000, 0.8660254037844387100, 1.000000000000000000, 0.8660254037844387100, 1.000000000000000000, 0.8660254037844387100, 1.000000000000000000, 0.8660254037844387100, 1.000000000000000000, 0.8660254037844387100, 1.000000000000000000, 0.8660254037844387100, 1.000000000000000000, 0.8660254037844387100, 1.000000000000000000, 0.8660254037844387100, 1.000000000000000000, 0.8660254037844387100, 1.000000000000000000, 0.8660254037844387100, 1.000000000000000000, 0.8660254037844387100, 1.000000000000000000, 0.8660254037844387100, 1.000000000000000000, 0.8660254037844387100, 1.000000000000000000, 0.8660254037844387100, 1.000000000000000000, 0.8660254037844387100, 1.000000000000000000, 0.8660254037844387100, 1.000000000000000000, 0.8660254037844387100, 1.000000000000000000, 0.8660254037844387100, 1.000000000000000000, 0.8660254037844387100, 1.000000000000000000, 0.8660254037844387100, 1.000000000000000000, 0.8660254037844387100, 1.000000000000000000, 0.8660254037844387100, 1.000000000000000000, 0.8660254037844387100, 1.000000000000000000, 0.8660254037844387100, 1.000000000000000000, 0.8660254037844387100, 1.000000000000000000, 0.8660254037844387100, 1.000000000000000000, 0.8660254037844387100, 1.000000000000000000, 0.8660254037844387100, 1.000000000000000000, 0.8660254037844387100, 1.000000000000000000, 0.8660254037844387100, 1.000000000000000000, 0.8660254037844387100, 1.000000000000000000, 0.8660254037844387100, 1.000000000000000000, 0.8660254037844387100, 1.000000000000000000, 0.8660254037844387100, 1.000000000000000000, 0.8660254037844387100, 1.000000000000000000, 0.8660254037844387100, 1.000000000000000000, 0.8660254037844387100, 1.000000000000000000, 0.8660254037844387100, 1.000000000000000000, 0.8660254037844387100, 1.000000000000000000, 0.8660254037844387100, 1.000000000000000000, 0.8660254037844387100, 1.000000000000000000, 0.8660254037844387100, 1.000000000000000000, 0.8660254037844387100, 1.000000000000000000, 0.8660254037844387100, 1.000000000000000000, 0.8660254037844387100, 1.000000000000000000, 0.8660254037844387100, 1.000000000000000000, 0.8660254037844387100, 1.000000000000000000, 0.8660254037844387100, 1.000000000000000000, 0.8660254037844387100, 1.000000000000000000, 0.8660254037844387100, 1.000000000000000000, 0.8660254037844387100, 1.000000000000000000, 0.8660254037844387100, 1.000000000000000000, 0.8660254037844387100, 1.000000000000000000, 0.8660254037844387100, 1.000000000000000000, 0.8660254037844387100, 1.000000000000000000, 0.8660254037844387100, 1.000000000000000000, 0.8660254037844387100, 1.000000000000000000, 0.8660254037844387100, 1.000000000000000000, 0.8660254037844387100, 1.000000000000000000, 0.8660254037844387100, 1.000000000000000000, 0.8660254037844387100, 1.000000000000000000, 0.8660254037844387100, 1.000000000000000000, 0.8660254037844387100, 1.000000000000000000, 0.8660254037844387100, 1.000000000000000000, 0.8660254037844387100, 1.000000000000000000, 0.8660254037844387100, 1.000000000000000000, 0.8660254037844387100, 1.000000000000000000, 0.8660254037844387100, 1.000000000000000000, 0.8660254037844387100, 1.000000000000000000, 0.8660254037844387100, 1.000000000000000000, 0.8660254037844387100, 1.000000000000000000, 0.8660254037844387100, 1.000000000000000000, 0.8660254037844387100, 1.000000000000000000, 0.8660254037844387100, 1.000000000000000000, 0.8660254037844387100, 1.000000000000000000, 0.8660254037844387100, 1.000000000000000000, 0.8660254037844387100, 1.000000000000000000, 0.8660254037844387100, 1.000000000000000000, 0.8660254037844387100, 1.000000000000000000, 0.8660254037844387100, 1.000000000000000000, 0.8660254037844387100, 1.000000000000000000, 0.8660254037844387100, 1.000000000000000000, 0.8660254037844387100, 1.000000000000000000, 0.8660254037844387100, 1.000000000000000000, 0.8660254037844387100, 1.000000000000000000, 0.8660254037844387100, 1.000000000000000000, 0.8660254037844387100, 1.000000000000000000, 0.8660254037844387100, 1.000000000000000000, 0.8660254037844387100, 1.000000000000000000, 0.8660254037844387100, 1.000000000000000000, 0.8660254037844387100, 1.000000000000000000, 0.8660254037844387100, 1.000000000000000000, 0.8660254037844387100, 1.000000000000000000, 0.8660254037844387100, 1.000000000000000000, 0.8660254037844387100, 1.000000000000000000, 0.8660254037844387100, 1.000000000000000000, 0.8660254037844387100, 1.000000000000000000, 0.8660254037844387100, 1.000000000000000000, 0.8660254037844387100, 1.000000000000000000, 0.8660254037844387100, 1.000000000000000000, 0.8660254037844387100, 1.000000000000000000, 0.8660254037844387100, 1.000000000000000000, 0.8660254037844387100, 1.000000000000000000, 0.8660254037844387100, 1.000000000000000000, 0.8660254037844387100, 1.000000000000000000, 0.8660254037844387100, 1.000000000000000000, 0.8660254037844387100, 1.000000000000000000, 0.8660254037844387100, 1.000000000000000000) ) ) 
 REPRESENTATION_ITEM ( '' )  SURFACE ( )  );
#3952 =( BOUNDED_CURVE ( )  B_SPLINE_CURVE ( 2, ( #5683, #1876, #5740, #2577, #4382 ),
 .UNSPECIFIED., .F., .F. ) 
 B_SPLINE_CURVE_WITH_KNOTS ( ( 3, 2, 3 ),
 ( 0.07599521366226316700, 0.07843137254901960700, 0.08088235294117654400 ),
 .UNSPECIFIED. ) 
 CURVE ( )  GEOMETRIC_REPRESENTATION_ITEM ( )  RATIONAL_B_SPLINE_CURVE ( ( 0.9330151515048943400, 0.9334177857532903700, 1.000000000000000000, 0.9330127018922171900, 0.9330127018922193000 ) ) 
 REPRESENTATION_ITEM ( '' )  );
#3953 = CARTESIAN_POINT ( 'NONE',  ( 0.8922005383792143100, 1.545336663013187900, -13.70833333333329800 ) ) ;
#3954 = CARTESIAN_POINT ( 'NONE',  ( 2.309401076758502900, 3.239433308545618900E-014, -12.07499999999996600 ) ) ;
#3955 = CARTESIAN_POINT ( 'NONE',  ( -1.732050807568862800, -1.000000000000025100, -20.15416666666661200 ) ) ;
#3956 = ORIENTED_EDGE ( 'NONE', *, *, #3855, .F. ) ;
#3957 = CARTESIAN_POINT ( 'NONE',  ( 2.000000000000000000, 0.0000000000000000000, -22.00000000000000000 ) ) ;
#3958 = LINE ( 'NONE', #1702, #1878 ) ;
#3959 = EDGE_CURVE ( 'NONE', #4190, #1716, #6826, .T. ) ;
#3960 = CARTESIAN_POINT ( 'NONE',  ( 1.154700538379335600, -1.999999999999951800, -19.27916666666661500 ) ) ;
#3961 = CARTESIAN_POINT ( 'NONE',  ( 1.154700538379280100, -1.999999999999983300, -6.679166666666647600 ) ) ;
#3962 = DIRECTION ( 'NONE',  ( 1.000000000000000000, 0.0000000000000000000, 0.0000000000000000000 ) ) ;
#3963 = CARTESIAN_POINT ( 'NONE',  ( 1.338300807568896700, -0.7726683315065466800, -11.08333333333330200 ) ) ;
#3964 = AXIS2_PLACEMENT_3D ( 'NONE', #2841, #5354, #2239 ) ;
#3965 = VERTEX_POINT ( 'NONE', #4451 ) ;
#3966 = ORIENTED_EDGE ( 'NONE', *, *, #2946, .T. ) ;
#3967 = ADVANCED_FACE ( 'NONE', ( #124 ), #4675, .T. ) ;
#3968 = CARTESIAN_POINT ( 'NONE',  ( -1.545336663013167500, 3.747593145489321000E-015, -3.062499999999992900 ) ) ;
#3969 = DIRECTION ( 'NONE',  ( -0.0000000000000000000, -0.0000000000000000000, -1.000000000000000000 ) ) ;
#3970 = CARTESIAN_POINT ( 'NONE',  ( 1.338300807568886300, -0.7726683315065647800, -11.08333333333330200 ) ) ;
#3971 = EDGE_CURVE ( 'NONE', #1072, #7909, #3872, .T. ) ;
#3972 = CARTESIAN_POINT ( 'NONE',  ( -1.154700538379296100, 1.999999999999974000, -14.02916666666662900 ) ) ;
#3973 = CARTESIAN_POINT ( 'NONE',  ( 1.338300807568864300, 0.7726683315066025200, 0.8458333333333334400 ) ) ;
#3974 = CARTESIAN_POINT ( 'NONE',  ( 1.338300807568864300, 0.7726683315066025200, -10.35416666666663800 ) ) ;
#3975 = CYLINDRICAL_SURFACE ( 'NONE', #6647, 1.545336663013167300 ) ;
#3976 = DIRECTION ( 'NONE',  ( -0.0000000000000000000, -0.0000000000000000000, -1.000000000000000000 ) ) ;
#3977 = ORIENTED_EDGE ( 'NONE', *, *, #7471, .F. ) ;
#3978 = CARTESIAN_POINT ( 'NONE',  ( 1.999999999999997300, -0.5358983848622250700, -9.306260739116940100 ) ) ;
#3979 = CARTESIAN_POINT ( 'NONE',  ( -0.8922005383792779300, 1.545336663013151300, -1.691666666666660700 ) ) ;
#3980 = CARTESIAN_POINT ( 'NONE',  ( -1.154700538379309000, 1.999999999999967100, -11.92916666666663500 ) ) ;
#3981 = CARTESIAN_POINT ( 'NONE',  ( -2.309401076758502900, -3.267715314911616300E-014, -12.42499999999996700 ) ) ;
#3982 = FACE_OUTER_BOUND ( 'NONE', #7787, .T. ) ;
#3983 = CARTESIAN_POINT ( 'NONE',  ( 2.177130564435878800E-014, -1.545336663013167300, 0.7000000000000007300 ) ) ;
#3984 = ORIENTED_EDGE ( 'NONE', *, *, #1126, .T. ) ;
#3985 = APPROVAL_ROLE ( '' ) ;
#3986 = EDGE_CURVE ( 'NONE', #5544, #815, #2572, .T. ) ;
#3987 = ORIENTED_EDGE ( 'NONE', *, *, #2634, .T. ) ;
#3988 = ORIENTED_EDGE ( 'NONE', *, *, #3650, .T. ) ;
#3989 = CARTESIAN_POINT ( 'NONE',  ( 1.338300807568864300, 0.7726683315066025200, -0.5541666666666631400 ) ) ;
#3990 = CARTESIAN_POINT ( 'NONE',  ( 0.8922005383792057700, 1.545336663013192800, -8.808333333333310500 ) ) ;
#3991 =( BOUNDED_CURVE ( )  B_SPLINE_CURVE ( 2, ( #7620, #4387, #4410, #1938, #5019, #1239, #3814, #2506, #3840 ),
 .UNSPECIFIED., .F., .T. ) 
 B_SPLINE_CURVE_WITH_KNOTS ( ( 3, 2, 2, 2, 3 ),
 ( 0.9191176470588235900, 0.9215686274509803400, 0.9264705882352941600, 0.9313725490196078600, 0.9338235294117649400 ),
 .UNSPECIFIED. ) 
 CURVE ( )  GEOMETRIC_REPRESENTATION_ITEM ( )  RATIONAL_B_SPLINE_CURVE ( ( 0.9330127018922194100, 0.9330127018922224100, 1.000000000000000000, 0.8660254037844387100, 1.000000000000000000, 0.8660254037844387100, 1.000000000000000000, 0.9330127018922133000, 0.9330127018922194100 ) ) 
 REPRESENTATION_ITEM ( '' )  );
#3992 = ORIENTED_EDGE ( 'NONE', *, *, #5761, .T. ) ;
#3993 = CARTESIAN_POINT ( 'NONE',  ( 1.545336663013165500, 0.4140717108886204900, -17.38123926088298900 ) ) ;
#3994 = CARTESIAN_POINT ( 'NONE',  ( 2.817678007057453700E-014, -2.000000000000000000, -4.637499999999985100 ) ) ;
#3995 = CARTESIAN_POINT ( 'NONE',  ( -1.154700538379325600, 1.999999999999957600, -16.04166666666662900 ) ) ;
#3996 = FACE_OUTER_BOUND ( 'NONE', #3864, .T. ) ;
#3997 = CYLINDRICAL_SURFACE ( 'NONE', #3384, 2.000000000000000000 ) ;
#3998 = ORIENTED_EDGE ( 'NONE', *, *, #937, .T. ) ;
#3999 = CARTESIAN_POINT ( 'NONE',  ( 3.369591577847562200E-014, -1.545336663013167300, -11.19999999999997100 ) ) ;
#4000 = AXIS2_PLACEMENT_3D ( 'NONE', #1030, #4157, #952 ) ;
#4001 = CARTESIAN_POINT ( 'NONE',  ( 0.0000000000000000000, 0.0000000000000000000, 0.0000000000000000000 ) ) ;
#4002 = FACE_OUTER_BOUND ( 'NONE', #5978, .T. ) ;
#4003 = CARTESIAN_POINT ( 'NONE',  ( -3.823980868053236100E-014, 1.545336663013167300, -9.537499999999974800 ) ) ;
#4004 = AXIS2_PLACEMENT_3D ( 'NONE', #112, #7750, #230 ) ;
#4005 = CARTESIAN_POINT ( 'NONE',  ( 2.000000000000001300, 0.5358983848622599400, -2.243739260883029600 ) ) ;
#4006 = CARTESIAN_POINT ( 'NONE',  ( 1.784401076758500100, 2.503007529540795900E-014, -18.02499999999995200 ) ) ;
#4007 = CARTESIAN_POINT ( 'NONE',  ( -2.000000000000001800, 0.5358983848622123100, -13.94376073911693200 ) ) ;
#4008 = VERTEX_POINT ( 'NONE', #4421 ) ;
#4009 = CARTESIAN_POINT ( 'NONE',  ( -0.8922005383792279700, -1.545336663013180200, 0.5541666666666673600 ) ) ;
#4010 = CARTESIAN_POINT ( 'NONE',  ( -0.8922005383792724900, 1.545336663013154900, -12.27916666666663500 ) ) ;
#4011 = CARTESIAN_POINT ( 'NONE',  ( 1.999999999999998200, 1.818599464400243800E-014, -17.67499999999995800 ) ) ;
#4012 = CARTESIAN_POINT ( 'NONE',  ( -1.545336663013167300, 0.0000000000000000000, 0.0000000000000000000 ) ) ;
#4013 = CARTESIAN_POINT ( 'NONE',  ( 4.556924054101331000E-014, -2.000000000000000000, -13.73749999999996300 ) ) ;
#4014 = CARTESIAN_POINT ( 'NONE',  ( 1.338300807568895600, -0.7726683315065486800, -6.883333333333313300 ) ) ;
#4015 = ORIENTED_EDGE ( 'NONE', *, *, #4609, .T. ) ;
#4016 = CARTESIAN_POINT ( 'NONE',  ( 1.732050807568891200, -0.9999999999999753500, -14.23333333333329500 ) ) ;
#4017 = CARTESIAN_POINT ( 'NONE',  ( -1.338300807568855200, -0.7726683315066181800, -19.10416666666661800 ) ) ;
#4018 = CARTESIAN_POINT ( 'NONE',  ( -1.732050807568862800, -1.000000000000025100, -20.85416666666661100 ) ) ;
#4019 = CARTESIAN_POINT ( 'NONE',  ( 1.784401076758500100, 2.503007529540795600E-014, -2.712499999999991900 ) ) ;
#4020 = DIRECTION ( 'NONE',  ( -0.0000000000000000000, -0.0000000000000000000, -1.000000000000000000 ) ) ;
#4021 = PRODUCT_DEFINITION ( 'UNKNOWN', '', #6133, #4027 ) ;
#4022 = CARTESIAN_POINT ( 'NONE',  ( -1.732050807568857200, -1.000000000000035300, -3.354166666666655000 ) ) ;
#4023 = CARTESIAN_POINT ( 'NONE',  ( -2.793185071074506700E-014, 2.000000000000000000, -5.687499999999982200 ) ) ;
#4024 = CARTESIAN_POINT ( 'NONE',  ( -1.338300807568858100, -0.7726683315066135100, -9.216666666666640100 ) ) ;
#4025 = ORIENTED_EDGE ( 'NONE', *, *, #2387, .F. ) ;
#4026 = FACE_OUTER_BOUND ( 'NONE', #7181, .T. ) ;
#4027 = DESIGN_CONTEXT ( 'detailed design', #7099, 'design' ) ;
#4028 = CARTESIAN_POINT ( 'NONE',  ( -1.545336663013158200, 0.4140717108885636500, -18.40626073911692000 ) ) ;
#4029 = DIRECTION ( 'NONE',  ( 0.0000000000000000000, 0.0000000000000000000, 1.000000000000000000 ) ) ;
#4030 = EDGE_CURVE ( 'NONE', #7313, #1644, #3533, .T. ) ;
#4031 = AXIS2_PLACEMENT_3D ( 'NONE', #1236, #5713, #3729 ) ;
#4032 = VECTOR ( 'NONE', #7216, 1000.000000000000000 ) ;
#4033 = CARTESIAN_POINT ( 'NONE',  ( -1.732050807568854100, -1.000000000000040600, -12.36666666666663500 ) ) ;
#4034 = DIRECTION ( 'NONE',  ( -1.000000000000000000, 0.0000000000000000000, 0.0000000000000000000 ) ) ;
#4035 = CARTESIAN_POINT ( 'NONE',  ( 1.338300807568886300, -0.7726683315065647800, -16.68333333333329100 ) ) ;
#4036 = CARTESIAN_POINT ( 'NONE',  ( 0.0000000000000000000, 0.0000000000000000000, 0.0000000000000000000 ) ) ;
#4037 = CARTESIAN_POINT ( 'NONE',  ( 1.784401076758500100, 2.503007529540795600E-014, -11.81249999999996800 ) ) ;
#4038 = CARTESIAN_POINT ( 'NONE',  ( 1.545336663013166200, 1.313110156404009800E-014, -18.81249999999995700 ) ) ;
#4039 = EDGE_CURVE ( 'NONE', #6909, #5873, #2791, .T. ) ;
#4040 = CARTESIAN_POINT ( 'NONE',  ( -1.999999999999998200, 1.080701279164362200E-014, -7.612499999999981200 ) ) ;
#4041 = CARTESIAN_POINT ( 'NONE',  ( -2.000000000000001800, 0.5358983848622220800, -6.156260739116948600 ) ) ;
#4042 = CARTESIAN_POINT ( 'NONE',  ( 1.732050807568863200, 1.000000000000024400, -13.41666666666663200 ) ) ;
#4043 = CARTESIAN_POINT ( 'NONE',  ( -2.309401076758502900, -3.267715314911616300E-014, -22.31249999999994300 ) ) ;
#4044 = ORIENTED_EDGE ( 'NONE', *, *, #7981, .T. ) ;
#4045 = DIRECTION ( 'NONE',  ( -1.000000000000000000, 0.0000000000000000000, 0.0000000000000000000 ) ) ;
#4046 = CARTESIAN_POINT ( 'NONE',  ( -0.8922005383792279700, -1.545336663013180200, -0.1458333333333307100 ) ) ;
#4047 =( BOUNDED_CURVE ( )  B_SPLINE_CURVE ( 2, ( #4987, #6855, #8136, #1763, #3662, #5568, #2492, #6184, #4309 ),
 .UNSPECIFIED., .F., .F. ) 
 B_SPLINE_CURVE_WITH_KNOTS ( ( 3, 2, 2, 2, 3 ),
 ( 0.1250000000000000600, 0.1274509803921568500, 0.1323529411764705900, 0.1372549019607843300, 0.1397058823529412600 ),
 .UNSPECIFIED. ) 
 CURVE ( )  GEOMETRIC_REPRESENTATION_ITEM ( )  RATIONAL_B_SPLINE_CURVE ( ( 0.9330127018922194100, 0.9330127018922210700, 1.000000000000000000, 0.8660254037844387100, 1.000000000000000000, 0.8660254037844387100, 1.000000000000000000, 0.9330127018922170800, 0.9330127018922194100 ) ) 
 REPRESENTATION_ITEM ( '' )  );
#4048 = DIRECTION ( 'NONE',  ( 1.000000000000000000, 0.0000000000000000000, 0.0000000000000000000 ) ) ;
#4049 =( BOUNDED_CURVE ( )  B_SPLINE_CURVE ( 2, ( #5577, #569, #4315, #2471, #4292, #7499, #7423, #3084, #6890 ),
 .UNSPECIFIED., .F., .F. ) 
 B_SPLINE_CURVE_WITH_KNOTS ( ( 3, 2, 2, 2, 3 ),
 ( 0.7867647058823530300, 0.7892156862745097800, 0.7941176470588234800, 0.7990196078431373000, 0.8014705882352942700 ),
 .UNSPECIFIED. ) 
 CURVE ( )  GEOMETRIC_REPRESENTATION_ITEM ( )  RATIONAL_B_SPLINE_CURVE ( ( 0.9330127018922194100, 0.9330127018922224100, 1.000000000000000000, 0.8660254037844387100, 1.000000000000000000, 0.8660254037844387100, 1.000000000000000000, 0.9330127018922163000, 0.9330127018922194100 ) ) 
 REPRESENTATION_ITEM ( '' )  );
#4050 = CARTESIAN_POINT ( 'NONE',  ( -1.338300807568856100, -0.7726683315066167300, -16.30416666666662800 ) ) ;
#4051 = CARTESIAN_POINT ( 'NONE',  ( -1.732050807568862800, -1.000000000000025100, -5.454166666666650600 ) ) ;
#4052 = CARTESIAN_POINT ( 'NONE',  ( 1.732050807568899200, -0.9999999999999622500, -14.93333333333329400 ) ) ;
#4053 = CARTESIAN_POINT ( 'NONE',  ( -1.540481650258667300, 0.2589952879364740300, -0.1869338569268733100 ) ) ;
#4054 = EDGE_CURVE ( 'NONE', #7710, #1704, #7802, .T. ) ;
#4055 = CARTESIAN_POINT ( 'NONE',  ( 4.883967469607429500E-014, -1.545336663013167300, -18.89999999999995200 ) ) ;
#4056 = CARTESIAN_POINT ( 'NONE',  ( 1.784401076758500100, 2.503007529540795600E-014, -6.212499999999982600 ) ) ;
#4057 = VERTEX_POINT ( 'NONE', #1843 ) ;
#4058 = DIRECTION ( 'NONE',  ( 0.0000000000000000000, 0.0000000000000000000, 1.000000000000000000 ) ) ;
#4059 = CARTESIAN_POINT ( 'NONE',  ( -1.732050807568917600, 0.9999999999999299400, -16.77083333333328600 ) ) ;
#4060 = ORIENTED_EDGE ( 'NONE', *, *, #7016, .F. ) ;
#4061 = CARTESIAN_POINT ( 'NONE',  ( -1.338300807568864000, -0.7726683315066029700, -16.91666666666662500 ) ) ;
#4062 = CARTESIAN_POINT ( 'NONE',  ( 0.0000000000000000000, 0.0000000000000000000, -22.00000000000000000 ) ) ;
#4063 = CARTESIAN_POINT ( 'NONE',  ( 1.999999999999998200, -1.045839947578414800E-015, -11.46249999999997200 ) ) ;
#4064 = CARTESIAN_POINT ( 'NONE',  ( -1.338300807568886700, 0.7726683315065640000, 0.3791666666666679300 ) ) ;
#4065 = CARTESIAN_POINT ( 'NONE',  ( 0.8922005383792722700, -1.545336663013154900, -14.02916666666663100 ) ) ;
#4066 = CARTESIAN_POINT ( 'NONE',  ( -1.545336663013169100, 9.877377282685029400E-016, -12.07499999999996700 ) ) ;
#4067 = CARTESIAN_POINT ( 'NONE',  ( 2.000000000000000400, -4.009053132383925200E-015, -3.674999999999992300 ) ) ;
#4068 = ORIENTED_EDGE ( 'NONE', *, *, #2752, .F. ) ;
#4069 = CARTESIAN_POINT ( 'NONE',  ( 2.000000000000000000, -8.192412922697582800E-015, -5.862499999999985600 ) ) ;
#4070 = CARTESIAN_POINT ( 'NONE',  ( 1.936950191808616500, 0.05052958150837489500, -22.00000000000000700 ) ) ;
#4071 = CARTESIAN_POINT ( 'NONE',  ( 1.154700538379223000, 2.000000000000016000, -9.158333333333310100 ) ) ;
#4072 = CARTESIAN_POINT ( 'NONE',  ( -2.793185071074506700E-014, 2.000000000000000000, -21.78749999999994100 ) ) ;
#4073 = VERTEX_POINT ( 'NONE', #2650 ) ;
#4074 = CARTESIAN_POINT ( 'NONE',  ( -1.999999999999998200, -6.797959659259696400E-015, -13.12499999999997000 ) ) ;
#4075 = CARTESIAN_POINT ( 'NONE',  ( -0.8922005383792724900, 1.545336663013154900, -0.3791666666666634900 ) ) ;
#4076 = CARTESIAN_POINT ( 'NONE',  ( 0.8922005383792265300, 1.545336663013181100, -1.195833333333328200 ) ) ;
#4077 = CARTESIAN_POINT ( 'NONE',  ( 2.000000000000000000, 0.0000000000000000000, -22.00000000000000000 ) ) ;
#4078 = EDGE_CURVE ( 'NONE', #3236, #2681, #716, .T. ) ;
#4079 = CARTESIAN_POINT ( 'NONE',  ( 1.675184352895185100, -0.8189188021119419000, -0.3962290923964209000 ) ) ;
#4080 = ORIENTED_EDGE ( 'NONE', *, *, #6698, .T. ) ;
#4081 = CARTESIAN_POINT ( 'NONE',  ( 2.817678007057453700E-014, -2.000000000000000000, -8.837499999999975500 ) ) ;
#4082 = CARTESIAN_POINT ( 'NONE',  ( 1.732050807568922700, -0.9999999999999215100, -20.62083333333328000 ) ) ;
#4083 = CARTESIAN_POINT ( 'NONE',  ( 1.545336663013167300, -0.4140717108885664200, -4.843760739116950400 ) ) ;
#4084 = CARTESIAN_POINT ( 'NONE',  ( -0.8922005383792279700, -1.545336663013180200, -6.445833333333316000 ) ) ;
#4085 = EDGE_LOOP ( 'NONE', ( #1873, #781, #4882, #6846 ) ) ;
#4086 = B_SPLINE_CURVE_WITH_KNOTS ( 'NONE', 3,
 ( #6166, #1130, #3693, #7417, #537, #6962, #6310, #1871 ),
 .UNSPECIFIED., .F., .F.,
 ( 4, 2, 2, 4 ),
 ( 2.544365555418702100E-007, 0.0004475380576734571400, 0.0008948216787913724700, 0.001789388921027203300 ),
 .UNSPECIFIED. ) ;
#4087 = VECTOR ( 'NONE', #683, 1000.000000000000000 ) ;
#4088 = VECTOR ( 'NONE', #4570, 1000.000000000000000 ) ;
#4089 = CARTESIAN_POINT ( 'NONE',  ( 1.545336663013175300, -0.4140717108885439400, -15.34376073911692600 ) ) ;
#4090 = CARTESIAN_POINT ( 'NONE',  ( 0.8922005383792722700, -1.545336663013154900, -16.04166666666662200 ) ) ;
#4091 = EDGE_CURVE ( 'NONE', #7322, #6226, #7280, .T. ) ;
#4092 = DIRECTION ( 'NONE',  ( -1.000000000000000000, 0.0000000000000000000, 0.0000000000000000000 ) ) ;
#4093 = CARTESIAN_POINT ( 'NONE',  ( 1.732050807568898100, -0.9999999999999638100, -11.52083333333330400 ) ) ;
#4094 = ORIENTED_EDGE ( 'NONE', *, *, #5290, .T. ) ;
#4095 = CARTESIAN_POINT ( 'NONE',  ( 0.8922005383792283000, 1.545336663013179700, -13.79583333333329700 ) ) ;
#4096 = LINE ( 'NONE', #4501, #1299 ) ;
#4097 = ORIENTED_EDGE ( 'NONE', *, *, #2868, .F. ) ;
#4098 = CARTESIAN_POINT ( 'NONE',  ( 1.154700538379207900, 2.000000000000024900, -9.245833333333305100 ) ) ;
#4099 = CARTESIAN_POINT ( 'NONE',  ( -2.000000000000000400, -0.5358983848622632700, -3.993739260883024700 ) ) ;
#4100 = CARTESIAN_POINT ( 'NONE',  ( -1.732050807568847900, -1.000000000000051500, -10.26666666666664100 ) ) ;
#4101 = VERTEX_POINT ( 'NONE', #6414 ) ;
#4102 = CARTESIAN_POINT ( 'NONE',  ( -1.545336663013166200, -7.901901826148023500E-015, -16.27499999999995900 ) ) ;
#4103 = CARTESIAN_POINT ( 'NONE',  ( 2.817678007057453100E-014, -2.000000000000000000, -8.749999999999976900 ) ) ;
#4104 = CARTESIAN_POINT ( 'NONE',  ( -1.338300807568864000, -0.7726683315066029700, -2.916666666666656700 ) ) ;
#4105 = CYLINDRICAL_SURFACE ( 'NONE', #5817, 2.000000000000000000 ) ;
#4106 = ADVANCED_FACE ( 'NONE', ( #7589 ), #5554, .T. ) ;
#4107 = EDGE_CURVE ( 'NONE', #8017, #6866, #4750, .T. ) ;
#4108 = CARTESIAN_POINT ( 'NONE',  ( 0.8922005383792722700, -1.545336663013154900, -2.129166666666659300 ) ) ;
#4109 = CARTESIAN_POINT ( 'NONE',  ( -1.999999999999998200, 2.364760325913415700E-014, -19.51249999999995000 ) ) ;
#4110 = CARTESIAN_POINT ( 'NONE',  ( 4.752867541964906600E-014, -2.000000000000000000, -16.53749999999995500 ) ) ;
#4111 = CARTESIAN_POINT ( 'NONE',  ( 1.732050807568905400, -0.9999999999999510400, -12.22083333333330100 ) ) ;
#4112 = CARTESIAN_POINT ( 'NONE',  ( -1.732050807568891800, 0.9999999999999742400, -9.070833333333309800 ) ) ;
#4113 = ORIENTED_EDGE ( 'NONE', *, *, #2012, .F. ) ;
#4114 = CARTESIAN_POINT ( 'NONE',  ( 0.8922005383791779000, 1.545336663013208800, -20.09583333333328900 ) ) ;
#4115 = DIRECTION ( 'NONE',  ( -1.000000000000000000, 0.0000000000000000000, 0.0000000000000000000 ) ) ;
#4116 = CARTESIAN_POINT ( 'NONE',  ( -1.545336663013166200, -4.473870886863219300E-015, -11.37499999999997200 ) ) ;
#4117 = CARTESIAN_POINT ( 'NONE',  ( -1.338300807568886700, 0.7726683315065640000, -6.620833333333314900 ) ) ;
#4118 = CONICAL_SURFACE ( 'NONE', #185, 1.732050807568877400, 0.7853981633974500600 ) ;
#4119 =( BOUNDED_CURVE ( )  B_SPLINE_CURVE ( 2, ( #1088, #7374, #499, #8024, #4914, #6177, #7917, #1018, #4169 ),
 .UNSPECIFIED., .F., .F. ) 
 B_SPLINE_CURVE_WITH_KNOTS ( ( 3, 2, 2, 2, 3 ),
 ( 0.4338235294117648300, 0.4362745098039215700, 0.4411764705882352800, 0.4460784313725490400, 0.4485294117647060100 ),
 .UNSPECIFIED. ) 
 CURVE ( )  GEOMETRIC_REPRESENTATION_ITEM ( )  RATIONAL_B_SPLINE_CURVE ( ( 0.9330127018922194100, 0.9330127018922224100, 1.000000000000000000, 0.8660254037844387100, 1.000000000000000000, 0.8660254037844387100, 1.000000000000000000, 0.9330127018922163000, 0.9330127018922194100 ) ) 
 REPRESENTATION_ITEM ( '' )  );
#4120 = AXIS2_PLACEMENT_3D ( 'NONE', #774, #1391, #4510 ) ;
#4121 = CARTESIAN_POINT ( 'NONE',  ( -1.732050807568848800, -1.000000000000050000, -7.466666666666646400 ) ) ;
#4122 = VERTEX_POINT ( 'NONE', #7654 ) ;
#4123 = ORIENTED_EDGE ( 'NONE', *, *, #6239, .T. ) ;
#4124 = CARTESIAN_POINT ( 'NONE',  ( 1.338300807568855200, 0.7726683315066181800, -8.954166666666642600 ) ) ;
#4125 = CARTESIAN_POINT ( 'NONE',  ( 1.338300807568886300, -0.7726683315065647800, -17.38333333333329000 ) ) ;
#4126 = CARTESIAN_POINT ( 'NONE',  ( -1.545336663013167500, -2.062628785501873700E-015, -5.162499999999987200 ) ) ;
#4127 = VERTEX_POINT ( 'NONE', #7061 ) ;
#4128 = FACE_OUTER_BOUND ( 'NONE', #5268, .T. ) ;
#4129 = CARTESIAN_POINT ( 'NONE',  ( -2.158205648456237400E-014, 1.545336663013167300, -13.73749999999996500 ) ) ;
#4130 = LINE ( 'NONE', #5137, #6683 ) ;
#4131 = CARTESIAN_POINT ( 'NONE',  ( 2.000000000000001300, -0.5358983848622093100, -10.79376073911693700 ) ) ;
#4132 = CARTESIAN_POINT ( 'NONE',  ( -0.8922005383792267500, -1.545336663013181100, -0.8458333333333291100 ) ) ;
#4133 = CARTESIAN_POINT ( 'NONE',  ( 5.439164933996695500E-014, -2.000000000000000000, -6.037499999999981900 ) ) ;
#4134 = CARTESIAN_POINT ( 'NONE',  ( 0.8922005383791991000, 1.545336663013196600, -21.49583333333328000 ) ) ;
#4135 = CARTESIAN_POINT ( 'NONE',  ( 1.154700538379280100, -1.999999999999983300, -5.891666666666649700 ) ) ;
#4136 = CARTESIAN_POINT ( 'NONE',  ( 1.732050807568891200, -0.9999999999999753500, 0.4666666666666673400 ) ) ;
#4137 = CARTESIAN_POINT ( 'NONE',  ( -1.784401076758500100, -2.524860140211269500E-014, -0.1749999999999969900 ) ) ;
#4138 = EDGE_CURVE ( 'NONE', #6254, #839, #1288, .T. ) ;
#4139 = ORIENTED_EDGE ( 'NONE', *, *, #1385, .F. ) ;
#4140 = FACE_OUTER_BOUND ( 'NONE', #1211, .T. ) ;
#4141 = CYLINDRICAL_SURFACE ( 'NONE', #6638, 2.000000000000000000 ) ;
#4142 = CARTESIAN_POINT ( 'NONE',  ( -1.338300807568864000, -0.7726683315066029700, -3.704166666666655100 ) ) ;
#4143 = CARTESIAN_POINT ( 'NONE',  ( 1.545336663013167700, -2.324088772396478200E-016, -1.224999999999996500 ) ) ;
#4144 = APPROVAL ( #2024, 'UNSPECIFIED' ) ;
#4145 = CARTESIAN_POINT ( 'NONE',  ( 1.154700538379302300, -1.999999999999971100, -12.27916666666663500 ) ) ;
#4146 =( BOUNDED_CURVE ( )  B_SPLINE_CURVE ( 2, ( #558, #505, #1759, #3046, #6758, #1094, #1127, #4985, #1149 ),
 .UNSPECIFIED., .F., .F. ) 
 B_SPLINE_CURVE_WITH_KNOTS ( ( 3, 2, 2, 2, 3 ),
 ( 0.5661764705882353900, 0.5686274509803921400, 0.5735294117647058400, 0.5784313725490196600, 0.5808823529411766300 ),
 .UNSPECIFIED. ) 
 CURVE ( )  GEOMETRIC_REPRESENTATION_ITEM ( )  RATIONAL_B_SPLINE_CURVE ( ( 0.9330127018922194100, 0.9330127018922224100, 1.000000000000000000, 0.8660254037844387100, 1.000000000000000000, 0.8660254037844387100, 1.000000000000000000, 0.9330127018922163000, 0.9330127018922194100 ) ) 
 REPRESENTATION_ITEM ( '' )  );
#4147 = CARTESIAN_POINT ( 'NONE',  ( -1.999999999999998200, 1.185285273922203500E-014, -6.212499999999982600 ) ) ;
#4148 = CARTESIAN_POINT ( 'NONE',  ( 1.338300807568864300, 0.7726683315066025200, -6.154166666666649900 ) ) ;
#4149 = EDGE_CURVE ( 'NONE', #1666, #2667, #1794, .T. ) ;
#4150 = ADVANCED_FACE ( 'NONE', ( #1319 ), #3301, .T. ) ;
#4151 = CARTESIAN_POINT ( 'NONE',  ( 1.338300807568864300, 0.7726683315066025200, -20.76666666666661200 ) ) ;
#4152 = ORIENTED_EDGE ( 'NONE', *, *, #7079, .T. ) ;
#4153 = ORIENTED_EDGE ( 'NONE', *, *, #5422, .T. ) ;
#4154 = DIRECTION ( 'NONE',  ( -0.0000000000000000000, -0.0000000000000000000, -1.000000000000000000 ) ) ;
#4155 = EDGE_CURVE ( 'NONE', #4285, #6307, #3258, .T. ) ;
#4156 = CARTESIAN_POINT ( 'NONE',  ( 1.732050807568859200, 1.000000000000032000, -7.904166666666644600 ) ) ;
#4157 = DIRECTION ( 'NONE',  ( 0.0000000000000000000, 0.0000000000000000000, -1.000000000000000000 ) ) ;
#4158 = CARTESIAN_POINT ( 'NONE',  ( 1.154700538379223000, 2.000000000000016000, -6.358333333333315600 ) ) ;
#4159 = CARTESIAN_POINT ( 'NONE',  ( 1.784401076758500100, 2.503007529540795900E-014, -2.624999999999991100 ) ) ;
#4160 = DIRECTION ( 'NONE',  ( 0.0000000000000000000, -1.000000000000000000, 0.0000000000000000000 ) ) ;
#4161 = CARTESIAN_POINT ( 'NONE',  ( 0.8922005383792935800, -1.545336663013142200, -21.02916666666661200 ) ) ;
#4162 = CARTESIAN_POINT ( 'NONE',  ( -0.8922005383792875900, 1.545336663013145800, -19.97916666666661800 ) ) ;
#4163 = EDGE_CURVE ( 'NONE', #1821, #6460, #3695, .T. ) ;
#4164 = CARTESIAN_POINT ( 'NONE',  ( 1.999999999999998200, -2.963213184805508800E-015, -9.274999999999977300 ) ) ;
#4165 = CARTESIAN_POINT ( 'NONE',  ( -2.158205648456237400E-014, 1.545336663013167300, -8.137499999999978000 ) ) ;
#4166 = EDGE_LOOP ( 'NONE', ( #7914, #7485, #3987, #726 ) ) ;
#4167 = CARTESIAN_POINT ( 'NONE',  ( 1.545336663013168000, 0.4140717108886112800, -20.88123926088298200 ) ) ;
#4168 = CYLINDRICAL_SURFACE ( 'NONE', #2299, 2.000000000000000000 ) ;
#4169 = CARTESIAN_POINT ( 'NONE',  ( 2.000000000000002200, 5.171097518582162600E-015, -9.974999999999974800 ) ) ;
#4170 = CARTESIAN_POINT ( 'NONE',  ( 1.338300807568864300, 0.7726683315066025200, -21.46666666666661200 ) ) ;
#4171 = CARTESIAN_POINT ( 'NONE',  ( 4.202670494340343800E-014, -1.545336663013167300, -6.387499999999982400 ) ) ;
#4172 = CARTESIAN_POINT ( 'NONE',  ( -2.000000000000007100, -0.5358983848622713700, -13.79373926088300500 ) ) ;
#4173 = VECTOR ( 'NONE', #7001, 1000.000000000000000 ) ;
#4174 = CARTESIAN_POINT ( 'NONE',  ( 0.0000000000000000000, 0.0000000000000000000, -26.00000000000000000 ) ) ;
#4175 = EDGE_LOOP ( 'NONE', ( #6300, #5085, #6131, #2089 ) ) ;
#4176 = CARTESIAN_POINT ( 'NONE',  ( 2.000000000000001800, 4.125257571003747400E-015, -7.962499999999979900 ) ) ;
#4177 = CARTESIAN_POINT ( 'NONE',  ( 1.745798534184571200, 0.7218830313723845200, -22.00000000000000700 ) ) ;
#4178 = CARTESIAN_POINT ( 'NONE',  ( -2.793185071074506100E-014, 2.000000000000000000, -6.999999999999981300 ) ) ;
#4179 = CARTESIAN_POINT ( 'NONE',  ( -1.338300807568886700, 0.7726683315065640000, -1.633333333333326600 ) ) ;
#4180 = LINE ( 'NONE', #3482, #2294 ) ;
#4181 = CARTESIAN_POINT ( 'NONE',  ( 1.545336663013166400, 7.408032962013773400E-015, -19.42499999999995800 ) ) ;
#4182 = ORIENTED_EDGE ( 'NONE', *, *, #2570, .T. ) ;
#4183 =( BOUNDED_CURVE ( )  B_SPLINE_CURVE ( 2, ( #108, #5212, #2041, #3335, #4514, #5880, #4602, #3276, #746 ),
 .UNSPECIFIED., .F., .F. ) 
 B_SPLINE_CURVE_WITH_KNOTS ( ( 3, 2, 2, 2, 3 ),
 ( 0.6985294117647059500, 0.7009803921568627000, 0.7058823529411765200, 0.7107843137254902200, 0.7132352941176471900 ),
 .UNSPECIFIED. ) 
 CURVE ( )  GEOMETRIC_REPRESENTATION_ITEM ( )  RATIONAL_B_SPLINE_CURVE ( ( 0.9330127018922194100, 0.9330127018922224100, 1.000000000000000000, 0.8660254037844387100, 1.000000000000000000, 0.8660254037844387100, 1.000000000000000000, 0.9330127018922163000, 0.9330127018922194100 ) ) 
 REPRESENTATION_ITEM ( '' )  );
#4184 = EDGE_CURVE ( 'NONE', #2781, #2453, #3012, .T. ) ;
#4185 = CARTESIAN_POINT ( 'NONE',  ( 2.000000000000000000, 0.5358983848622969100, -19.13123926088298500 ) ) ;
#4186 = CYLINDRICAL_SURFACE ( 'NONE', #811, 2.000000000000000000 ) ;
#4187 = VERTEX_POINT ( 'NONE', #7863 ) ;
#4188 = CARTESIAN_POINT ( 'NONE',  ( 4.732568141770299800E-014, -1.545336663013167300, -16.09999999999995900 ) ) ;
#4189 = CARTESIAN_POINT ( 'NONE',  ( -2.158205648456237400E-014, 1.545336663013167300, -9.537499999999974800 ) ) ;
#4190 = VERTEX_POINT ( 'NONE', #5323 ) ;
#4191 = ORIENTED_EDGE ( 'NONE', *, *, #7365, .F. ) ;
#4192 = ORIENTED_EDGE ( 'NONE', *, *, #4840, .F. ) ;
#4193 = CARTESIAN_POINT ( 'NONE',  ( 2.000000000000000000, 0.0000000000000000000, -22.00000000000000000 ) ) ;
#4194 = CARTESIAN_POINT ( 'NONE',  ( 1.999999999999998200, 1.615241696815551800E-014, -14.26249999999996200 ) ) ;
#4195 = CYLINDRICAL_SURFACE ( 'NONE', #965, 1.545336663013167300 ) ;
#4196 = ORIENTED_EDGE ( 'NONE', *, *, #1946, .F. ) ;
#4197 = CARTESIAN_POINT ( 'NONE',  ( 1.732050807568847900, 1.000000000000051500, -20.41666666666661500 ) ) ;
#4198 = CARTESIAN_POINT ( 'NONE',  ( 1.784401076758500100, 2.503007529540795900E-014, -20.82499999999995000 ) ) ;
#4199 = EDGE_CURVE ( 'NONE', #1796, #7944, #5349, .T. ) ;
#4200 = VERTEX_POINT ( 'NONE', #6617 ) ;
#4201 = FACE_OUTER_BOUND ( 'NONE', #7505, .T. ) ;
#4202 = CARTESIAN_POINT ( 'NONE',  ( -0.8922005383792248600, -1.545336663013181700, -4.345833333333320800 ) ) ;
#4203 = CARTESIAN_POINT ( 'NONE',  ( -1.154700538379307900, 1.999999999999967800, -11.14166666666663700 ) ) ;
#4204 =( BOUNDED_CURVE ( )  B_SPLINE_CURVE ( 2, ( #7733, #5255, #4826, #2257, #5500, #3549, #7934, #1718, #7289 ),
 .UNSPECIFIED., .F., .F. ) 
 B_SPLINE_CURVE_WITH_KNOTS ( ( 3, 2, 2, 2, 3 ),
 ( 0.4044117647058824700, 0.4068627450980392100, 0.4117647058823529200, 0.4166666666666666900, 0.4191176470588236500 ),
 .UNSPECIFIED. ) 
 CURVE ( )  GEOMETRIC_REPRESENTATION_ITEM ( )  RATIONAL_B_SPLINE_CURVE ( ( 0.9330127018922194100, 0.9330127018922224100, 1.000000000000000000, 0.8660254037844387100, 1.000000000000000000, 0.8660254037844387100, 1.000000000000000000, 0.9330127018922163000, 0.9330127018922194100 ) ) 
 REPRESENTATION_ITEM ( '' )  );
#4205 = CARTESIAN_POINT ( 'NONE',  ( -1.545336663013167500, -1.655913250332490200E-015, -4.462499999999988800 ) ) ;
#4206 = CARTESIAN_POINT ( 'NONE',  ( 2.000000000000010200, -0.5358983848621931000, -14.99376073911692600 ) ) ;
#4207 = CARTESIAN_POINT ( 'NONE',  ( 2.817678007057453100E-014, -2.000000000000000000, -10.14999999999997500 ) ) ;
#4208 = CARTESIAN_POINT ( 'NONE',  ( -1.338300807568886700, 0.7726683315065640000, 0.4666666666666680600 ) ) ;
#4209 = ORIENTED_EDGE ( 'NONE', *, *, #2586, .F. ) ;
#4210 = CARTESIAN_POINT ( 'NONE',  ( 1.500000000000000000, 0.8660254037844389300, -23.75000000000000000 ) ) ;
#4211 = EDGE_CURVE ( 'NONE', #6082, #2889, #1218, .T. ) ;
#4212 = CARTESIAN_POINT ( 'NONE',  ( -1.545336663013166200, 9.180150650966086200E-015, -6.474999999999983700 ) ) ;
#4213 = LOCAL_TIME ( 8, 0, 44.00000000000000000, #5076 ) ;
#4214 = CARTESIAN_POINT ( 'NONE',  ( 2.000000000000000400, 0.5358983848622678200, -5.743739260883021600 ) ) ;
#4215 = CARTESIAN_POINT ( 'NONE',  ( -1.545336663013167700, 0.4140717108885609300, -12.80626073911693300 ) ) ;
#4217 = CARTESIAN_POINT ( 'NONE',  ( 1.338300807568847000, 0.7726683315066326100, -19.36666666666661700 ) ) ;
#4216 =( BOUNDED_CURVE ( )  B_SPLINE_CURVE ( 2, ( #6298, #7507, #1217, #8148, #1806, #1241, #5022, #1165, #5003 ),
 .UNSPECIFIED., .F., .F. ) 
 B_SPLINE_CURVE_WITH_KNOTS ( ( 3, 2, 2, 2, 3 ),
 ( 0.7426470588235295500, 0.7450980392156862900, 0.7500000000000000000, 0.7549019607843137100, 0.7573529411764706700 ),
 .UNSPECIFIED. ) 
 CURVE ( )  GEOMETRIC_REPRESENTATION_ITEM ( )  RATIONAL_B_SPLINE_CURVE ( ( 0.9330127018922194100, 0.9330127018922224100, 1.000000000000000000, 0.8660254037844387100, 1.000000000000000000, 0.8660254037844387100, 1.000000000000000000, 0.9330127018922163000, 0.9330127018922194100 ) ) 
 REPRESENTATION_ITEM ( '' )  );
#4218 = ORIENTED_EDGE ( 'NONE', *, *, #6142, .T. ) ;
#4219 = DIRECTION ( 'NONE',  ( -1.000000000000000000, 0.0000000000000000000, -0.0000000000000000000 ) ) ;
#4220 = SHAPE_DEFINITION_REPRESENTATION ( #467, #1524 ) ;
#4221 = CARTESIAN_POINT ( 'NONE',  ( 1.338300807568859200, 0.7726683315066114100, -15.16666666666662700 ) ) ;
#4222 = AXIS2_PLACEMENT_3D ( 'NONE', #7636, #666, #1309 ) ;
#4223 = CARTESIAN_POINT ( 'NONE',  ( 0.8922005383792035400, 1.545336663013193900, -13.09583333333329900 ) ) ;
#4224 = ORIENTED_EDGE ( 'NONE', *, *, #5029, .T. ) ;
#4225 = VECTOR ( 'NONE', #1947, 1000.000000000000200 ) ;
#4226 = CYLINDRICAL_SURFACE ( 'NONE', #3358, 2.000000000000000000 ) ;
#4227 = CARTESIAN_POINT ( 'NONE',  ( -1.338300807568886700, 0.7726683315065640000, -18.43333333333328700 ) ) ;
#4228 = CARTESIAN_POINT ( 'NONE',  ( -1.154700538379220600, -2.000000000000017300, -1.808333333333327100 ) ) ;
#4229 = CARTESIAN_POINT ( 'NONE',  ( 0.0000000000000000000, 0.0000000000000000000, -22.00000000000000000 ) ) ;
#4230 = LINE ( 'NONE', #3529, #3818 ) ;
#4231 = CARTESIAN_POINT ( 'NONE',  ( 1.338300807568863200, 0.7726683315066049700, -1.166666666666661400 ) ) ;
#4232 = CARTESIAN_POINT ( 'NONE',  ( 1.545336663013166200, 1.045839947578414800E-015, -16.71249999999995600 ) ) ;
#4233 = CARTESIAN_POINT ( 'NONE',  ( -2.309401076758502900, -3.267715314911616300E-014, -11.02499999999997200 ) ) ;
#4234 = CARTESIAN_POINT ( 'NONE',  ( -0.8922005383792279700, -1.545336663013180200, -6.358333333333315600 ) ) ;
#4235 = EDGE_CURVE ( 'NONE', #4441, #6324, #1043, .T. ) ;
#4236 = DIRECTION ( 'NONE',  ( -0.0000000000000000000, -0.0000000000000000000, -1.000000000000000000 ) ) ;
#4237 = CARTESIAN_POINT ( 'NONE',  ( 1.545336663013167500, 2.295037662741521500E-015, -4.724999999999987200 ) ) ;
#4238 = EDGE_LOOP ( 'NONE', ( #6071, #7868, #919, #4342 ) ) ;
#4239 = CARTESIAN_POINT ( 'NONE',  ( 1.545336663013169100, 4.677228654447910900E-015, -11.11249999999997200 ) ) ;
#4240 = CARTESIAN_POINT ( 'NONE',  ( -1.545336663013176000, -0.4140717108885998400, -21.84373926088298700 ) ) ;
#4241 = ORIENTED_EDGE ( 'NONE', *, *, #7002, .F. ) ;
#4242 = CARTESIAN_POINT ( 'NONE',  ( -1.999999999999999100, -0.2506345497440178900, -0.5103796512649309000 ) ) ;
#4243 = CARTESIAN_POINT ( 'NONE',  ( -1.732050807568862800, -1.000000000000025100, -8.954166666666640900 ) ) ;
#4244 = EDGE_CURVE ( 'NONE', #3062, #7599, #3868, .T. ) ;
#4245 = CARTESIAN_POINT ( 'NONE',  ( -1.545336663013172000, 1.644292806470507900E-014, -21.96249999999995200 ) ) ;
#4246 = CARTESIAN_POINT ( 'NONE',  ( -1.338300807568899800, 0.7726683315065414600, -12.22083333333330100 ) ) ;
#4247 = CARTESIAN_POINT ( 'NONE',  ( 2.177130564435878800E-014, -1.545336663013167300, -20.29999999999995100 ) ) ;
#4248 = VERTEX_POINT ( 'NONE', #2237 ) ;
#4249 = CARTESIAN_POINT ( 'NONE',  ( -2.000000000000006700, 0.5358983848622120800, -10.44376073911693600 ) ) ;
#4250 = EDGE_CURVE ( 'NONE', #24, #7322, #6465, .T. ) ;
#4251 = CARTESIAN_POINT ( 'NONE',  ( 1.545336663013162200, -0.4140717108885594900, -20.24376073911691200 ) ) ;
#4252 = ORIENTED_EDGE ( 'NONE', *, *, #4383, .T. ) ;
#4253 = CARTESIAN_POINT ( 'NONE',  ( -1.545336663013172000, 1.269533491921576000E-014, -14.17499999999996700 ) ) ;
#4254 = CARTESIAN_POINT ( 'NONE',  ( -1.154700538379280800, 1.999999999999983100, -9.741666666666642300 ) ) ;
#4255 = CARTESIAN_POINT ( 'NONE',  ( 1.545336663013167300, 1.892491597964127500E-016, 0.0000000000000000000 ) ) ;
#4256 = CARTESIAN_POINT ( 'NONE',  ( 2.177130564435878800E-014, -1.545336663013167300, -4.899999999999986100 ) ) ;
#4257 = CIRCLE ( 'NONE', #371, 1.545336663013167300 ) ;
#4258 = CARTESIAN_POINT ( 'NONE',  ( 1.545336663013166200, -3.108468733080288500E-015, -7.524999999999982600 ) ) ;
#4259 = CARTESIAN_POINT ( 'NONE',  ( -1.338300807568886700, 0.7726683315065640000, -20.62083333333328400 ) ) ;
#4260 = VERTEX_POINT ( 'NONE', #6648 ) ;
#4261 = CARTESIAN_POINT ( 'NONE',  ( 1.154700538379223000, 2.000000000000016000, -16.85833333333329200 ) ) ;
#4262 = CARTESIAN_POINT ( 'NONE',  ( -0.6751018034142587400, 1.390073004226571400, -22.00000000000000000 ) ) ;
#4263 = CARTESIAN_POINT ( 'NONE',  ( -2.000000000000000400, -2.149782114466741500E-015, -4.724999999999988100 ) ) ;
#4264 = CARTESIAN_POINT ( 'NONE',  ( 1.545336663013173300, -0.4140717108885514900, -21.55626073911691200 ) ) ;
#4265 = EDGE_LOOP ( 'NONE', ( #6350, #3092, #529, #220 ) ) ;
#4266 = AXIS2_PLACEMENT_3D ( 'NONE', #1369, #5806, #2017 ) ;
#4267 = PLANE ( 'NONE',  #101 ) ;
#4268 = CARTESIAN_POINT ( 'NONE',  ( -1.732050807568891800, 0.9999999999999742400, -8.370833333333310500 ) ) ;
#4269 = VERTEX_POINT ( 'NONE', #7145 ) ;
#4270 = AXIS2_PLACEMENT_3D ( 'NONE', #3949, #6483, #5829 ) ;
#4271 = ADVANCED_FACE ( 'NONE', ( #6179 ), #8026, .T. ) ;
#4272 = CARTESIAN_POINT ( 'NONE',  ( 1.338300807568858300, 0.7726683315066128500, -17.96666666666661900 ) ) ;
#4273 = CARTESIAN_POINT ( 'NONE',  ( -1.999999999999990000, 0.5358983848622250700, -13.24376073911693300 ) ) ;
#4274 = EDGE_LOOP ( 'NONE', ( #3487, #5570, #3966, #7086 ) ) ;
#4275 = CARTESIAN_POINT ( 'NONE',  ( -0.8922005383792724900, 1.545336663013154900, -21.99166666666661000 ) ) ;
#4276 = ORIENTED_EDGE ( 'NONE', *, *, #5605, .T. ) ;
#4277 = CARTESIAN_POINT ( 'NONE',  ( -2.000000000000000400, -5.810221930991195400E-017, -1.924999999999995600 ) ) ;
#4278 =( BOUNDED_CURVE ( )  B_SPLINE_CURVE ( 2, ( #4631, #1513, #2809, #7773, #4663, #1480, #885, #7173, #2092 ),
 .UNSPECIFIED., .F., .F. ) 
 B_SPLINE_CURVE_WITH_KNOTS ( ( 3, 2, 2, 2, 3 ),
 ( 0.6397058823529413500, 0.6421568627450980900, 0.6470588235294118000, 0.6519607843137255100, 0.6544117647058824700 ),
 .UNSPECIFIED. ) 
 CURVE ( )  GEOMETRIC_REPRESENTATION_ITEM ( )  RATIONAL_B_SPLINE_CURVE ( ( 0.9330127018922193000, 0.9330127018922238500, 1.000000000000000000, 0.8660254037844387100, 1.000000000000000000, 0.8660254037844387100, 1.000000000000000000, 0.9330127018922163000, 0.9330127018922194100 ) ) 
 REPRESENTATION_ITEM ( '' )  );
#4279 = VECTOR ( 'NONE', #5977, 1000.000000000000000 ) ;
#4280 = CARTESIAN_POINT ( 'NONE',  ( 2.000000000000006200, 1.562949699436631300E-014, -14.96249999999996100 ) ) ;
#4281 = CARTESIAN_POINT ( 'NONE',  ( -6.398534668061581500E-014, 1.545336663013167300, -16.53749999999995500 ) ) ;
#4282 = CARTESIAN_POINT ( 'NONE',  ( 2.000000000000000400, -4.009053132383925200E-015, -3.062499999999992000 ) ) ;
#4283 = CARTESIAN_POINT ( 'NONE',  ( 2.177130564435878800E-014, -1.545336663013167300, -5.599999999999984500 ) ) ;
#4284 = ORIENTED_EDGE ( 'NONE', *, *, #1654, .T. ) ;
#4285 = VERTEX_POINT ( 'NONE', #2960 ) ;
#4286 = CARTESIAN_POINT ( 'NONE',  ( 1.784401076758500100, 2.503007529540795600E-014, -22.31249999999994300 ) ) ;
#4287 = CARTESIAN_POINT ( 'NONE',  ( -1.732050807568862800, -1.000000000000025100, -19.36666666666661700 ) ) ;
#4288 = ORIENTED_EDGE ( 'NONE', *, *, #3819, .F. ) ;
#4289 =( BOUNDED_CURVE ( )  B_SPLINE_CURVE ( 2, ( #6612, #2798, #7907, #6642, #4802, #6697, #6096, #962, #1563 ),
 .UNSPECIFIED., .F., .F. ) 
 B_SPLINE_CURVE_WITH_KNOTS ( ( 3, 2, 2, 2, 3 ),
 ( 0.1250000000000000600, 0.1274509803921568500, 0.1323529411764705900, 0.1372549019607843300, 0.1397058823529412600 ),
 .UNSPECIFIED. ) 
 CURVE ( )  GEOMETRIC_REPRESENTATION_ITEM ( )  RATIONAL_B_SPLINE_CURVE ( ( 0.9330127018922194100, 0.9330127018922210700, 1.000000000000000000, 0.8660254037844387100, 1.000000000000000000, 0.8660254037844387100, 1.000000000000000000, 0.9330127018922170800, 0.9330127018922194100 ) ) 
 REPRESENTATION_ITEM ( '' )  );
#4290 = CARTESIAN_POINT ( 'NONE',  ( 2.000000000000000000, -5.868324150301105800E-015, -1.662499999999995200 ) ) ;
#4291 = EDGE_CURVE ( 'NONE', #2453, #4285, #5586, .T. ) ;
#4292 = CARTESIAN_POINT ( 'NONE',  ( -5.536889085673848500E-014, 2.000000000000000000, -18.19999999999995700 ) ) ;
#4293 = VECTOR ( 'NONE', #6872, 1000.000000000000000 ) ;
#4294 = CARTESIAN_POINT ( 'NONE',  ( -1.732050807568862800, -1.000000000000025100, -10.35416666666663800 ) ) ;
#4295 =( BOUNDED_CURVE ( )  B_SPLINE_CURVE ( 2, ( #4520, #754, #146, #5808, #780, #5188, #1401, #7692, #177 ),
 .UNSPECIFIED., .F., .F. ) 
 B_SPLINE_CURVE_WITH_KNOTS ( ( 3, 2, 2, 2, 3 ),
 ( 0.2279411764705883100, 0.2303921568627450800, 0.2352941176470588200, 0.2401960784313725600, 0.2426470588235294900 ),
 .UNSPECIFIED. ) 
 CURVE ( )  GEOMETRIC_REPRESENTATION_ITEM ( )  RATIONAL_B_SPLINE_CURVE ( ( 0.9330127018922194100, 0.9330127018922216300, 1.000000000000000000, 0.8660254037844387100, 1.000000000000000000, 0.8660254037844387100, 1.000000000000000000, 0.9330127018922170800, 0.9330127018922194100 ) ) 
 REPRESENTATION_ITEM ( '' )  );
#4296 =( BOUNDED_CURVE ( )  B_SPLINE_CURVE ( 2, ( #7194, #3471, #4082, #309, #3927, #7613, #3894, #5778, #1959 ),
 .UNSPECIFIED., .F., .F. ) 
 B_SPLINE_CURVE_WITH_KNOTS ( ( 3, 2, 2, 2, 3 ),
 ( 0.9191176470588235900, 0.9215686274509803400, 0.9264705882352941600, 0.9313725490196078600, 0.9338235294117649400 ),
 .UNSPECIFIED. ) 
 CURVE ( )  GEOMETRIC_REPRESENTATION_ITEM ( )  RATIONAL_B_SPLINE_CURVE ( ( 0.9330127018922194100, 0.9330127018922224100, 1.000000000000000000, 0.8660254037844387100, 1.000000000000000000, 0.8660254037844387100, 1.000000000000000000, 0.9330127018922133000, 0.9330127018922194100 ) ) 
 REPRESENTATION_ITEM ( '' )  );
#4297 = CARTESIAN_POINT ( 'NONE',  ( -2.000000000000000400, 5.229199737892076000E-016, -1.224999999999997000 ) ) ;
#4298 = ORIENTED_EDGE ( 'NONE', *, *, #1070, .F. ) ;
#4299 = CARTESIAN_POINT ( 'NONE',  ( 1.154700538379223000, 2.000000000000016000, 0.5541666666666684700 ) ) ;
#4300 = CARTESIAN_POINT ( 'NONE',  ( 1.545336663013166000, -0.4140717108885692600, -3.356260739116954600 ) ) ;
#4301 = CYLINDRICAL_SURFACE ( 'NONE', #2028, 2.000000000000000000 ) ;
#4302 = EDGE_CURVE ( 'NONE', #5073, #588, #2641, .T. ) ;
#4303 = CARTESIAN_POINT ( 'NONE',  ( 3.150000000000003000, 0.0000000000000000000, -26.00000000000000000 ) ) ;
#4304 = ORIENTED_EDGE ( 'NONE', *, *, #2379, .T. ) ;
#4305 = CARTESIAN_POINT ( 'NONE',  ( 1.545336663013166000, -5.810221930991194200E-017, -13.21249999999996700 ) ) ;
#4306 = CARTESIAN_POINT ( 'NONE',  ( -2.000000000000000000, 2.449293598294706400E-016, -22.00000000000000000 ) ) ;
#4307 = ADVANCED_FACE ( 'NONE', ( #4706 ), #4118, .F. ) ;
#4308 = CARTESIAN_POINT ( 'NONE',  ( -1.999999999999998200, -7.378981852358816700E-015, -14.61249999999996300 ) ) ;
#4309 = CARTESIAN_POINT ( 'NONE',  ( -1.545336663013167500, 2.033577675846917700E-015, -2.362499999999994000 ) ) ;
#4310 = CARTESIAN_POINT ( 'NONE',  ( 0.8922005383792283000, 1.545336663013179700, -3.208333333333323700 ) ) ;
#4311 = ORIENTED_EDGE ( 'NONE', *, *, #4244, .T. ) ;
#4312 = VECTOR ( 'NONE', #6209, 1000.000000000000000 ) ;
#4313 = CARTESIAN_POINT ( 'NONE',  ( 0.8922005383792722700, -1.545336663013154900, -20.32916666666661200 ) ) ;
#4314 = CARTESIAN_POINT ( 'NONE',  ( -2.793185071074506100E-014, 2.000000000000000000, -18.89999999999995200 ) ) ;
#4315 = CARTESIAN_POINT ( 'NONE',  ( -1.732050807568910700, 0.9999999999999417100, -18.08333333333329000 ) ) ;
#4316 = CARTESIAN_POINT ( 'NONE',  ( 1.500000000000000200, 0.3008948816466100500, -25.79149480117053300 ) ) ;
#4317 = ORIENTED_EDGE ( 'NONE', *, *, #745, .T. ) ;
#4318 = CYLINDRICAL_SURFACE ( 'NONE', #6836, 1.545336663013167300 ) ;
#4319 = CARTESIAN_POINT ( 'NONE',  ( 1.154700538379297000, -1.999999999999973600, -5.279166666666650800 ) ) ;
#4320 = CARTESIAN_POINT ( 'NONE',  ( -2.793185071074506700E-014, 2.000000000000000000, -12.68749999999996600 ) ) ;
#4321 = CYLINDRICAL_SURFACE ( 'NONE', #4942, 2.000000000000000000 ) ;
#4322 = CARTESIAN_POINT ( 'NONE',  ( 0.0000000000000000000, 0.0000000000000000000, -22.00000000000000000 ) ) ;
#4323 = CARTESIAN_POINT ( 'NONE',  ( -2.000000000000006200, 2.120731004811785500E-014, -21.61249999999994700 ) ) ;
#4324 = CARTESIAN_POINT ( 'NONE',  ( 1.338300807568861200, 0.7726683315066081900, -8.254166666666643300 ) ) ;
#4325 = CARTESIAN_POINT ( 'NONE',  ( -1.732050807568856800, -1.000000000000036200, -5.366666666666651200 ) ) ;
#4326 = CARTESIAN_POINT ( 'NONE',  ( -1.545336663013166200, -9.441610637860690400E-015, -19.07499999999995300 ) ) ;
#4327 = CARTESIAN_POINT ( 'NONE',  ( 1.338300807568862700, 0.7726683315066053000, -1.954166666666659500 ) ) ;
#4328 = ORIENTED_EDGE ( 'NONE', *, *, #5290, .F. ) ;
#4329 = CARTESIAN_POINT ( 'NONE',  ( -1.338300807568864000, -0.7726683315066029700, -3.616666666666655100 ) ) ;
#4330 = EDGE_CURVE ( 'NONE', #6243, #4248, #511, .T. ) ;
#4331 = CARTESIAN_POINT ( 'NONE',  ( -2.158205648456237400E-014, 1.545336663013167300, -22.13749999999994200 ) ) ;
#4332 = CARTESIAN_POINT ( 'NONE',  ( 1.154700538379280100, -1.999999999999983300, -15.69166666666662700 ) ) ;
#4333 = CARTESIAN_POINT ( 'NONE',  ( 1.425403409104220000, -1.531128874149665600, -21.96431585099201200 ) ) ;
#4334 = CARTESIAN_POINT ( 'NONE',  ( -1.154700538379280800, 1.999999999999983100, -15.42916666666662600 ) ) ;
#4335 = EDGE_CURVE ( 'NONE', #4260, #6815, #2316, .T. ) ;
#4336 = CARTESIAN_POINT ( 'NONE',  ( 0.0000000000000000000, 0.0000000000000000000, 0.0000000000000000000 ) ) ;
#4337 = VECTOR ( 'NONE', #3273, 1000.000000000000000 ) ;
#4338 = AXIS2_PLACEMENT_3D ( 'NONE', #5593, #3686, #4891 ) ;
#4339 = CARTESIAN_POINT ( 'NONE',  ( -1.338300807568858300, -0.7726683315066128500, -7.904166666666644600 ) ) ;
#4340 = ORIENTED_EDGE ( 'NONE', *, *, #1212, .T. ) ;
#4341 = LINE ( 'NONE', #1399, #7372 ) ;
#4342 = ORIENTED_EDGE ( 'NONE', *, *, #1958, .F. ) ;
#4343 = EDGE_CURVE ( 'NONE', #6743, #4441, #7203, .T. ) ;
#4344 = CARTESIAN_POINT ( 'NONE',  ( 2.527337163406383600E-014, -1.545336663013167300, -0.6999999999999959600 ) ) ;
#4345 = CARTESIAN_POINT ( 'NONE',  ( -3.150000000000003000, 3.857637417314166600E-016, -26.00000000000000000 ) ) ;
#4346 = AXIS2_PLACEMENT_3D ( 'NONE', #4637, #7072, #5886 ) ;
#4347 = CARTESIAN_POINT ( 'NONE',  ( -0.8922005383792279700, -1.545336663013180200, -10.55833333333330300 ) ) ;
#4348 = CARTESIAN_POINT ( 'NONE',  ( 1.338300807568855600, 0.7726683315066174000, -7.466666666666646400 ) ) ;
#4349 = CONICAL_SURFACE ( 'NONE', #5156, 3.500000000000000000, 0.7853981633974439500 ) ;
#4350 = CARTESIAN_POINT ( 'NONE',  ( 2.309401076758502900, 3.239433308545618900E-014, -2.974999999999990800 ) ) ;
#4351 = EDGE_LOOP ( 'NONE', ( #7546, #2794, #1230, #5947 ) ) ;
#4352 = CARTESIAN_POINT ( 'NONE',  ( 1.154700538379223000, 2.000000000000016000, -18.25833333333328300 ) ) ;
#4353 = CARTESIAN_POINT ( 'NONE',  ( -1.732050807568894500, 0.9999999999999699100, -1.370833333333326700 ) ) ;
#4354 = CARTESIAN_POINT ( 'NONE',  ( 1.545336663013169100, 3.950950913074011700E-015, -9.624999999999976900 ) ) ;
#4355 = CARTESIAN_POINT ( 'NONE',  ( 1.500000000000000000, 0.8660254037844396000, -26.00000000000000000 ) ) ;
#4356 = AXIS2_PLACEMENT_3D ( 'NONE', #7466, #586, #8037 ) ;
#4357 = CARTESIAN_POINT ( 'NONE',  ( -1.154700538379289400, 1.999999999999978000, -4.229166666666653600 ) ) ;
#4358 = CARTESIAN_POINT ( 'NONE',  ( -2.793185071074506700E-014, 2.000000000000000000, -13.38749999999996600 ) ) ;
#4359 = ORIENTED_EDGE ( 'NONE', *, *, #1851, .F. ) ;
#4360 = CARTESIAN_POINT ( 'NONE',  ( 0.0000000000000000000, 0.0000000000000000000, 0.0000000000000000000 ) ) ;
#4361 = VECTOR ( 'NONE', #3782, 1000.000000000000000 ) ;
#4362 = CARTESIAN_POINT ( 'NONE',  ( -1.338300807568845000, -0.7726683315066365000, -17.70416666666662000 ) ) ;
#4363 = ORIENTED_EDGE ( 'NONE', *, *, #68, .T. ) ;
#4364 = CARTESIAN_POINT ( 'NONE',  ( 0.5384259278124200500, -1.897779216651377800, -21.99999999999999600 ) ) ;
#4365 = CARTESIAN_POINT ( 'NONE',  ( -1.732050807568891800, 0.9999999999999742400, 0.02916666666666974100 ) ) ;
#4366 = CARTESIAN_POINT ( 'NONE',  ( 1.732050807568852300, 1.000000000000043700, -7.204166666666647100 ) ) ;
#4367 = CARTESIAN_POINT ( 'NONE',  ( 0.8922005383792875900, -1.545336663013145800, -9.829166666666640900 ) ) ;
#4368 = ORIENTED_EDGE ( 'NONE', *, *, #5083, .F. ) ;
#4369 = ORIENTED_EDGE ( 'NONE', *, *, #4871, .T. ) ;
#4370 = FACE_OUTER_BOUND ( 'NONE', #3453, .T. ) ;
#4371 = ORIENTED_EDGE ( 'NONE', *, *, #2203, .F. ) ;
#4372 = ADVANCED_FACE ( 'NONE', ( #1731 ), #1632, .T. ) ;
#4373 = CARTESIAN_POINT ( 'NONE',  ( -1.999999999999998200, -1.028409281785441300E-014, -16.01249999999996000 ) ) ;
#4374 = CARTESIAN_POINT ( 'NONE',  ( -2.000000000000000400, 5.229199737892076000E-016, -0.6124999999999973800 ) ) ;
#4375 = CARTESIAN_POINT ( 'NONE',  ( 1.545336663013167300, 1.892491597964127500E-016, 0.0000000000000000000 ) ) ;
#4376 = CARTESIAN_POINT ( 'NONE',  ( -1.338300807568864000, -0.7726683315066029700, -9.216666666666640100 ) ) ;
#4377 = VERTEX_POINT ( 'NONE', #6977 ) ;
#4378 = EDGE_LOOP ( 'NONE', ( #7387, #2711, #8077, #2115 ) ) ;
#4379 = CARTESIAN_POINT ( 'NONE',  ( -1.938153584520535500, -0.4935186752395485100, -0.4962114106110250800 ) ) ;
#4380 = CARTESIAN_POINT ( 'NONE',  ( -1.154700538379280800, 1.999999999999983100, -1.341666666666661700 ) ) ;
#4381 = CARTESIAN_POINT ( 'NONE',  ( -2.793185071074506100E-014, 2.000000000000000000, -20.99999999999995000 ) ) ;
#4382 = CARTESIAN_POINT ( 'NONE',  ( -2.000000000000000400, 5.229199737892076000E-016, -0.6124999999999973800 ) ) ;
#4383 = EDGE_CURVE ( 'NONE', #4122, #6078, #3160, .T. ) ;
#4384 = VERTEX_POINT ( 'NONE', #3845 ) ;
#4385 = CARTESIAN_POINT ( 'NONE',  ( -1.545336663013167500, -1.655913250332490200E-015, -4.374999999999989300 ) ) ;
#4386 = CARTESIAN_POINT ( 'NONE',  ( 1.154700538379223000, 2.000000000000016000, -14.84583333333329600 ) ) ;
#4387 = CARTESIAN_POINT ( 'NONE',  ( 1.545336663013176000, -0.4140717108885409400, -20.85626073911691900 ) ) ;
#4388 = ORIENTED_EDGE ( 'NONE', *, *, #2927, .F. ) ;
#4389 = CARTESIAN_POINT ( 'NONE',  ( 0.0000000000000000000, 0.0000000000000000000, -26.00000000000000000 ) ) ;
#4390 = CARTESIAN_POINT ( 'NONE',  ( 0.8922005383791795600, 1.545336663013208400, -17.20833333333329000 ) ) ;
#4391 = CARTESIAN_POINT ( 'NONE',  ( -1.338300807568887100, 0.7726683315065631100, -6.533333333333314600 ) ) ;
#4392 = CARTESIAN_POINT ( 'NONE',  ( 1.999999999999998200, 1.911563015296102800E-014, -21.26249999999994600 ) ) ;
#4393 = CARTESIAN_POINT ( 'NONE',  ( 1.154700538379212200, 2.000000000000022200, -2.945833333333324000 ) ) ;
#4394 = EDGE_CURVE ( 'NONE', #2233, #5607, #2554, .T. ) ;
#4395 = EDGE_LOOP ( 'NONE', ( #5952, #7125, #6114, #3389 ) ) ;
#4396 = FACE_OUTER_BOUND ( 'NONE', #5334, .T. ) ;
#4397 = CARTESIAN_POINT ( 'NONE',  ( 1.999999999999998200, 0.5358983848622741500, -12.83123926088300400 ) ) ;
#4398 = CARTESIAN_POINT ( 'NONE',  ( 1.545336663013167500, 1.074891057233370900E-015, -0.5249999999999980200 ) ) ;
#4399 = CARTESIAN_POINT ( 'NONE',  ( -0.8922005383792935800, 1.545336663013142200, -10.79166666666663800 ) ) ;
#4400 = CARTESIAN_POINT ( 'NONE',  ( -2.158205648456237700E-014, 1.545336663013167300, -9.449999999999974400 ) ) ;
#4401 = CARTESIAN_POINT ( 'NONE',  ( 1.732050807568863200, 1.000000000000024400, -0.1166666666666645500 ) ) ;
#4402 = CARTESIAN_POINT ( 'NONE',  ( 1.784401076758500100, 2.503007529540795600E-014, -17.41249999999995500 ) ) ;
#4403 = CARTESIAN_POINT ( 'NONE',  ( 2.309401076758502900, 3.239433308545618900E-014, -22.57499999999993900 ) ) ;
#4404 = CARTESIAN_POINT ( 'NONE',  ( -1.999999999999998200, 1.185285273922203500E-014, -6.212499999999982600 ) ) ;
#4405 = CARTESIAN_POINT ( 'NONE',  ( 1.545336663013167500, -2.817957636530729900E-015, -4.024999999999990600 ) ) ;
#4406 = CARTESIAN_POINT ( 'NONE',  ( 1.732050807568891200, -0.9999999999999753500, -14.32083333333329600 ) ) ;
#4407 = ADVANCED_FACE ( 'NONE', ( #2236 ), #7036, .T. ) ;
#4408 = ORIENTED_EDGE ( 'NONE', *, *, #2634, .F. ) ;
#4409 =( BOUNDED_CURVE ( )  B_SPLINE_CURVE ( 2, ( #2780, #7149, #7776, #889, #7176, #3424, #975, #4172, #4788 ),
 .UNSPECIFIED., .F., .F. ) 
 B_SPLINE_CURVE_WITH_KNOTS ( ( 3, 2, 2, 2, 3 ),
 ( 0.5955882352941177500, 0.5980392156862744900, 0.6029411764705882000, 0.6078431372549019100, 0.6102941176470589900 ),
 .UNSPECIFIED. ) 
 CURVE ( )  GEOMETRIC_REPRESENTATION_ITEM ( )  RATIONAL_B_SPLINE_CURVE ( ( 0.9330127018922194100, 0.9330127018922224100, 1.000000000000000000, 0.8660254037844387100, 1.000000000000000000, 0.8660254037844387100, 1.000000000000000000, 0.9330127018922147500, 0.9330127018922193000 ) ) 
 REPRESENTATION_ITEM ( '' )  );
#4410 = CARTESIAN_POINT ( 'NONE',  ( 1.338300807568910500, -0.7726683315065231400, -20.88333333333328300 ) ) ;
#4411 = CARTESIAN_POINT ( 'NONE',  ( 7.004323286104384500E-014, -1.545336663013167300, -17.58749999999995600 ) ) ;
#4412 = CARTESIAN_POINT ( 'NONE',  ( 1.545336663013166200, 1.397358374403382100E-014, -17.32499999999995700 ) ) ;
#4413 = CARTESIAN_POINT ( 'NONE',  ( -1.732050807568891800, 0.9999999999999742400, -1.370833333333326700 ) ) ;
#4414 = CARTESIAN_POINT ( 'NONE',  ( 1.545336663013167500, 4.764381983412778700E-015, -1.924999999999994500 ) ) ;
#4415 = ORIENTED_EDGE ( 'NONE', *, *, #407, .T. ) ;
#4416 = CARTESIAN_POINT ( 'NONE',  ( 1.154700538379171500, 2.000000000000046200, -20.44583333333327600 ) ) ;
#4417 = CARTESIAN_POINT ( 'NONE',  ( 1.545336663013166400, -0.4140717108885537100, -14.55626073911692900 ) ) ;
#4418 = CC_DESIGN_DATE_AND_TIME_ASSIGNMENT ( #5484, #5195, ( #1735 ) ) ;
#4419 =( BOUNDED_CURVE ( )  B_SPLINE_CURVE ( 2, ( #2342, #7360, #4921, #8014, #6191, #6808, #3031, #5386, #2863 ),
 .UNSPECIFIED., .F., .F. ) 
 B_SPLINE_CURVE_WITH_KNOTS ( ( 3, 2, 2, 2, 3 ),
 ( 0.1985294117647059800, 0.2009803921568627500, 0.2058823529411764600, 0.2107843137254902000, 0.2132352941176471600 ),
 .UNSPECIFIED. ) 
 CURVE ( )  GEOMETRIC_REPRESENTATION_ITEM ( )  RATIONAL_B_SPLINE_CURVE ( ( 0.9330127018922194100, 0.9330127018922220700, 1.000000000000000000, 0.8660254037844387100, 1.000000000000000000, 0.8660254037844387100, 1.000000000000000000, 0.9330127018922167400, 0.9330127018922194100 ) ) 
 REPRESENTATION_ITEM ( '' )  );
#4420 = ORIENTED_EDGE ( 'NONE', *, *, #8021, .F. ) ;
#4421 = CARTESIAN_POINT ( 'NONE',  ( 1.545336663013166000, -5.810221930991194200E-017, -13.12499999999996800 ) ) ;
#4422 = CARTESIAN_POINT ( 'NONE',  ( -1.545336663013169100, -7.640441839253419300E-015, -10.67499999999997400 ) ) ;
#4423 = VERTEX_POINT ( 'NONE', #2510 ) ;
#4424 = CARTESIAN_POINT ( 'NONE',  ( -1.545336663013166200, -7.117521865464212500E-015, -17.67499999999995800 ) ) ;
#4425 = CARTESIAN_POINT ( 'NONE',  ( -1.784401076758500100, -2.524860140211269500E-014, -8.574999999999974400 ) ) ;
#4426 = EDGE_CURVE ( 'NONE', #1446, #7527, #5759, .T. ) ;
#4427 = CARTESIAN_POINT ( 'NONE',  ( -4.429578179401756300E-014, 1.545336663013167300, -20.64999999999994900 ) ) ;
#4428 = CARTESIAN_POINT ( 'NONE',  ( 2.817678007057453100E-014, -2.000000000000000000, -2.449999999999992200 ) ) ;
#4429 = CARTESIAN_POINT ( 'NONE',  ( -1.338300807568886700, 0.7726683315065640000, -16.42083333333329500 ) ) ;
#4430 =( BOUNDED_CURVE ( )  B_SPLINE_CURVE ( 2, ( #5274, #7725, #1370, #176, #7126, #2633, #4608, #2047, #2689 ),
 .UNSPECIFIED., .F., .F. ) 
 B_SPLINE_CURVE_WITH_KNOTS ( ( 3, 2, 2, 2, 3 ),
 ( 0.7867647058823530300, 0.7892156862745097800, 0.7941176470588234800, 0.7990196078431373000, 0.8014705882352942700 ),
 .UNSPECIFIED. ) 
 CURVE ( )  GEOMETRIC_REPRESENTATION_ITEM ( )  RATIONAL_B_SPLINE_CURVE ( ( 0.9330127018922194100, 0.9330127018922224100, 1.000000000000000000, 0.8660254037844387100, 1.000000000000000000, 0.8660254037844387100, 1.000000000000000000, 0.9330127018922163000, 0.9330127018922194100 ) ) 
 REPRESENTATION_ITEM ( '' )  );
#4431 = ORIENTED_EDGE ( 'NONE', *, *, #6407, .F. ) ;
#4432 = CARTESIAN_POINT ( 'NONE',  ( -2.793185071074506100E-014, 2.000000000000000000, -19.59999999999995200 ) ) ;
#4433 = CARTESIAN_POINT ( 'NONE',  ( 0.8922005383792186400, 1.545336663013185100, -5.308333333333317600 ) ) ;
#4434 = DIRECTION ( 'NONE',  ( -0.0000000000000000000, -0.0000000000000000000, -1.000000000000000000 ) ) ;
#4435 = CARTESIAN_POINT ( 'NONE',  ( 1.154700538379223000, 2.000000000000016000, -19.04583333333328100 ) ) ;
#4436 = ORIENTED_EDGE ( 'NONE', *, *, #3264, .T. ) ;
#4437 = EDGE_CURVE ( 'NONE', #4590, #5768, #738, .T. ) ;
#4438 = VERTEX_POINT ( 'NONE', #2561 ) ;
#4439 =( BOUNDED_CURVE ( )  B_SPLINE_CURVE ( 2, ( #7864, #3539, #4833, #1045, #455, #2962, #4197, #2358, #2914 ),
 .UNSPECIFIED., .F., .F. ) 
 B_SPLINE_CURVE_WITH_KNOTS ( ( 3, 2, 2, 2, 3 ),
 ( 0.8750000000000002200, 0.8774509803921568500, 0.8823529411764705600, 0.8872549019607842700, 0.8897058823529413500 ),
 .UNSPECIFIED. ) 
 CURVE ( )  GEOMETRIC_REPRESENTATION_ITEM ( )  RATIONAL_B_SPLINE_CURVE ( ( 0.9330127018922194100, 0.9330127018922254000, 1.000000000000000000, 0.8660254037844387100, 1.000000000000000000, 0.8660254037844387100, 1.000000000000000000, 0.9330127018922147500, 0.9330127018922193000 ) ) 
 REPRESENTATION_ITEM ( '' )  );
#4440 = CARTESIAN_POINT ( 'NONE',  ( -1.545336663013164400, 0.4140717108885643700, -19.80626073911691500 ) ) ;
#4441 = VERTEX_POINT ( 'NONE', #7626 ) ;
#4442 = CARTESIAN_POINT ( 'NONE',  ( 5.421010862427522200E-016, 1.732050807568877600, -26.00000000000000000 ) ) ;
#4443 = CARTESIAN_POINT ( 'NONE',  ( 1.732050807568863200, 1.000000000000024400, -1.604166666666659600 ) ) ;
#4444 = CARTESIAN_POINT ( 'NONE',  ( 0.0000000000000000000, 0.0000000000000000000, 0.0000000000000000000 ) ) ;
#4445 = CARTESIAN_POINT ( 'NONE',  ( -2.000000000000000000, 4.764381983412779500E-015, -2.712499999999992800 ) ) ;
#4446 = ORIENTED_EDGE ( 'NONE', *, *, #7226, .T. ) ;
#4447 = CARTESIAN_POINT ( 'NONE',  ( -0.6751018034142587400, 1.390073004226571400, -22.00000000000000000 ) ) ;
#4448 = VERTEX_POINT ( 'NONE', #2482 ) ;
#4449 = VECTOR ( 'NONE', #878, 1000.000000000000000 ) ;
#4450 = EDGE_CURVE ( 'NONE', #5963, #830, #5507, .T. ) ;
#4451 = CARTESIAN_POINT ( 'NONE',  ( 1.545336663013167500, -3.544235377904629100E-015, -2.712499999999994100 ) ) ;
#4452 = ORIENTED_EDGE ( 'NONE', *, *, #1426, .F. ) ;
#4453 = ADVANCED_FACE ( 'NONE', ( #7420 ), #5783, .T. ) ;
#4454 = CARTESIAN_POINT ( 'NONE',  ( -1.999999999999997100, 0.5358983848622117500, -16.04376073911691900 ) ) ;
#4455 = CARTESIAN_POINT ( 'NONE',  ( -1.110297640932668600, -1.074850943429842600, -0.1778527147052651700 ) ) ;
#4456 = DIRECTION ( 'NONE',  ( 0.0000000000000000000, 0.0000000000000000000, 1.000000000000000000 ) ) ;
#4457 = CARTESIAN_POINT ( 'NONE',  ( -1.338300807568864000, -0.7726683315066029700, -9.916666666666639400 ) ) ;
#4458 = CARTESIAN_POINT ( 'NONE',  ( -1.545336663013166200, -4.473870886863219300E-015, -11.46249999999997200 ) ) ;
#4459 = CARTESIAN_POINT ( 'NONE',  ( 1.154700538379280100, -1.999999999999983300, -0.2916666666666640200 ) ) ;
#4460 = CARTESIAN_POINT ( 'NONE',  ( 0.8922005383792283000, 1.545336663013179700, -16.59583333333328900 ) ) ;
#4461 = CARTESIAN_POINT ( 'NONE',  ( 1.154700538379223000, 2.000000000000016000, -20.35833333333328500 ) ) ;
#4462 = ORIENTED_EDGE ( 'NONE', *, *, #5356, .F. ) ;
#4463 = CARTESIAN_POINT ( 'NONE',  ( 1.545336663013167500, 2.643650978600993100E-015, -5.424999999999986500 ) ) ;
#4464 = CARTESIAN_POINT ( 'NONE',  ( 4.278370158258909300E-014, -1.545336663013167300, -7.699999999999978900 ) ) ;
#4465 = CARTESIAN_POINT ( 'NONE',  ( 1.545336663013166200, 1.467081037575276500E-014, -21.52499999999994200 ) ) ;
#4466 = VERTEX_POINT ( 'NONE', #6411 ) ;
#4467 = VERTEX_POINT ( 'NONE', #3356 ) ;
#4468 = CARTESIAN_POINT ( 'NONE',  ( 1.732050807568843400, 1.000000000000059300, -12.71666666666663500 ) ) ;
#4469 = CIRCLE ( 'NONE', #6961, 3.500000000000000000 ) ;
#4470 = CARTESIAN_POINT ( 'NONE',  ( 1.732050807568863200, 1.000000000000024400, -17.00416666666662400 ) ) ;
#4471 = VERTEX_POINT ( 'NONE', #7737 ) ;
#4472 = EDGE_LOOP ( 'NONE', ( #6081, #6482, #1013, #4940 ) ) ;
#4473 = CARTESIAN_POINT ( 'NONE',  ( -1.732050807568848800, -1.000000000000050000, -6.854166666666647400 ) ) ;
#4474 = CARTESIAN_POINT ( 'NONE',  ( -1.545336663013172000, -7.553288510288552300E-015, -16.97499999999995900 ) ) ;
#4475 = CARTESIAN_POINT ( 'NONE',  ( -2.793185071074506700E-014, 2.000000000000000000, -1.487499999999993200 ) ) ;
#4476 = CARTESIAN_POINT ( 'NONE',  ( 0.1171973830342278400, 1.664386866925746000, -25.93233605935687100 ) ) ;
#4477 = CARTESIAN_POINT ( 'NONE',  ( -2.000000000000000000, 0.5358983848622267400, -2.743760739116955600 ) ) ;
#4478 = FACE_OUTER_BOUND ( 'NONE', #6397, .T. ) ;
#4479 = EDGE_CURVE ( 'NONE', #3133, #963, #262, .T. ) ;
#4480 = ORIENTED_EDGE ( 'NONE', *, *, #2859, .T. ) ;
#4481 = AXIS2_PLACEMENT_3D ( 'NONE', #4336, #3732, #2447 ) ;
#4482 = CARTESIAN_POINT ( 'NONE',  ( -1.999999999999997800, -0.5358983848622711500, -10.38123926088300800 ) ) ;
#4483 = DATE_AND_TIME ( #6679, #1046 ) ;
#4484 = VECTOR ( 'NONE', #2775, 1000.000000000000000 ) ;
#4485 = CARTESIAN_POINT ( 'NONE',  ( -1.545336663013167500, 2.033577675846917700E-015, -2.362499999999994000 ) ) ;
#4486 = CARTESIAN_POINT ( 'NONE',  ( 2.177130564435878800E-014, -1.545336663013167300, -13.29999999999996500 ) ) ;
#4487 = CARTESIAN_POINT ( 'NONE',  ( 1.338300807568857600, 0.7726683315066141800, -20.76666666666661200 ) ) ;
#4488 = ORIENTED_EDGE ( 'NONE', *, *, #3207, .F. ) ;
#4489 = CARTESIAN_POINT ( 'NONE',  ( -1.732050807568891800, 0.9999999999999742400, -4.083333333333321500 ) ) ;
#4490 = CARTESIAN_POINT ( 'NONE',  ( 0.8922005383792722700, -1.545336663013154900, -18.92916666666661400 ) ) ;
#4491 = CARTESIAN_POINT ( 'NONE',  ( 1.732050807568863200, 1.000000000000024400, -22.51666666666661200 ) ) ;
#4492 = EDGE_CURVE ( 'NONE', #6651, #7880, #3096, .T. ) ;
#4493 = CARTESIAN_POINT ( 'NONE',  ( 1.154700538379290100, -1.999999999999977800, -15.77916666666662200 ) ) ;
#4494 = VERTEX_POINT ( 'NONE', #768 ) ;
#4495 = LINE ( 'NONE', #4791, #6281 ) ;
#4496 = PLANE ( 'NONE',  #6188 ) ;
#4497 = CARTESIAN_POINT ( 'NONE',  ( 2.309401076758502900, 3.239433308545619500E-014, -19.16249999999995200 ) ) ;
#4498 = FACE_OUTER_BOUND ( 'NONE', #4472, .T. ) ;
#4499 = PERSON_AND_ORGANIZATION_ROLE ( 'creator' ) ;
#4500 = ADVANCED_FACE ( 'NONE', ( #374 ), #4301, .T. ) ;
#4501 = CARTESIAN_POINT ( 'NONE',  ( -1.545336663013167300, 0.0000000000000000000, 0.0000000000000000000 ) ) ;
#4502 = CARTESIAN_POINT ( 'NONE',  ( 1.545336663013167500, 1.074891057233370900E-015, -0.6124999999999980500 ) ) ;
#4503 = CARTESIAN_POINT ( 'NONE',  ( 0.8922005383791795600, 1.545336663013208400, -17.29583333333328800 ) ) ;
#4504 = CARTESIAN_POINT ( 'NONE',  ( 2.309401076758502900, 3.239433308545619500E-014, -0.9624999999999945800 ) ) ;
#4505 = CARTESIAN_POINT ( 'NONE',  ( -1.545336663013160000, 0.4140717108885685900, -13.59376073911693300 ) ) ;
#4506 = CYLINDRICAL_SURFACE ( 'NONE', #5967, 1.545336663013167300 ) ;
#4507 = CARTESIAN_POINT ( 'NONE',  ( -5.732832573537425400E-014, 2.000000000000000000, -20.38749999999994600 ) ) ;
#4508 = EDGE_CURVE ( 'NONE', #2395, #2803, #3518, .T. ) ;
#4509 = CYLINDRICAL_SURFACE ( 'NONE', #5373, 1.545336663013167300 ) ;
#4510 = DIRECTION ( 'NONE',  ( -1.000000000000000000, 0.0000000000000000000, 0.0000000000000000000 ) ) ;
#4511 = CARTESIAN_POINT ( 'NONE',  ( -1.545336663013167300, 0.0000000000000000000, 0.0000000000000000000 ) ) ;
#4512 = CARTESIAN_POINT ( 'NONE',  ( 2.177130564435878800E-014, -1.545336663013167300, -13.99999999999996300 ) ) ;
#4513 =( BOUNDED_CURVE ( )  B_SPLINE_CURVE ( 2, ( #7487, #6230, #2437, #4399, #2517, #7516, #7545, #3798, #660 ),
 .UNSPECIFIED., .F., .F. ) 
 B_SPLINE_CURVE_WITH_KNOTS ( ( 3, 2, 2, 2, 3 ),
 ( 0.4926470588235294900, 0.4950980392156862900, 0.5000000000000000000, 0.5049019607843137100, 0.5073529411764706700 ),
 .UNSPECIFIED. ) 
 CURVE ( )  GEOMETRIC_REPRESENTATION_ITEM ( )  RATIONAL_B_SPLINE_CURVE ( ( 0.9330127018922194100, 0.9330127018922216300, 1.000000000000000000, 0.8660254037844387100, 1.000000000000000000, 0.8660254037844387100, 1.000000000000000000, 0.9330127018922163000, 0.9330127018922194100 ) ) 
 REPRESENTATION_ITEM ( '' )  );
#4514 = CARTESIAN_POINT ( 'NONE',  ( -3.066601615479018700E-014, 1.545336663013167300, -15.83749999999995600 ) ) ;
#4515 = CARTESIAN_POINT ( 'NONE',  ( -4.164789486119542200E-014, 2.000000000000000000, -18.89999999999995200 ) ) ;
#4516 = CARTESIAN_POINT ( 'NONE',  ( -1.732050807568891800, 0.9999999999999742400, -4.783333333333319900 ) ) ;
#4517 = CARTESIAN_POINT ( 'NONE',  ( 1.338300807568864300, 0.7726683315066025200, -16.65416666666662200 ) ) ;
#4518 = CARTESIAN_POINT ( 'NONE',  ( 2.000000000000006200, 1.562949699436631000E-014, -15.57499999999996200 ) ) ;
#4519 = DIRECTION ( 'NONE',  ( -0.0000000000000000000, -0.0000000000000000000, -1.000000000000000000 ) ) ;
#4520 = CARTESIAN_POINT ( 'NONE',  ( -2.000000000000000400, -2.149782114466741500E-015, -4.724999999999988100 ) ) ;
#4521 = CARTESIAN_POINT ( 'NONE',  ( -1.338300807568891800, 0.7726683315065552300, -3.033333333333323400 ) ) ;
#4522 = ORIENTED_EDGE ( 'NONE', *, *, #1332, .F. ) ;
#4523 = CARTESIAN_POINT ( 'NONE',  ( -1.154700538379287700, 1.999999999999979100, -2.129166666666658400 ) ) ;
#4524 = CARTESIAN_POINT ( 'NONE',  ( -1.732050807568901000, 0.9999999999999588100, -9.770833333333307300 ) ) ;
#4525 = CARTESIAN_POINT ( 'NONE',  ( 1.154700538379280100, -1.999999999999983300, -15.77916666666662200 ) ) ;
#4526 =( BOUNDED_CURVE ( )  B_SPLINE_CURVE ( 2, ( #6466, #7051, #7732, #3288, #7671, #3990, #3933, #7023, #154 ),
 .UNSPECIFIED., .F., .F. ) 
 B_SPLINE_CURVE_WITH_KNOTS ( ( 3, 2, 2, 2, 3 ),
 ( 0.4044117647058824700, 0.4068627450980392100, 0.4117647058823529200, 0.4166666666666666900, 0.4191176470588236500 ),
 .UNSPECIFIED. ) 
 CURVE ( )  GEOMETRIC_REPRESENTATION_ITEM ( )  RATIONAL_B_SPLINE_CURVE ( ( 0.9330127018922194100, 0.9330127018922224100, 1.000000000000000000, 0.8660254037844387100, 1.000000000000000000, 0.8660254037844387100, 1.000000000000000000, 0.9330127018922163000, 0.9330127018922194100 ) ) 
 REPRESENTATION_ITEM ( '' )  );
#4527 = CARTESIAN_POINT ( 'NONE',  ( 1.545336663013162200, -0.4140717108885594900, -20.15626073911692000 ) ) ;
#4528 = CARTESIAN_POINT ( 'NONE',  ( 2.290680060313726100E-014, -1.545336663013167300, -1.487499999999994000 ) ) ;
#4529 = CARTESIAN_POINT ( 'NONE',  ( -2.793185071074506700E-014, 2.000000000000000000, -2.887499999999989500 ) ) ;
#4530 = CARTESIAN_POINT ( 'NONE',  ( -1.545336663013167700, -0.4140717108886081700, -19.83123926088298500 ) ) ;
#4531 = FACE_OUTER_BOUND ( 'NONE', #7478, .T. ) ;
#4532 = CARTESIAN_POINT ( 'NONE',  ( 1.545336663013165700, -0.4140717108885697000, -2.656260739116956600 ) ) ;
#4533 = ADVANCED_FACE ( 'NONE', ( #6673 ), #4805, .T. ) ;
#4534 = CARTESIAN_POINT ( 'NONE',  ( -0.8922005383792780400, 1.545336663013151300, -2.391666666666658600 ) ) ;
#4535 = EDGE_LOOP ( 'NONE', ( #5142, #3548, #7363, #121 ) ) ;
#4536 = DIRECTION ( 'NONE',  ( -1.000000000000000000, 0.0000000000000000000, 0.0000000000000000000 ) ) ;
#4537 = CARTESIAN_POINT ( 'NONE',  ( -1.154700538379287400, 1.999999999999979100, -2.041666666666659900 ) ) ;
#4538 = CARTESIAN_POINT ( 'NONE',  ( -0.8922005383792279700, -1.545336663013180200, -13.35833333333329700 ) ) ;
#4539 = EDGE_CURVE ( 'NONE', #7808, #2549, #5078, .T. ) ;
#4540 = CARTESIAN_POINT ( 'NONE',  ( 1.545336663013166200, 1.243387493232115400E-014, -14.61249999999996300 ) ) ;
#4541 = CYLINDRICAL_SURFACE ( 'NONE', #4695, 1.545336663013167300 ) ;
#4542 = CARTESIAN_POINT ( 'NONE',  ( -2.793185071074506100E-014, 2.000000000000000000, -4.199999999999987700 ) ) ;
#4543 = CARTESIAN_POINT ( 'NONE',  ( 1.784401076758500100, 2.503007529540795600E-014, -11.11249999999997100 ) ) ;
#4544 = EDGE_LOOP ( 'NONE', ( #7225, #2022, #6168, #5865, #7468 ) ) ;
#4545 = CARTESIAN_POINT ( 'NONE',  ( 1.999999999999997800, 0.5358983848622923500, -17.64373926088299900 ) ) ;
#4546 = CARTESIAN_POINT ( 'NONE',  ( -2.000000000000000400, -2.149782114466741500E-015, -4.724999999999988100 ) ) ;
#4547 = CARTESIAN_POINT ( 'NONE',  ( 1.545336663013169100, 0.4140717108885981800, -3.293739260883026700 ) ) ;
#4548 = DIRECTION ( 'NONE',  ( -0.0000000000000000000, -0.0000000000000000000, -1.000000000000000000 ) ) ;
#4549 = CARTESIAN_POINT ( 'NONE',  ( -1.154700538379222800, -2.000000000000016400, -12.30833333333330200 ) ) ;
#4550 = CARTESIAN_POINT ( 'NONE',  ( 1.154700538379205900, 2.000000000000026600, -12.65833333333330100 ) ) ;
#4551 = CARTESIAN_POINT ( 'NONE',  ( 2.309401076758502900, 3.239433308545619500E-014, -16.36249999999995800 ) ) ;
#4552 = LINE ( 'NONE', #5788, #2466 ) ;
#4553 = PERSON_AND_ORGANIZATION_ROLE ( 'design_owner' ) ;
#4554 = ORIENTED_EDGE ( 'NONE', *, *, #1557, .T. ) ;
#4555 = EDGE_CURVE ( 'NONE', #7936, #2302, #5606, .T. ) ;
#4556 = CARTESIAN_POINT ( 'NONE',  ( 2.000000000000000000, 0.0000000000000000000, -22.00000000000000000 ) ) ;
#4557 = CARTESIAN_POINT ( 'NONE',  ( 1.291336663013167500, 2.015362454637703200E-016, 0.0000000000000000000 ) ) ;
#4558 = CARTESIAN_POINT ( 'NONE',  ( 1.732050807568891200, -0.9999999999999753500, -5.220833333333317200 ) ) ;
#4559 = CARTESIAN_POINT ( 'NONE',  ( -1.545336663013166200, 1.754687023159340600E-014, -18.37499999999995700 ) ) ;
#4560 = VECTOR ( 'NONE', #7448, 1000.000000000000000 ) ;
#4561 = CARTESIAN_POINT ( 'NONE',  ( -1.338300807568859200, -0.7726683315066115200, -5.104166666666651900 ) ) ;
#4562 = ORIENTED_EDGE ( 'NONE', *, *, #68, .F. ) ;
#4563 = VECTOR ( 'NONE', #7728, 1000.000000000000000 ) ;
#4564 = EDGE_LOOP ( 'NONE', ( #4876, #1902, #3984, #5561 ) ) ;
#4565 = VERTEX_POINT ( 'NONE', #7167 ) ;
#4566 = CARTESIAN_POINT ( 'NONE',  ( 1.338300807568896000, -0.7726683315065480100, -8.370833333333310500 ) ) ;
#4567 = CARTESIAN_POINT ( 'NONE',  ( 1.338300807568864300, 0.7726683315066025200, -10.96666666666663700 ) ) ;
#4568 = ORIENTED_EDGE ( 'NONE', *, *, #5704, .T. ) ;
#4569 = CARTESIAN_POINT ( 'NONE',  ( -2.000000000000006200, 1.626862140677534200E-014, -13.91249999999996600 ) ) ;
#4570 = DIRECTION ( 'NONE',  ( 0.0000000000000000000, 0.0000000000000000000, 1.000000000000000000 ) ) ;
#4571 = CARTESIAN_POINT ( 'NONE',  ( 1.784401076758500100, 2.503007529540795600E-014, -13.21249999999996500 ) ) ;
#4572 = CYLINDRICAL_SURFACE ( 'NONE', #5292, 2.000000000000000000 ) ;
#4573 = ORIENTED_EDGE ( 'NONE', *, *, #911, .F. ) ;
#4574 = CARTESIAN_POINT ( 'NONE',  ( -1.732050807568830300, -1.000000000000081900, -20.06666666666661700 ) ) ;
#4575 = CARTESIAN_POINT ( 'NONE',  ( -2.000000000000006200, -9.819275063375116700E-015, -17.32499999999995700 ) ) ;
#4576 = CARTESIAN_POINT ( 'NONE',  ( 1.795544095158371100E-016, 1.732050807568877400, -23.75000000000000000 ) ) ;
#4577 = CARTESIAN_POINT ( 'NONE',  ( 1.732050807568861000, 1.000000000000028400, -2.916666666666657600 ) ) ;
#4578 = ORIENTED_EDGE ( 'NONE', *, *, #1969, .T. ) ;
#4579 = CARTESIAN_POINT ( 'NONE',  ( 2.309401076758502900, 3.239433308545618900E-014, -14.17499999999996200 ) ) ;
#4580 = CARTESIAN_POINT ( 'NONE',  ( 0.8922005383793012400, -1.545336663013138000, -14.72916666666662900 ) ) ;
#4581 = ORIENTED_EDGE ( 'NONE', *, *, #5072, .T. ) ;
#4582 = CARTESIAN_POINT ( 'NONE',  ( 1.784401076758500100, 2.503007529540795900E-014, 0.8750000000000004400 ) ) ;
#4583 = LINE ( 'NONE', #1535, #7923 ) ;
#4584 = ADVANCED_FACE ( 'NONE', ( #3900 ), #2410, .T. ) ;
#4585 = CARTESIAN_POINT ( 'NONE',  ( -1.545336663013166400, 1.237577271301124400E-014, -13.47499999999996900 ) ) ;
#4586 = AXIS2_PLACEMENT_3D ( 'NONE', #7183, #6599, #3459 ) ;
#4587 =( BOUNDED_CURVE ( )  B_SPLINE_CURVE ( 2, ( #5608, #3018, #1164, #3091, #8069, #8119, #4272, #1778, #5584 ),
 .UNSPECIFIED., .F., .F. ) 
 B_SPLINE_CURVE_WITH_KNOTS ( ( 3, 2, 2, 2, 3 ),
 ( 0.7867647058823530300, 0.7892156862745097800, 0.7941176470588234800, 0.7990196078431373000, 0.8014705882352942700 ),
 .UNSPECIFIED. ) 
 CURVE ( )  GEOMETRIC_REPRESENTATION_ITEM ( )  RATIONAL_B_SPLINE_CURVE ( ( 0.9330127018922194100, 0.9330127018922224100, 1.000000000000000000, 0.8660254037844387100, 1.000000000000000000, 0.8660254037844387100, 1.000000000000000000, 0.9330127018922163000, 0.9330127018922194100 ) ) 
 REPRESENTATION_ITEM ( '' )  );
#4588 = CARTESIAN_POINT ( 'NONE',  ( 1.338300807568853200, 0.7726683315066220600, -17.35416666666662200 ) ) ;
#4589 = CARTESIAN_POINT ( 'NONE',  ( 2.309401076758502900, 3.239433308545619500E-014, -7.962499999999977300 ) ) ;
#4590 = VERTEX_POINT ( 'NONE', #7220 ) ;
#4591 = DIRECTION ( 'NONE',  ( -0.0000000000000000000, -0.0000000000000000000, -1.000000000000000000 ) ) ;
#4592 = CARTESIAN_POINT ( 'NONE',  ( 1.545336663013172900, -0.4140717108885529400, -18.75626073911691800 ) ) ;
#4593 = PERSON_AND_ORGANIZATION ( #8118, #275 ) ;
#4594 = EDGE_CURVE ( 'NONE', #626, #1072, #699, .T. ) ;
#4595 = VERTEX_POINT ( 'NONE', #5374 ) ;
#4597 = CARTESIAN_POINT ( 'NONE',  ( -1.545336663013167300, -2.382190991706389300E-015, -5.862499999999985600 ) ) ;
#4596 = CYLINDRICAL_SURFACE ( 'NONE', #2038, 1.545336663013167300 ) ;
#4598 = CARTESIAN_POINT ( 'NONE',  ( 1.999999999999997300, -0.5358983848622250700, -8.693760739116939400 ) ) ;
#4599 = CARTESIAN_POINT ( 'NONE',  ( -1.545336663013167500, -2.062628785501873700E-015, -5.074999999999986900 ) ) ;
#4600 =( BOUNDED_CURVE ( )  B_SPLINE_CURVE ( 2, ( #1270, #2540, #6957, #7567, #5642, #684, #77, #1948, #6369 ),
 .UNSPECIFIED., .F., .F. ) 
 B_SPLINE_CURVE_WITH_KNOTS ( ( 3, 2, 2, 2, 3 ),
 ( 0.9338235294117649400, 0.9362745098039215700, 0.9411764705882352800, 0.9460784313725489900, 0.9485294117647059500 ),
 .UNSPECIFIED. ) 
 CURVE ( )  GEOMETRIC_REPRESENTATION_ITEM ( )  RATIONAL_B_SPLINE_CURVE ( ( 0.9330127018922194100, 0.9330127018922254000, 1.000000000000000000, 0.8660254037844387100, 1.000000000000000000, 0.8660254037844387100, 1.000000000000000000, 0.9330127018922163000, 0.9330127018922194100 ) ) 
 REPRESENTATION_ITEM ( '' )  );
#4601 = CARTESIAN_POINT ( 'NONE',  ( -1.338300807568886700, 0.7726683315065640000, -12.83333333333329800 ) ) ;
#4602 = CARTESIAN_POINT ( 'NONE',  ( 1.338300807568842500, 0.7726683315066403800, -15.95416666666662300 ) ) ;
#4603 = ORIENTED_EDGE ( 'NONE', *, *, #1440, .F. ) ;
#4604 = LINE ( 'NONE', #5115, #5686 ) ;
#4605 = DIRECTION ( 'NONE',  ( -0.0000000000000000000, -0.0000000000000000000, 1.000000000000000000 ) ) ;
#4606 = CARTESIAN_POINT ( 'NONE',  ( -2.158205648456237400E-014, 1.545336663013167300, -11.63749999999996900 ) ) ;
#4607 = LINE ( 'NONE', #4375, #5305 ) ;
#4608 = CARTESIAN_POINT ( 'NONE',  ( 1.732050807568855400, 1.000000000000037700, -17.70416666666662000 ) ) ;
#4609 = EDGE_CURVE ( 'NONE', #4565, #3608, #4583, .T. ) ;
#4610 = CARTESIAN_POINT ( 'NONE',  ( -1.732050807568860500, -1.000000000000029500, -13.85416666666662900 ) ) ;
#4611 = CARTESIAN_POINT ( 'NONE',  ( 1.545336663013166200, -4.938688641342514700E-016, -13.82499999999996600 ) ) ;
#4612 = CARTESIAN_POINT ( 'NONE',  ( -1.732050807568862800, -1.000000000000025100, -13.06666666666663300 ) ) ;
#4613 = AXIS2_PLACEMENT_3D ( 'NONE', #2516, #7600, #5089 ) ;
#4614 = CARTESIAN_POINT ( 'NONE',  ( 1.545336663013166200, 1.051650169509406100E-014, -12.42499999999996900 ) ) ;
#4615 = CARTESIAN_POINT ( 'NONE',  ( -1.154700538379280800, 1.999999999999983100, -21.72916666666660700 ) ) ;
#4616 = APPLICATION_PROTOCOL_DEFINITION ( 'international standard', 'config_control_design', 1994, #7099 ) ;
#4617 = DIRECTION ( 'NONE',  ( -1.000000000000000000, 0.0000000000000000000, 0.0000000000000000000 ) ) ;
#4618 = CARTESIAN_POINT ( 'NONE',  ( 1.338300807568864300, 0.7726683315066025200, -1.254166666666661300 ) ) ;
#4619 = DIRECTION ( 'NONE',  ( 0.0000000000000000000, 0.0000000000000000000, 1.000000000000000000 ) ) ;
#4620 = CARTESIAN_POINT ( 'NONE',  ( 1.732050807568891200, -0.9999999999999753500, -5.920833333333316500 ) ) ;
#4621 = DIRECTION ( 'NONE',  ( 1.000000000000000000, 0.0000000000000000000, 0.0000000000000000000 ) ) ;
#4622 = CARTESIAN_POINT ( 'NONE',  ( -1.500000000000000000, 0.1525211662096511400, -25.76794919243112100 ) ) ;
#4623 = EDGE_CURVE ( 'NONE', #7527, #2109, #4296, .T. ) ;
#4624 = CARTESIAN_POINT ( 'NONE',  ( -0.8922005383791974400, -1.545336663013197300, -14.05833333333329800 ) ) ;
#4625 = AXIS2_PLACEMENT_3D ( 'NONE', #5239, #5807, #2018 ) ;
#4626 = VERTEX_POINT ( 'NONE', #2769 ) ;
#4627 = CARTESIAN_POINT ( 'NONE',  ( 2.000000000000000400, -3.544235377904629100E-015, -4.374999999999990200 ) ) ;
#4628 = EDGE_LOOP ( 'NONE', ( #7624, #30, #6157, #5793 ) ) ;
#4629 = ADVANCED_FACE ( 'NONE', ( #6083 ), #7717, .T. ) ;
#4630 = CARTESIAN_POINT ( 'NONE',  ( -1.545336663013169100, 0.4140717108885665900, -5.193760739116950000 ) ) ;
#4631 = CARTESIAN_POINT ( 'NONE',  ( -2.000000000000006200, 1.626862140677534200E-014, -14.52499999999996700 ) ) ;
#4632 = CARTESIAN_POINT ( 'NONE',  ( -1.338300807568864000, -0.7726683315066029700, -16.21666666666662600 ) ) ;
#4633 = CARTESIAN_POINT ( 'NONE',  ( 1.545336663013172000, 1.504847480126719400E-014, -20.82499999999995000 ) ) ;
#4634 = CARTESIAN_POINT ( 'NONE',  ( -2.000000000000003600, -0.5358983848622709300, -17.29373926088299400 ) ) ;
#4635 = AXIS2_PLACEMENT_3D ( 'NONE', #1104, #5521, #7388 ) ;
#4636 = CARTESIAN_POINT ( 'NONE',  ( -1.338300807568886700, 0.7726683315065640000, -10.12083333333330700 ) ) ;
#4637 = CARTESIAN_POINT ( 'NONE',  ( 0.0000000000000000000, 0.0000000000000000000, -26.00000000000000000 ) ) ;
#4638 = ORIENTED_EDGE ( 'NONE', *, *, #2957, .F. ) ;
#4639 = CARTESIAN_POINT ( 'NONE',  ( 0.8922005383792861500, -1.545336663013146400, -6.941666666666646900 ) ) ;
#4640 = CARTESIAN_POINT ( 'NONE',  ( -1.154700538379222800, -2.000000000000016400, -14.40833333333329800 ) ) ;
#4641 = DIRECTION ( 'NONE',  ( -1.000000000000000000, 0.0000000000000000000, -0.0000000000000000000 ) ) ;
#4642 = CARTESIAN_POINT ( 'NONE',  ( 1.154700538379223000, 2.000000000000016000, -21.84583333333327800 ) ) ;
#4643 = CARTESIAN_POINT ( 'NONE',  ( -1.545336663013165500, -0.4140717108886093900, -8.543739260883013400 ) ) ;
#4644 = ORIENTED_EDGE ( 'NONE', *, *, #8117, .T. ) ;
#4645 = CARTESIAN_POINT ( 'NONE',  ( 0.8922005383792283000, 1.545336663013179700, -3.295833333333323200 ) ) ;
#4646 =( BOUNDED_CURVE ( )  B_SPLINE_CURVE ( 2, ( #6258, #2461, #3101, #3743, #1228, #7517, #3769, #510, #4918 ),
 .UNSPECIFIED., .F., .F. ) 
 B_SPLINE_CURVE_WITH_KNOTS ( ( 3, 2, 2, 2, 3 ),
 ( 0.3308823529411765200, 0.3333333333333333100, 0.3382352941176470800, 0.3431372549019607900, 0.3455882352941177500 ),
 .UNSPECIFIED. ) 
 CURVE ( )  GEOMETRIC_REPRESENTATION_ITEM ( )  RATIONAL_B_SPLINE_CURVE ( ( 0.9330127018922194100, 0.9330127018922208500, 1.000000000000000000, 0.8660254037844387100, 1.000000000000000000, 0.8660254037844387100, 1.000000000000000000, 0.9330127018922163000, 0.9330127018922194100 ) ) 
 REPRESENTATION_ITEM ( '' )  );
#4647 =( BOUNDED_CURVE ( )  B_SPLINE_CURVE ( 2, ( #7899, #1656, #6108, #2312, #355, #6730, #7973, #2942, #7330 ),
 .UNSPECIFIED., .F., .F. ) 
 B_SPLINE_CURVE_WITH_KNOTS ( ( 3, 2, 2, 2, 3 ),
 ( 0.2720588235294118500, 0.2745098039215686500, 0.2794117647058823600, 0.2843137254901960700, 0.2867647058823530300 ),
 .UNSPECIFIED. ) 
 CURVE ( )  GEOMETRIC_REPRESENTATION_ITEM ( )  RATIONAL_B_SPLINE_CURVE ( ( 0.9330127018922194100, 0.9330127018922216300, 1.000000000000000000, 0.8660254037844387100, 1.000000000000000000, 0.8660254037844387100, 1.000000000000000000, 0.9330127018922170800, 0.9330127018922194100 ) ) 
 REPRESENTATION_ITEM ( '' )  );
#4648 = VECTOR ( 'NONE', #2097, 1000.000000000000000 ) ;
#4649 = CARTESIAN_POINT ( 'NONE',  ( 0.0000000000000000000, 0.0000000000000000000, 0.0000000000000000000 ) ) ;
#4650 = EDGE_CURVE ( 'NONE', #4187, #4101, #3440, .T. ) ;
#4651 = CARTESIAN_POINT ( 'NONE',  ( -1.545336663013166200, -9.441610637860690400E-015, -19.07499999999995300 ) ) ;
#4652 = CARTESIAN_POINT ( 'NONE',  ( 1.154700538379280100, -1.999999999999983300, -7.379166666666647800 ) ) ;
#4653 = CARTESIAN_POINT ( 'NONE',  ( 1.545336663013166000, -0.4140717108885692600, -3.443760739116954500 ) ) ;
#4654 = AXIS2_PLACEMENT_3D ( 'NONE', #4715, #1559, #7856 ) ;
#4655 = CARTESIAN_POINT ( 'NONE',  ( 0.0000000000000000000, 0.0000000000000000000, 0.0000000000000000000 ) ) ;
#4656 = CARTESIAN_POINT ( 'NONE',  ( 1.338300807568889600, -0.7726683315065591100, -4.870833333333319400 ) ) ;
#4657 = EDGE_LOOP ( 'NONE', ( #5779, #6527, #2755, #653 ) ) ;
#4658 = ORIENTED_EDGE ( 'NONE', *, *, #1486, .T. ) ;
#4659 = VERTEX_POINT ( 'NONE', #755 ) ;
#4660 = CARTESIAN_POINT ( 'NONE',  ( 1.999999999999998200, -4.125257571003748100E-015, -20.47499999999995200 ) ) ;
#4661 = ORIENTED_EDGE ( 'NONE', *, *, #3053, .T. ) ;
#4662 = CARTESIAN_POINT ( 'NONE',  ( 1.999999999999998200, -1.045839947578414800E-015, -12.07499999999997300 ) ) ;
#4663 = CARTESIAN_POINT ( 'NONE',  ( -6.713045197364578000E-014, 2.000000000000000000, -14.69999999999996400 ) ) ;
#4664 = CARTESIAN_POINT ( 'NONE',  ( 0.8922005383792283000, 1.545336663013179700, -16.50833333333329000 ) ) ;
#4665 = EDGE_CURVE ( 'NONE', #2562, #625, #2699, .T. ) ;
#4666 = CARTESIAN_POINT ( 'NONE',  ( 1.545336663013166200, -8.134310703387671400E-016, -11.81249999999997000 ) ) ;
#4667 = VERTEX_POINT ( 'NONE', #2636 ) ;
#4668 = CARTESIAN_POINT ( 'NONE',  ( -1.784401076758500100, -2.524860140211269200E-014, -10.06249999999997200 ) ) ;
#4669 = CYLINDRICAL_SURFACE ( 'NONE', #3040, 2.000000000000000000 ) ;
#4670 = EDGE_LOOP ( 'NONE', ( #1711, #7677, #1024, #5217 ) ) ;
#4671 = CARTESIAN_POINT ( 'NONE',  ( -4.360732973983119100E-014, 2.000000000000000000, -21.69999999999994600 ) ) ;
#4672 = CARTESIAN_POINT ( 'NONE',  ( 0.0000000000000000000, 0.0000000000000000000, -0.1778527147052651700 ) ) ;
#4673 = CARTESIAN_POINT ( 'NONE',  ( 1.154700538379283200, -1.999999999999981800, -5.979166666666648300 ) ) ;
#4674 = CARTESIAN_POINT ( 'NONE',  ( -1.154700538379222800, -2.000000000000016400, -15.10833333333329700 ) ) ;
#4675 = CYLINDRICAL_SURFACE ( 'NONE', #4613, 1.545336663013167300 ) ;
#4676 = CARTESIAN_POINT ( 'NONE',  ( 2.817678007057453700E-014, -2.000000000000000000, -20.03749999999994800 ) ) ;
#4677 = ORIENTED_EDGE ( 'NONE', *, *, #5704, .F. ) ;
#4678 = CARTESIAN_POINT ( 'NONE',  ( -1.338300807568889800, 0.7726683315065584500, -16.33333333333329300 ) ) ;
#4679 = ADVANCED_FACE ( 'NONE', ( #1421 ), #6567, .T. ) ;
#4680 = EDGE_CURVE ( 'NONE', #2667, #450, #863, .T. ) ;
#4681 = ORIENTED_EDGE ( 'NONE', *, *, #3207, .T. ) ;
#4682 = CARTESIAN_POINT ( 'NONE',  ( -1.338300807568886700, 0.7726683315065640000, -3.120833333333323400 ) ) ;
#4683 = AXIS2_PLACEMENT_3D ( 'NONE', #7446, #604, #2415 ) ;
#4684 = ORIENTED_EDGE ( 'NONE', *, *, #2060, .T. ) ;
#4685 = CARTESIAN_POINT ( 'NONE',  ( -1.545336663013167300, -0.4140717108886143300, -16.33123926088299500 ) ) ;
#4686 = CARTESIAN_POINT ( 'NONE',  ( -1.732050807568862800, -1.000000000000025100, -6.854166666666647400 ) ) ;
#4687 = CARTESIAN_POINT ( 'NONE',  ( 0.0000000000000000000, 0.0000000000000000000, 0.0000000000000000000 ) ) ;
#4688 = CARTESIAN_POINT ( 'NONE',  ( -0.9835433075812575200, 1.295659341524079400, -0.2322130427003019600 ) ) ;
#4689 = LINE ( 'NONE', #3076, #3595 ) ;
#4690 = FACE_OUTER_BOUND ( 'NONE', #2541, .T. ) ;
#4691 = VERTEX_POINT ( 'NONE', #6458 ) ;
#4692 = CARTESIAN_POINT ( 'NONE',  ( -1.545336663013166600, -0.4140717108886158800, -19.04373926088299000 ) ) ;
#4693 = CARTESIAN_POINT ( 'NONE',  ( 1.338300807568886300, -0.7726683315065647800, -4.870833333333319400 ) ) ;
#4694 = ORIENTED_EDGE ( 'NONE', *, *, #5761, .F. ) ;
#4695 = AXIS2_PLACEMENT_3D ( 'NONE', #3451, #5326, #4034 ) ;
#4696 = CARTESIAN_POINT ( 'NONE',  ( 2.000000000000000900, -0.5358983848622275200, -7.206260739116944900 ) ) ;
#4697 = VECTOR ( 'NONE', #5343, 1000.000000000000100 ) ;
#4698 = CARTESIAN_POINT ( 'NONE',  ( 1.545336663013166200, -2.295037662741521500E-015, -9.012499999999978000 ) ) ;
#4699 = CARTESIAN_POINT ( 'NONE',  ( -0.8922005383792244200, -1.545336663013182200, -4.958333333333317900 ) ) ;
#4700 = CARTESIAN_POINT ( 'NONE',  ( -1.338300807568886700, 0.7726683315065640000, -14.93333333333329300 ) ) ;
#4701 = CARTESIAN_POINT ( 'NONE',  ( -0.8922005383791958800, -1.545336663013198200, -16.94583333333329000 ) ) ;
#4702 = CARTESIAN_POINT ( 'NONE',  ( 4.752867541964906600E-014, -2.000000000000000000, -17.14999999999995600 ) ) ;
#4703 =( BOUNDED_CURVE ( )  B_SPLINE_CURVE ( 2, ( #2472, #5656, #7501, #1934, #6968, #3198, #6891, #572, #4971 ),
 .UNSPECIFIED., .F., .F. ) 
 B_SPLINE_CURVE_WITH_KNOTS ( ( 3, 2, 2, 2, 3 ),
 ( 0.5367647058823530300, 0.5392156862745097800, 0.5441176470588234800, 0.5490196078431373000, 0.5514705882352942700 ),
 .UNSPECIFIED. ) 
 CURVE ( )  GEOMETRIC_REPRESENTATION_ITEM ( )  RATIONAL_B_SPLINE_CURVE ( ( 0.9330127018922194100, 0.9330127018922224100, 1.000000000000000000, 0.8660254037844387100, 1.000000000000000000, 0.8660254037844387100, 1.000000000000000000, 0.9330127018922163000, 0.9330127018922194100 ) ) 
 REPRESENTATION_ITEM ( '' )  );
#4704 = ORIENTED_EDGE ( 'NONE', *, *, #5262, .T. ) ;
#4705 = CARTESIAN_POINT ( 'NONE',  ( -1.784401076758500100, -2.524860140211269200E-014, -14.96249999999995900 ) ) ;
#4706 = FACE_OUTER_BOUND ( 'NONE', #702, .T. ) ;
#4707 = DIRECTION ( 'NONE',  ( -1.000000000000000000, 0.0000000000000000000, 0.0000000000000000000 ) ) ;
#4708 = CARTESIAN_POINT ( 'NONE',  ( -2.000000000000000000, 0.5358983848622267400, -3.356260739116955400 ) ) ;
#4709 = DIRECTION ( 'NONE',  ( -0.0000000000000000000, -0.0000000000000000000, 1.000000000000000000 ) ) ;
#4710 = CARTESIAN_POINT ( 'NONE',  ( -1.732050807568855900, -1.000000000000036900, -6.154166666666648100 ) ) ;
#4711 = CARTESIAN_POINT ( 'NONE',  ( -2.793185071074506100E-014, 2.000000000000000000, -8.399999999999977300 ) ) ;
#4712 = CARTESIAN_POINT ( 'NONE',  ( 1.154700538379223000, 2.000000000000016000, -20.44583333333328000 ) ) ;
#4713 = ORIENTED_EDGE ( 'NONE', *, *, #5460, .F. ) ;
#4714 = CARTESIAN_POINT ( 'NONE',  ( 0.8922005383792283000, 1.545336663013179700, -2.595833333333324800 ) ) ;
#4715 = CARTESIAN_POINT ( 'NONE',  ( 0.0000000000000000000, 0.0000000000000000000, -22.00000000000000000 ) ) ;
#4716 = CARTESIAN_POINT ( 'NONE',  ( -1.338300807568858700, -0.7726683315066120700, -6.416666666666648300 ) ) ;
#4717 = CARTESIAN_POINT ( 'NONE',  ( 1.545336663013166200, 1.167854608129230000E-014, -16.01249999999996000 ) ) ;
#4718 = CARTESIAN_POINT ( 'NONE',  ( 1.154700538379280100, -1.999999999999983300, -11.57916666666663400 ) ) ;
#4719 = CARTESIAN_POINT ( 'NONE',  ( 1.545336663013166000, -0.4140717108885662000, -13.15626073911693100 ) ) ;
#4720 = ORIENTED_EDGE ( 'NONE', *, *, #5776, .T. ) ;
#4721 = FACE_OUTER_BOUND ( 'NONE', #3889, .T. ) ;
#4722 = CARTESIAN_POINT ( 'NONE',  ( 0.01900159566051834400, 1.684309609557108200, -0.2727766168667339300 ) ) ;
#4723 = FACE_OUTER_BOUND ( 'NONE', #1595, .T. ) ;
#4724 = CARTESIAN_POINT ( 'NONE',  ( 1.154700538379194000, 2.000000000000032900, -9.158333333333311900 ) ) ;
#4725 = CARTESIAN_POINT ( 'NONE',  ( -2.158205648456237400E-014, 1.545336663013167300, -6.037499999999982800 ) ) ;
#4726 =( BOUNDED_CURVE ( )  B_SPLINE_CURVE ( 2, ( #6655, #2314, #1680, #7263, #979, #413, #4231, #7332, #6709 ),
 .UNSPECIFIED., .F., .F. ) 
 B_SPLINE_CURVE_WITH_KNOTS ( ( 3, 2, 2, 2, 3 ),
 ( 0.08088235294117654400, 0.08333333333333332900, 0.08823529411764706500, 0.09313725490196078600, 0.09558823529411772400 ),
 .UNSPECIFIED. ) 
 CURVE ( )  GEOMETRIC_REPRESENTATION_ITEM ( )  RATIONAL_B_SPLINE_CURVE ( ( 0.9330127018922193000, 0.9330127018922214100, 1.000000000000000000, 0.8660254037844387100, 1.000000000000000000, 0.8660254037844387100, 1.000000000000000000, 0.9330127018922171900, 0.9330127018922193000 ) ) 
 REPRESENTATION_ITEM ( '' )  );
#4727 = EDGE_CURVE ( 'NONE', #222, #2100, #6363, .T. ) ;
#4728 = CARTESIAN_POINT ( 'NONE',  ( 1.999999999999993600, -0.5358983848622133100, -20.50626073911692500 ) ) ;
#4729 = FACE_OUTER_BOUND ( 'NONE', #8002, .T. ) ;
#4730 = ADVANCED_FACE ( 'NONE', ( #4201 ), #838, .F. ) ;
#4731 = DIRECTION ( 'NONE',  ( -0.0000000000000000000, -0.0000000000000000000, -1.000000000000000000 ) ) ;
#4732 = CARTESIAN_POINT ( 'NONE',  ( -1.784401076758500100, -2.524860140211269500E-014, -16.27499999999995900 ) ) ;
#4733 = CARTESIAN_POINT ( 'NONE',  ( 3.672390233521821700E-014, -1.545336663013167300, -16.88749999999995700 ) ) ;
#4734 = DIRECTION ( 'NONE',  ( -1.000000000000000000, 0.0000000000000000000, 0.0000000000000000000 ) ) ;
#4735 = CARTESIAN_POINT ( 'NONE',  ( -1.784401076758500100, -2.524860140211269200E-014, -14.26249999999996400 ) ) ;
#4736 = EDGE_CURVE ( 'NONE', #1283, #1841, #1100, .T. ) ;
#4737 = CARTESIAN_POINT ( 'NONE',  ( 0.8922005383792743800, -1.545336663013153100, -0.7291666666666627400 ) ) ;
#4738 = CARTESIAN_POINT ( 'NONE',  ( -1.545336663013165500, -0.4140717108886086700, -7.143739260883019200 ) ) ;
#4739 = CARTESIAN_POINT ( 'NONE',  ( -1.545336663013167300, 0.0000000000000000000, 0.0000000000000000000 ) ) ;
#4740 = CARTESIAN_POINT ( 'NONE',  ( 1.732050807568891200, -0.9999999999999753500, -7.933333333333313100 ) ) ;
#4741 = CARTESIAN_POINT ( 'NONE',  ( -0.8922005383792724900, 1.545336663013154900, -3.091666666666656100 ) ) ;
#4742 = ORIENTED_EDGE ( 'NONE', *, *, #130, .T. ) ;
#4743 = CARTESIAN_POINT ( 'NONE',  ( 1.338300807568896000, -0.7726683315065480100, -8.283333333333310100 ) ) ;
#4744 = CARTESIAN_POINT ( 'NONE',  ( 1.338300807568886300, -0.7726683315065647800, -2.770833333333324200 ) ) ;
#4745 = CARTESIAN_POINT ( 'NONE',  ( 1.545336663013176000, -0.4140717108885409400, -20.94376073911690700 ) ) ;
#4746 = ORIENTED_EDGE ( 'NONE', *, *, #2752, .T. ) ;
#4747 = CARTESIAN_POINT ( 'NONE',  ( -1.732050807568859700, -1.000000000000031300, -16.65416666666662200 ) ) ;
#4748 = CARTESIAN_POINT ( 'NONE',  ( 0.8922005383792799300, -1.545336663013149800, -16.12916666666662400 ) ) ;
#4749 = CARTESIAN_POINT ( 'NONE',  ( -1.703910519817613700, -0.7478359487606088800, -0.3941381685575213200 ) ) ;
#4750 =( BOUNDED_CURVE ( )  B_SPLINE_CURVE ( 2, ( #4597, #7034, #3300, #2035, #7112, #3271, #6446, #7681, #7716 ),
 .UNSPECIFIED., .F., .F. ) 
 B_SPLINE_CURVE_WITH_KNOTS ( ( 3, 2, 2, 2, 3 ),
 ( 0.2867647058823530300, 0.2892156862745098300, 0.2941176470588235400, 0.2990196078431372500, 0.3014705882352942100 ),
 .UNSPECIFIED. ) 
 CURVE ( )  GEOMETRIC_REPRESENTATION_ITEM ( )  RATIONAL_B_SPLINE_CURVE ( ( 0.9330127018922194100, 0.9330127018922216300, 1.000000000000000000, 0.8660254037844387100, 1.000000000000000000, 0.8660254037844387100, 1.000000000000000000, 0.9330127018922163000, 0.9330127018922194100 ) ) 
 REPRESENTATION_ITEM ( '' )  );
#4751 = CARTESIAN_POINT ( 'NONE',  ( -0.8922005383792129800, -1.545336663013188600, -5.745833333333318500 ) ) ;
#4752 = CARTESIAN_POINT ( 'NONE',  ( -1.338300807568864000, -0.7726683315066029700, -7.204166666666647100 ) ) ;
#4753 = CARTESIAN_POINT ( 'NONE',  ( 4.067065334442389200E-014, -2.000000000000000000, -7.349999999999981000 ) ) ;
#4754 = CARTESIAN_POINT ( 'NONE',  ( -1.999999999999998700, -0.5358983848622670400, -4.781239260883021200 ) ) ;
#4755 = VERTEX_POINT ( 'NONE', #2788 ) ;
#4756 = CARTESIAN_POINT ( 'NONE',  ( -0.8922005383792724900, 1.545336663013154900, -15.69166666666662700 ) ) ;
#4757 = DIRECTION ( 'NONE',  ( -1.000000000000000000, 0.0000000000000000000, 0.0000000000000000000 ) ) ;
#4758 = CARTESIAN_POINT ( 'NONE',  ( -2.158205648456237400E-014, 1.545336663013167300, -14.43749999999996300 ) ) ;
#4759 = CARTESIAN_POINT ( 'NONE',  ( -1.999999999999997100, -0.5358983848622802500, -11.08123926088300900 ) ) ;
#4760 = CARTESIAN_POINT ( 'NONE',  ( -1.338300807568863200, -0.7726683315066047400, -0.9041666666666622300 ) ) ;
#4761 = CARTESIAN_POINT ( 'NONE',  ( -1.545336663013167500, 3.747593145489320200E-015, -3.062499999999992900 ) ) ;
#4762 = EDGE_LOOP ( 'NONE', ( #8074, #6607, #6353, #2318 ) ) ;
#4763 = CARTESIAN_POINT ( 'NONE',  ( 1.545336663013167500, 2.643650978600993100E-015, -5.424999999999986500 ) ) ;
#4764 = CARTESIAN_POINT ( 'NONE',  ( -2.309401076758502900, -3.267715314911616300E-014, -8.924999999999974100 ) ) ;
#4765 = CARTESIAN_POINT ( 'NONE',  ( -2.158205648456237400E-014, 1.545336663013167300, -20.73749999999995100 ) ) ;
#4766 = CARTESIAN_POINT ( 'NONE',  ( -2.158205648456237700E-014, 1.545336663013167300, -1.749999999999993100 ) ) ;
#4767 = FACE_OUTER_BOUND ( 'NONE', #5341, .T. ) ;
#4768 = CARTESIAN_POINT ( 'NONE',  ( 0.8922005383792784800, -1.545336663013150900, -13.24166666666663000 ) ) ;
#4769 = ORIENTED_EDGE ( 'NONE', *, *, #7430, .T. ) ;
#4770 = ADVANCED_FACE ( 'NONE', ( #51 ), #5556, .T. ) ;
#4771 = CARTESIAN_POINT ( 'NONE',  ( -0.8922005383792279700, -1.545336663013180200, -3.645833333333322400 ) ) ;
#4772 = CARTESIAN_POINT ( 'NONE',  ( -1.545336663013173500, -0.4140717108886105000, -21.23123926088298300 ) ) ;
#4773 = EDGE_CURVE ( 'NONE', #4441, #7670, #7541, .T. ) ;
#4774 = DIRECTION ( 'NONE',  ( -1.000000000000000000, 0.0000000000000000000, 0.0000000000000000000 ) ) ;
#4775 = DIRECTION ( 'NONE',  ( 0.0000000000000000000, 0.0000000000000000000, 1.000000000000000000 ) ) ;
#4776 = AXIS2_PLACEMENT_3D ( 'NONE', #2857, #4850, #5580 ) ;
#4777 = VECTOR ( 'NONE', #4236, 1000.000000000000000 ) ;
#4778 = CARTESIAN_POINT ( 'NONE',  ( -3.478987278597024100E-014, 2.000000000000000000, -9.099999999999976600 ) ) ;
#4779 = CARTESIAN_POINT ( 'NONE',  ( -2.158205648456237400E-014, 1.545336663013167300, -5.337499999999984400 ) ) ;
#4780 = ORIENTED_EDGE ( 'NONE', *, *, #2320, .F. ) ;
#4781 = DIRECTION ( 'NONE',  ( 1.000000000000000000, 0.0000000000000000000, 0.0000000000000000000 ) ) ;
#4782 = CIRCLE ( 'NONE', #2096, 3.149999999999999900 ) ;
#4783 = CARTESIAN_POINT ( 'NONE',  ( -1.154700538379218200, -2.000000000000019100, -4.695833333333319500 ) ) ;
#4784 = CARTESIAN_POINT ( 'NONE',  ( 1.338300807568864300, 0.7726683315066025200, -18.66666666666661800 ) ) ;
#4785 = ORIENTED_EDGE ( 'NONE', *, *, #2770, .T. ) ;
#4786 = EDGE_CURVE ( 'NONE', #3552, #5950, #5964, .T. ) ;
#4787 = CARTESIAN_POINT ( 'NONE',  ( -1.338300807568861400, -0.7726683315066076300, -17.00416666666662700 ) ) ;
#4788 = CARTESIAN_POINT ( 'NONE',  ( -1.999999999999998200, 1.586190587160596000E-014, -13.82499999999996900 ) ) ;
#4789 = LINE ( 'NONE', #5536, #620 ) ;
#4790 = ORIENTED_EDGE ( 'NONE', *, *, #2423, .F. ) ;
#4791 = CARTESIAN_POINT ( 'NONE',  ( 2.000000000000000000, 0.0000000000000000000, -22.00000000000000000 ) ) ;
#4792 = ORIENTED_EDGE ( 'NONE', *, *, #6199, .F. ) ;
#4793 = CARTESIAN_POINT ( 'NONE',  ( 1.732050807568891200, -0.9999999999999753500, -9.333333333333307300 ) ) ;
#4794 = VERTEX_POINT ( 'NONE', #2136 ) ;
#4795 = CARTESIAN_POINT ( 'NONE',  ( 1.338300807568886300, -0.7726683315065647800, -1.983333333333325600 ) ) ;
#4796 = CARTESIAN_POINT ( 'NONE',  ( -1.545336663013174000, -0.4140717108886089500, -18.34373926088299100 ) ) ;
#4797 = EDGE_CURVE ( 'NONE', #5285, #1268, #3407, .T. ) ;
#4798 = ORIENTED_EDGE ( 'NONE', *, *, #2369, .T. ) ;
#4799 = CARTESIAN_POINT ( 'NONE',  ( 3.500000000000000000, 4.286263797015736600E-016, -22.35000000000000100 ) ) ;
#4800 = CARTESIAN_POINT ( 'NONE',  ( 2.000000000000000000, 3.428030939284804100E-015, -5.162499999999985400 ) ) ;
#4801 = ORIENTED_EDGE ( 'NONE', *, *, #5814, .F. ) ;
#4802 = CARTESIAN_POINT ( 'NONE',  ( 2.877543762376889000E-014, -1.545336663013167300, -2.099999999999992500 ) ) ;
#4803 = ORIENTED_EDGE ( 'NONE', *, *, #1116, .F. ) ;
#4804 = CARTESIAN_POINT ( 'NONE',  ( -0.8922005383792724900, 1.545336663013154900, -9.479166666666639400 ) ) ;
#4805 = CYLINDRICAL_SURFACE ( 'NONE', #1169, 1.545336663013167300 ) ;
#4806 = AXIS2_PLACEMENT_3D ( 'NONE', #5066, #5705, #7490 ) ;
#4807 = CARTESIAN_POINT ( 'NONE',  ( 2.000000000000002200, -1.196905717784185900E-014, -7.174999999999983800 ) ) ;
#4808 = ORIENTED_EDGE ( 'NONE', *, *, #6569, .T. ) ;
#4809 = CARTESIAN_POINT ( 'NONE',  ( 1.999999999999998200, 1.336351044127974500E-015, -16.97499999999995900 ) ) ;
#4810 = CARTESIAN_POINT ( 'NONE',  ( 0.8922005383792283000, 1.545336663013179700, -20.70833333333328200 ) ) ;
#4811 = DIRECTION ( 'NONE',  ( -0.0000000000000000000, -0.0000000000000000000, -1.000000000000000000 ) ) ;
#4812 = CARTESIAN_POINT ( 'NONE',  ( 0.0000000000000000000, 0.0000000000000000000, -22.00000000000000000 ) ) ;
#4813 = ORIENTED_EDGE ( 'NONE', *, *, #656, .F. ) ;
#4814 = CARTESIAN_POINT ( 'NONE',  ( 0.8922005383792194200, 1.545336663013185100, -3.908333333333321700 ) ) ;
#4815 = CARTESIAN_POINT ( 'NONE',  ( -5.047030366014907300E-014, 2.000000000000000000, -11.19999999999997300 ) ) ;
#4816 =( BOUNDED_CURVE ( )  B_SPLINE_CURVE ( 2, ( #4305, #4937, #5087, #1973, #5059, #22, #5725, #3179, #5673 ),
 .UNSPECIFIED., .F., .F. ) 
 B_SPLINE_CURVE_WITH_KNOTS ( ( 3, 2, 2, 2, 3 ),
 ( 0.5955882352941177500, 0.5980392156862744900, 0.6029411764705882000, 0.6078431372549019100, 0.6102941176470589900 ),
 .UNSPECIFIED. ) 
 CURVE ( )  GEOMETRIC_REPRESENTATION_ITEM ( )  RATIONAL_B_SPLINE_CURVE ( ( 0.9330127018922194100, 0.9330127018922224100, 1.000000000000000000, 0.8660254037844387100, 1.000000000000000000, 0.8660254037844387100, 1.000000000000000000, 0.9330127018922147500, 0.9330127018922193000 ) ) 
 REPRESENTATION_ITEM ( '' )  );
#4817 = CARTESIAN_POINT ( 'NONE',  ( -1.338300807568892000, 0.7726683315065549000, -3.820833333333321800 ) ) ;
#4818 = CARTESIAN_POINT ( 'NONE',  ( 1.338300807568854900, 0.7726683315066188400, -10.26666666666663900 ) ) ;
#4819 = CARTESIAN_POINT ( 'NONE',  ( 1.154700538379280100, -1.999999999999983300, -7.291666666666647400 ) ) ;
#4820 = CARTESIAN_POINT ( 'NONE',  ( 0.8922005383792283000, 1.545336663013179700, -1.108333333333328300 ) ) ;
#4821 = VERTEX_POINT ( 'NONE', #2166 ) ;
#4822 = CYLINDRICAL_SURFACE ( 'NONE', #886, 1.545336663013167300 ) ;
#4823 = LINE ( 'NONE', #1551, #5088 ) ;
#4824 = CARTESIAN_POINT ( 'NONE',  ( 0.8922005383792148700, 1.545336663013187300, -12.30833333333330000 ) ) ;
#4825 = CARTESIAN_POINT ( 'NONE',  ( 1.154700538379210600, 2.000000000000023100, -5.658333333333317200 ) ) ;
#4826 = CARTESIAN_POINT ( 'NONE',  ( -1.732050807568900300, 0.9999999999999597000, -8.370833333333310500 ) ) ;
#4827 =( BOUNDED_CURVE ( )  B_SPLINE_CURVE ( 2, ( #6026, #4131, #6652, #291, #7897, #3519, #7816, #4759, #998 ),
 .UNSPECIFIED., .F., .F. ) 
 B_SPLINE_CURVE_WITH_KNOTS ( ( 3, 2, 2, 2, 3 ),
 ( 0.5073529411764706700, 0.5098039215686274200, 0.5147058823529411200, 0.5196078431372549400, 0.5220588235294119100 ),
 .UNSPECIFIED. ) 
 CURVE ( )  GEOMETRIC_REPRESENTATION_ITEM ( )  RATIONAL_B_SPLINE_CURVE ( ( 0.9330127018922194100, 0.9330127018922224100, 1.000000000000000000, 0.8660254037844387100, 1.000000000000000000, 0.8660254037844387100, 1.000000000000000000, 0.9330127018922163000, 0.9330127018922194100 ) ) 
 REPRESENTATION_ITEM ( '' )  );
#4828 = CARTESIAN_POINT ( 'NONE',  ( -1.545336663013167500, 3.340877610319937100E-015, -3.762499999999991300 ) ) ;
#4829 = CARTESIAN_POINT ( 'NONE',  ( 0.8922005383792799300, -1.545336663013149800, -16.04166666666662500 ) ) ;
#4830 = CARTESIAN_POINT ( 'NONE',  ( 0.8922005383792283000, 1.545336663013179700, -9.595833333333306600 ) ) ;
#4831 = EDGE_CURVE ( 'NONE', #2302, #3315, #1538, .T. ) ;
#4832 = CARTESIAN_POINT ( 'NONE',  ( 1.999999999999998200, -0.5358983848622060900, -14.29376073911692500 ) ) ;
#4833 = CARTESIAN_POINT ( 'NONE',  ( -1.732050807568918500, 0.9999999999999282800, -20.18333333333328400 ) ) ;
#4834 = CARTESIAN_POINT ( 'NONE',  ( 2.177130564435878800E-014, -1.545336663013167300, -19.59999999999995200 ) ) ;
#4835 = CARTESIAN_POINT ( 'NONE',  ( 1.154700538379287400, -1.999999999999979100, -1.691666666666660700 ) ) ;
#4836 = ORIENTED_EDGE ( 'NONE', *, *, #7029, .F. ) ;
#4837 = CARTESIAN_POINT ( 'NONE',  ( 5.792746050018777300E-014, -1.545336663013167300, -15.48749999999996200 ) ) ;
#4838 = ORIENTED_EDGE ( 'NONE', *, *, #7832, .F. ) ;
#4839 = CARTESIAN_POINT ( 'NONE',  ( -1.338300807568859400, -0.7726683315066111800, -4.404166666666653500 ) ) ;
#4840 = EDGE_CURVE ( 'NONE', #4384, #4448, #7810, .T. ) ;
#4841 = DIRECTION ( 'NONE',  ( 0.0000000000000000000, 0.0000000000000000000, 1.000000000000000000 ) ) ;
#4842 = CARTESIAN_POINT ( 'NONE',  ( -1.154700538379315600, 1.999999999999962900, -21.72916666666660700 ) ) ;
#4843 = CARTESIAN_POINT ( 'NONE',  ( 2.309401076758502900, 3.239433308545618900E-014, -10.67499999999997200 ) ) ;
#4844 = CARTESIAN_POINT ( 'NONE',  ( -2.158205648456237700E-014, 1.545336663013167300, -2.449999999999991300 ) ) ;
#4845 = DIRECTION ( 'NONE',  ( 1.000000000000000000, 0.0000000000000000000, 0.0000000000000000000 ) ) ;
#4846 = ORIENTED_EDGE ( 'NONE', *, *, #2811, .F. ) ;
#4847 = CARTESIAN_POINT ( 'NONE',  ( 3.871121846578812900E-014, -2.000000000000000000, -4.549999999999987400 ) ) ;
#4848 = DIRECTION ( 'NONE',  ( 1.000000000000000000, 0.0000000000000000000, 0.0000000000000000000 ) ) ;
#4849 = EDGE_CURVE ( 'NONE', #6724, #551, #964, .T. ) ;
#4850 = DIRECTION ( 'NONE',  ( 0.0000000000000000000, 0.0000000000000000000, 1.000000000000000000 ) ) ;
#4851 = CARTESIAN_POINT ( 'NONE',  ( 2.817678007057453700E-014, -2.000000000000000000, -9.537499999999974800 ) ) ;
#4852 = ORIENTED_EDGE ( 'NONE', *, *, #6674, .T. ) ;
#4853 =( BOUNDED_CURVE ( )  B_SPLINE_CURVE ( 2, ( #4245, #2355, #7888 ),
 .UNSPECIFIED., .F., .F. ) 
 B_SPLINE_CURVE_WITH_KNOTS ( ( 3, 3 ),
 ( 0.9632352941176473000, 0.9647454461505622400 ),
 .UNSPECIFIED. ) 
 CURVE ( )  GEOMETRIC_REPRESENTATION_ITEM ( )  RATIONAL_B_SPLINE_CURVE ( ( 0.9330127018922194100, 0.9330127018922230700, 0.9584431568889361100 ) ) 
 REPRESENTATION_ITEM ( '' )  );
#4854 = CYLINDRICAL_SURFACE ( 'NONE', #1277, 1.545336663013167300 ) ;
#4855 = CARTESIAN_POINT ( 'NONE',  ( -0.8922005383792944700, 1.545336663013142000, -12.27916666666663500 ) ) ;
#4856 = CARTESIAN_POINT ( 'NONE',  ( -1.338300807568886900, 0.7726683315065636700, -0.3208333333333303100 ) ) ;
#4857 = CARTESIAN_POINT ( 'NONE',  ( 1.784401076758500100, 2.503007529540795900E-014, -20.12499999999995000 ) ) ;
#4858 = ORIENTED_EDGE ( 'NONE', *, *, #3819, .T. ) ;
#4859 = ORIENTED_EDGE ( 'NONE', *, *, #1801, .F. ) ;
#4860 = DIRECTION ( 'NONE',  ( -0.0000000000000000000, -0.0000000000000000000, -1.000000000000000000 ) ) ;
#4861 = ORIENTED_EDGE ( 'NONE', *, *, #5551, .F. ) ;
#4862 = ORIENTED_EDGE ( 'NONE', *, *, #5823, .F. ) ;
#4863 = APPROVAL ( #1409, 'UNSPECIFIED' ) ;
#4864 = CARTESIAN_POINT ( 'NONE',  ( 1.732050807568920500, -0.9999999999999247300, -15.02083333333329500 ) ) ;
#4865 = CARTESIAN_POINT ( 'NONE',  ( -2.309401076758502900, -3.267715314911616300E-014, -11.72499999999996800 ) ) ;
#4866 = CARTESIAN_POINT ( 'NONE',  ( -1.338300807568886700, 0.7726683315065640000, -5.833333333333317100 ) ) ;
#4867 = CARTESIAN_POINT ( 'NONE',  ( 0.8922005383792921400, -1.545336663013143100, -18.14166666666662300 ) ) ;
#4868 = VECTOR ( 'NONE', #2534, 1000.000000000000000 ) ;
#4869 = ORIENTED_EDGE ( 'NONE', *, *, #5411, .T. ) ;
#4870 = CARTESIAN_POINT ( 'NONE',  ( 0.8922005383792891400, -1.545336663013144900, -12.62916666666663600 ) ) ;
#4871 = EDGE_CURVE ( 'NONE', #2604, #5466, #2622, .T. ) ;
#4872 = CARTESIAN_POINT ( 'NONE',  ( 1.545336663013168600, -0.4140717108885563800, -11.14376073911693500 ) ) ;
#4873 = CARTESIAN_POINT ( 'NONE',  ( 0.0000000000000000000, 0.0000000000000000000, -22.00000000000000000 ) ) ;
#4874 = AXIS2_PLACEMENT_3D ( 'NONE', #6816, #6119, #3061 ) ;
#4875 = CYLINDRICAL_SURFACE ( 'NONE', #3065, 2.000000000000000000 ) ;
#4876 = ORIENTED_EDGE ( 'NONE', *, *, #4078, .F. ) ;
#4877 = CARTESIAN_POINT ( 'NONE',  ( -1.154700538379222800, -2.000000000000016400, -11.69583333333330400 ) ) ;
#4878 = ORIENTED_EDGE ( 'NONE', *, *, #6914, .T. ) ;
#4879 = ORIENTED_EDGE ( 'NONE', *, *, #860, .F. ) ;
#4880 = CARTESIAN_POINT ( 'NONE',  ( -1.732050807568892500, 0.9999999999999731300, -6.883333333333314200 ) ) ;
#4881 = CIRCLE ( 'NONE', #3488, 1.545336663013167300 ) ;
#4882 = ORIENTED_EDGE ( 'NONE', *, *, #5902, .F. ) ;
#4883 = CARTESIAN_POINT ( 'NONE',  ( 0.8922005383792722700, -1.545336663013154900, -18.84166666666661900 ) ) ;
#4884 = EDGE_CURVE ( 'NONE', #6078, #1757, #6122, .T. ) ;
#4885 = CARTESIAN_POINT ( 'NONE',  ( 2.000000000000001800, 6.100733027540754000E-015, -10.76249999999997300 ) ) ;
#4886 = ORIENTED_EDGE ( 'NONE', *, *, #2916, .F. ) ;
#4887 =( BOUNDED_CURVE ( )  B_SPLINE_CURVE ( 2, ( #2391, #4206, #4864, #7307, #6785, #3562, #7384, #8005, #7356 ),
 .UNSPECIFIED., .F., .T. ) 
 B_SPLINE_CURVE_WITH_KNOTS ( ( 3, 2, 2, 2, 3 ),
 ( 0.6838235294117648300, 0.6862745098039215700, 0.6911764705882352800, 0.6960784313725489900, 0.6985294117647059500 ),
 .UNSPECIFIED. ) 
 CURVE ( )  GEOMETRIC_REPRESENTATION_ITEM ( )  RATIONAL_B_SPLINE_CURVE ( ( 0.9330127018922194100, 0.9330127018922224100, 1.000000000000000000, 0.8660254037844387100, 1.000000000000000000, 0.8660254037844387100, 1.000000000000000000, 0.9330127018922163000, 0.9330127018922194100 ) ) 
 REPRESENTATION_ITEM ( '' )  );
#4888 = AXIS2_PLACEMENT_3D ( 'NONE', #4001, #3882, #102 ) ;
#4889 = LINE ( 'NONE', #4193, #7609 ) ;
#4890 = CARTESIAN_POINT ( 'NONE',  ( 1.545336663013167500, -2.817957636530729900E-015, -4.024999999999990600 ) ) ;
#4891 = DIRECTION ( 'NONE',  ( -1.000000000000000000, 0.0000000000000000000, 0.0000000000000000000 ) ) ;
#4892 = CARTESIAN_POINT ( 'NONE',  ( -0.8922005383792129800, -1.545336663013188600, -5.658333333333317200 ) ) ;
#4893 = CARTESIAN_POINT ( 'NONE',  ( -1.545336663013167300, 0.4140717108885700300, -1.693760739116959100 ) ) ;
#4894 = CARTESIAN_POINT ( 'NONE',  ( 1.154700538379280100, -1.999999999999983300, -10.79166666666663800 ) ) ;
#4895 = CARTESIAN_POINT ( 'NONE',  ( -1.999999999999988700, 0.5358983848622166400, -21.55626073911691500 ) ) ;
#4896 = CARTESIAN_POINT ( 'NONE',  ( -1.338300807568886700, 0.7726683315065640000, -6.533333333333314600 ) ) ;
#4897 = ORIENTED_EDGE ( 'NONE', *, *, #6698, .F. ) ;
#4898 = PLANE ( 'NONE',  #4635 ) ;
#4899 = EDGE_CURVE ( 'NONE', #7929, #6524, #4909, .T. ) ;
#4900 = CARTESIAN_POINT ( 'NONE',  ( -1.545336663013169100, 9.877377282685029400E-016, -12.16249999999996800 ) ) ;
#4901 = CARTESIAN_POINT ( 'NONE',  ( 1.784401076758500100, 2.503007529540795600E-014, -21.61249999999994400 ) ) ;
#4902 = CARTESIAN_POINT ( 'NONE',  ( -1.154700538379280800, 1.999999999999983100, -18.84166666666661900 ) ) ;
#4903 =( BOUNDED_CURVE ( )  B_SPLINE_CURVE ( 2, ( #2174, #4745, #960, #4161, #5372, #1583, #6637, #4772, #1639 ),
 .UNSPECIFIED., .F., .F. ) 
 B_SPLINE_CURVE_WITH_KNOTS ( ( 3, 2, 2, 2, 3 ),
 ( 0.9191176470588235900, 0.9215686274509803400, 0.9264705882352941600, 0.9313725490196078600, 0.9338235294117649400 ),
 .UNSPECIFIED. ) 
 CURVE ( )  GEOMETRIC_REPRESENTATION_ITEM ( )  RATIONAL_B_SPLINE_CURVE ( ( 0.9330127018922194100, 0.9330127018922224100, 1.000000000000000000, 0.8660254037844387100, 1.000000000000000000, 0.8660254037844387100, 1.000000000000000000, 0.9330127018922133000, 0.9330127018922194100 ) ) 
 REPRESENTATION_ITEM ( '' )  );
#4904 = CARTESIAN_POINT ( 'NONE',  ( -2.000000000000000400, 0.5358983848622267400, -1.343760739116958600 ) ) ;
#4905 = CARTESIAN_POINT ( 'NONE',  ( -1.545336663013167300, 0.0000000000000000000, 0.0000000000000000000 ) ) ;
#4906 = CARTESIAN_POINT ( 'NONE',  ( -2.309401076758502900, -3.267715314911616300E-014, -8.312499999999976900 ) ) ;
#4907 =( BOUNDED_CURVE ( )  B_SPLINE_CURVE ( 2, ( #6027, #4708, #354, #7872, #2818, #2787, #1604, #3429, #1574 ),
 .UNSPECIFIED., .F., .F. ) 
 B_SPLINE_CURVE_WITH_KNOTS ( ( 3, 2, 2, 2, 3 ),
 ( 0.1691176470588236200, 0.1715686274509803900, 0.1764705882352941300, 0.1813725490196078400, 0.1838235294117648000 ),
 .UNSPECIFIED. ) 
 CURVE ( )  GEOMETRIC_REPRESENTATION_ITEM ( )  RATIONAL_B_SPLINE_CURVE ( ( 0.9330127018922194100, 0.9330127018922220700, 1.000000000000000000, 0.8660254037844387100, 1.000000000000000000, 0.8660254037844387100, 1.000000000000000000, 0.9330127018922167400, 0.9330127018922194100 ) ) 
 REPRESENTATION_ITEM ( '' )  );
#4908 = LINE ( 'NONE', #942, #3909 ) ;
#4909 =( BOUNDED_CURVE ( )  B_SPLINE_CURVE ( 2, ( #4761, #6085, #6653, #7951, #3520, #2218, #5464, #5441, #6057 ),
 .UNSPECIFIED., .F., .F. ) 
 B_SPLINE_CURVE_WITH_KNOTS ( ( 3, 2, 2, 2, 3 ),
 ( 0.1691176470588236200, 0.1715686274509803900, 0.1764705882352941300, 0.1813725490196078400, 0.1838235294117648000 ),
 .UNSPECIFIED. ) 
 CURVE ( )  GEOMETRIC_REPRESENTATION_ITEM ( )  RATIONAL_B_SPLINE_CURVE ( ( 0.9330127018922194100, 0.9330127018922220700, 1.000000000000000000, 0.8660254037844387100, 1.000000000000000000, 0.8660254037844387100, 1.000000000000000000, 0.9330127018922167400, 0.9330127018922194100 ) ) 
 REPRESENTATION_ITEM ( '' )  );
#4910 = AXIS2_PLACEMENT_3D ( 'NONE', #3204, #7735, #790 ) ;
#4911 = CARTESIAN_POINT ( 'NONE',  ( -1.154700538379309600, 1.999999999999966200, -13.32916666666663200 ) ) ;
#4912 = ORIENTED_EDGE ( 'NONE', *, *, #4138, .T. ) ;
#4913 = CYLINDRICAL_SURFACE ( 'NONE', #1819, 1.545336663013167300 ) ;
#4914 = CARTESIAN_POINT ( 'NONE',  ( -4.949058622083118600E-014, 2.000000000000000000, -9.799999999999975800 ) ) ;
#4915 = CARTESIAN_POINT ( 'NONE',  ( -0.8922005383792279700, -1.545336663013180200, -22.45833333333327900 ) ) ;
#4916 = CARTESIAN_POINT ( 'NONE',  ( -1.999999999999998200, 7.262777413738993000E-015, -9.712499999999975500 ) ) ;
#4917 = CARTESIAN_POINT ( 'NONE',  ( 1.545336663013167700, -0.4140717108885659800, -5.456260739116949300 ) ) ;
#4918 = CARTESIAN_POINT ( 'NONE',  ( -1.545336663013166200, -2.236935443431609700E-015, -7.262499999999981500 ) ) ;
#4919 = CARTESIAN_POINT ( 'NONE',  ( -0.8922005383792724900, 1.545336663013154900, -5.891666666666649700 ) ) ;
#4920 = AXIS2_PLACEMENT_3D ( 'NONE', #5480, #7252, #2885 ) ;
#4921 = CARTESIAN_POINT ( 'NONE',  ( -1.732050807568899000, 0.9999999999999624700, -3.470833333333321700 ) ) ;
#4922 = CARTESIAN_POINT ( 'NONE',  ( -1.338300807568864000, -0.7726683315066029700, -21.90416666666661200 ) ) ;
#4923 = CARTESIAN_POINT ( 'NONE',  ( 2.309401076758502900, 3.239433308545618900E-014, -19.07499999999995000 ) ) ;
#4924 = CARTESIAN_POINT ( 'NONE',  ( -1.154700538379305900, 1.999999999999968900, -8.341666666666645500 ) ) ;
#4925 = CARTESIAN_POINT ( 'NONE',  ( -0.8922005383792254200, -1.545336663013181500, -2.945833333333324000 ) ) ;
#4926 = DIRECTION ( 'NONE',  ( 1.000000000000000000, 0.0000000000000000000, 0.0000000000000000000 ) ) ;
#4927 = ORIENTED_EDGE ( 'NONE', *, *, #4931, .F. ) ;
#4928 = CARTESIAN_POINT ( 'NONE',  ( 3.500000000000000000, 0.0000000000000000000, -22.35000000000000100 ) ) ;
#4929 = CARTESIAN_POINT ( 'NONE',  ( -1.154700538379222800, -2.000000000000016400, -8.895833333333309100 ) ) ;
#4930 = ADVANCED_FACE ( 'NONE', ( #574 ), #3104, .T. ) ;
#4931 = EDGE_CURVE ( 'NONE', #5748, #5041, #4647, .T. ) ;
#4932 = ORIENTED_EDGE ( 'NONE', *, *, #7109, .F. ) ;
#4933 = CARTESIAN_POINT ( 'NONE',  ( -1.545336663013172000, 1.269533491921576000E-014, -14.26249999999996700 ) ) ;
#4934 = CARTESIAN_POINT ( 'NONE',  ( 1.154700538379280100, -1.999999999999983300, 0.3208333333333357500 ) ) ;
#4935 = CARTESIAN_POINT ( 'NONE',  ( 1.545336663013167500, 2.295037662741521500E-015, -4.724999999999987200 ) ) ;
#4936 = CARTESIAN_POINT ( 'NONE',  ( -1.545336663013161500, -0.4140717108886120000, -14.84373926088299800 ) ) ;
#4937 = CARTESIAN_POINT ( 'NONE',  ( 1.545336663013166000, -0.4140717108885662000, -13.24376073911692900 ) ) ;
#4938 = EDGE_CURVE ( 'NONE', #7370, #1757, #2428, .T. ) ;
#4939 = CARTESIAN_POINT ( 'NONE',  ( 0.0000000000000000000, 0.0000000000000000000, 0.0000000000000000000 ) ) ;
#4940 = ORIENTED_EDGE ( 'NONE', *, *, #1159, .F. ) ;
#4941 = CARTESIAN_POINT ( 'NONE',  ( -1.338300807568850700, -0.7726683315066259500, -15.51666666666662700 ) ) ;
#4942 = AXIS2_PLACEMENT_3D ( 'NONE', #5777, #3137, #3808 ) ;
#4943 = CARTESIAN_POINT ( 'NONE',  ( 2.177130564435878800E-014, -1.545336663013167300, -3.499999999999989300 ) ) ;
#4944 = CARTESIAN_POINT ( 'NONE',  ( -1.545336663013166200, 1.830219908262226200E-014, -19.86249999999995800 ) ) ;
#4945 = CARTESIAN_POINT ( 'NONE',  ( 2.177130564435878500E-014, -1.545336663013167300, -20.38749999999994600 ) ) ;
#4946 = VERTEX_POINT ( 'NONE', #1706 ) ;
#4947 = CARTESIAN_POINT ( 'NONE',  ( 1.154700538379280100, -1.999999999999983300, -19.19166666666661700 ) ) ;
#4948 = CARTESIAN_POINT ( 'NONE',  ( -1.338300807568854700, -0.7726683315066194000, -21.81666666666661300 ) ) ;
#4949 = VERTEX_POINT ( 'NONE', #2846 ) ;
#4950 = CARTESIAN_POINT ( 'NONE',  ( -1.154700538379203300, -2.000000000000028000, -5.395833333333317100 ) ) ;
#4951 = CARTESIAN_POINT ( 'NONE',  ( -2.793185071074506700E-014, 2.000000000000000000, -15.48749999999995800 ) ) ;
#4952 = CARTESIAN_POINT ( 'NONE',  ( -1.999999999999998200, -7.378981852358816700E-015, -15.22499999999996200 ) ) ;
#4953 = ORIENTED_EDGE ( 'NONE', *, *, #2288, .T. ) ;
#4954 = LINE ( 'NONE', #6222, #2382 ) ;
#4955 = CARTESIAN_POINT ( 'NONE',  ( -1.154700538379280800, 1.999999999999983100, 0.6708333333333347200 ) ) ;
#4956 = ORIENTED_EDGE ( 'NONE', *, *, #3599, .F. ) ;
#4957 =( BOUNDED_CURVE ( )  B_SPLINE_CURVE ( 2, ( #2808, #2157, #915, #5325, #7200, #4783, #5294, #4754, #6019 ),
 .UNSPECIFIED., .F., .F. ) 
 B_SPLINE_CURVE_WITH_KNOTS ( ( 3, 2, 2, 2, 3 ),
 ( 0.2426470588235294900, 0.2450980392156862600, 0.2500000000000000000, 0.2549019607843137100, 0.2573529411764706700 ),
 .UNSPECIFIED. ) 
 CURVE ( )  GEOMETRIC_REPRESENTATION_ITEM ( )  RATIONAL_B_SPLINE_CURVE ( ( 0.9330127018922194100, 0.9330127018922216300, 1.000000000000000000, 0.8660254037844387100, 1.000000000000000000, 0.8660254037844387100, 1.000000000000000000, 0.9330127018922170800, 0.9330127018922194100 ) ) 
 REPRESENTATION_ITEM ( '' )  );
#4958 = EDGE_CURVE ( 'NONE', #5324, #3082, #1961, .T. ) ;
#4959 = ADVANCED_FACE ( 'NONE', ( #2244 ), #6011, .T. ) ;
#4960 = CARTESIAN_POINT ( 'NONE',  ( -1.545336663013167300, -2.382190991706389300E-015, -5.774999999999985300 ) ) ;
#4961 = CARTESIAN_POINT ( 'NONE',  ( 1.338300807568864300, 0.7726683315066025200, -5.366666666666651200 ) ) ;
#4962 = CARTESIAN_POINT ( 'NONE',  ( 1.545336663013166600, 0.4140717108886033900, -7.493739260883017100 ) ) ;
#4963 = ORIENTED_EDGE ( 'NONE', *, *, #56, .T. ) ;
#4964 = CARTESIAN_POINT ( 'NONE',  ( 0.8922005383792722700, -1.545336663013154900, -22.42916666666661000 ) ) ;
#4965 = CARTESIAN_POINT ( 'NONE',  ( -1.732050807568891800, 0.9999999999999742400, -17.38333333333329000 ) ) ;
#4966 = ORIENTED_EDGE ( 'NONE', *, *, #7187, .F. ) ;
#4967 = EDGE_CURVE ( 'NONE', #5285, #3531, #1343, .T. ) ;
#4968 = CARTESIAN_POINT ( 'NONE',  ( -1.545336663013169700, 0.4140717108885635900, -9.306260739116940100 ) ) ;
#4969 = CARTESIAN_POINT ( 'NONE',  ( -1.999999999999997300, -0.5358983848622780300, -8.281239260883014100 ) ) ;
#4970 = ORIENTED_EDGE ( 'NONE', *, *, #3611, .T. ) ;
#4971 = CARTESIAN_POINT ( 'NONE',  ( -1.545336663013169100, 9.877377282685029400E-016, -12.07499999999996700 ) ) ;
#4972 = LINE ( 'NONE', #1472, #7319 ) ;
#4973 = CARTESIAN_POINT ( 'NONE',  ( 2.309401076758502900, 3.239433308545619500E-014, -14.26249999999996400 ) ) ;
#4974 = ORIENTED_EDGE ( 'NONE', *, *, #6556, .F. ) ;
#4975 = ORIENTED_EDGE ( 'NONE', *, *, #4931, .T. ) ;
#4976 = ORIENTED_EDGE ( 'NONE', *, *, #3064, .F. ) ;
#4977 =( BOUNDED_CURVE ( )  B_SPLINE_CURVE ( 2, ( #1785, #4251, #2336, #5616, #1733, #2972, #6156, #2361, #7443 ),
 .UNSPECIFIED., .F., .F. ) 
 B_SPLINE_CURVE_WITH_KNOTS ( ( 3, 2, 2, 2, 3 ),
 ( 0.8897058823529413500, 0.8921568627450980900, 0.8970588235294118000, 0.9019607843137255100, 0.9044117647058824700 ),
 .UNSPECIFIED. ) 
 CURVE ( )  GEOMETRIC_REPRESENTATION_ITEM ( )  RATIONAL_B_SPLINE_CURVE ( ( 0.9330127018922193000, 0.9330127018922238500, 1.000000000000000000, 0.8660254037844387100, 1.000000000000000000, 0.8660254037844387100, 1.000000000000000000, 0.9330127018922163000, 0.9330127018922194100 ) ) 
 REPRESENTATION_ITEM ( '' )  );
#4978 = CARTESIAN_POINT ( 'NONE',  ( -1.154700538379222800, -2.000000000000016400, 0.2041666666666693300 ) ) ;
#4979 = DIRECTION ( 'NONE',  ( -0.0000000000000000000, -0.0000000000000000000, -1.000000000000000000 ) ) ;
#4980 = EDGE_CURVE ( 'NONE', #7302, #4949, #5794, .T. ) ;
#4981 = CARTESIAN_POINT ( 'NONE',  ( -0.8922005383792217500, -1.545336663013183500, -9.945833333333308000 ) ) ;
#4982 = AXIS2_PLACEMENT_3D ( 'NONE', #4939, #5931, #1402 ) ;
#4983 = ORIENTED_EDGE ( 'NONE', *, *, #5450, .F. ) ;
#4984 = CARTESIAN_POINT ( 'NONE',  ( -1.545336663013163700, 0.4140717108885745300, -7.993760739116941800 ) ) ;
#4985 = CARTESIAN_POINT ( 'NONE',  ( -1.999999999999996700, -0.5358983848622809200, -13.09373926088300700 ) ) ;
#4986 = DIRECTION ( 'NONE',  ( -1.000000000000000000, 0.0000000000000000000, 0.0000000000000000000 ) ) ;
#4987 = CARTESIAN_POINT ( 'NONE',  ( 1.545336663013167500, 4.764381983412778700E-015, -2.012499999999994800 ) ) ;
#4988 = CARTESIAN_POINT ( 'NONE',  ( -2.158205648456237700E-014, 1.545336663013167300, -8.749999999999975100 ) ) ;
#4989 = ORIENTED_EDGE ( 'NONE', *, *, #3910, .T. ) ;
#4990 = LINE ( 'NONE', #4012, #7432 ) ;
#4991 = CARTESIAN_POINT ( 'NONE',  ( -8.477031772646036800E-014, 2.000000000000000000, -19.59999999999995200 ) ) ;
#4992 = LINE ( 'NONE', #3572, #761 ) ;
#4993 = CARTESIAN_POINT ( 'NONE',  ( 2.817678007057453100E-014, -2.000000000000000000, -3.149999999999990600 ) ) ;
#4994 = CARTESIAN_POINT ( 'NONE',  ( 2.817678007057453100E-014, -2.000000000000000000, -18.54999999999995100 ) ) ;
#4995 = CARTESIAN_POINT ( 'NONE',  ( -1.732050807568901400, 0.9999999999999579200, -11.78333333333330300 ) ) ;
#4996 = CARTESIAN_POINT ( 'NONE',  ( -3.823980868053236100E-014, 1.545336663013167300, -9.449999999999976200 ) ) ;
#4997 = ORIENTED_EDGE ( 'NONE', *, *, #7981, .F. ) ;
#4998 = CYLINDRICAL_SURFACE ( 'NONE', #720, 2.000000000000000000 ) ;
#4999 = CARTESIAN_POINT ( 'NONE',  ( 1.154700538379280100, -1.999999999999983300, -14.37916666666662900 ) ) ;
#5000 = FACE_OUTER_BOUND ( 'NONE', #495, .T. ) ;
#5001 = CARTESIAN_POINT ( 'NONE',  ( 2.000000000000002200, 0.5358983848622763700, -15.54373926088299900 ) ) ;
#5002 = AXIS2_PLACEMENT_3D ( 'NONE', #3602, #7342, #4926 ) ;
#5003 = CARTESIAN_POINT ( 'NONE',  ( -1.545336663013172000, -7.553288510288552300E-015, -16.97499999999995900 ) ) ;
#5004 = CARTESIAN_POINT ( 'NONE',  ( -0.8922005383792935800, 1.545336663013142200, -10.87916666666664000 ) ) ;
#5005 = CARTESIAN_POINT ( 'NONE',  ( 2.448848549088927900E-016, -1.732050807568877200, -23.75000000000000000 ) ) ;
#5006 = CARTESIAN_POINT ( 'NONE',  ( 1.338300807568897600, -0.7726683315065453500, -13.97083333333329800 ) ) ;
#5007 = ORIENTED_EDGE ( 'NONE', *, *, #5836, .T. ) ;
#5008 = CARTESIAN_POINT ( 'NONE',  ( -1.338300807568850100, -0.7726683315066271700, -18.40416666666661900 ) ) ;
#5009 = CARTESIAN_POINT ( 'NONE',  ( 0.8922005383792722700, -1.545336663013154900, -9.041666666666641200 ) ) ;
#5010 = EDGE_CURVE ( 'NONE', #4595, #5544, #1712, .T. ) ;
#5011 = DIRECTION ( 'NONE',  ( 1.000000000000000000, 0.0000000000000000000, 0.0000000000000000000 ) ) ;
#5012 = ORIENTED_EDGE ( 'NONE', *, *, #1063, .F. ) ;
#5013 = CARTESIAN_POINT ( 'NONE',  ( -1.732050807568862800, -1.000000000000025100, -3.266666666666656400 ) ) ;
#5014 = CARTESIAN_POINT ( 'NONE',  ( -1.732050807568862800, -1.000000000000025100, -22.16666666666661100 ) ) ;
#5015 = CARTESIAN_POINT ( 'NONE',  ( 0.0000000000000000000, 0.0000000000000000000, -26.00000000000000000 ) ) ;
#5016 = CARTESIAN_POINT ( 'NONE',  ( -1.732050807568891800, 0.9999999999999742400, -12.57083333333330100 ) ) ;
#5017 = EDGE_CURVE ( 'NONE', #3965, #7929, #6954, .T. ) ;
#5018 =( BOUNDED_CURVE ( )  B_SPLINE_CURVE ( 2, ( #5553, #4264, #2375, #7988, #5527, #7317, #4948, #4240, #2953 ),
 .UNSPECIFIED., .F., .F. ) 
 B_SPLINE_CURVE_WITH_KNOTS ( ( 3, 2, 2, 2, 3 ),
 ( 0.9485294117647059500, 0.9509803921568627000, 0.9558823529411765200, 0.9607843137254902200, 0.9632352941176473000 ),
 .UNSPECIFIED. ) 
 CURVE ( )  GEOMETRIC_REPRESENTATION_ITEM ( )  RATIONAL_B_SPLINE_CURVE ( ( 0.9330127018922194100, 0.9330127018922224100, 1.000000000000000000, 0.8660254037844387100, 1.000000000000000000, 0.8660254037844387100, 1.000000000000000000, 0.9330127018922133000, 0.9330127018922194100 ) ) 
 REPRESENTATION_ITEM ( '' )  );
#5019 = CARTESIAN_POINT ( 'NONE',  ( 6.095544705693036800E-014, -1.545336663013167300, -20.99999999999994700 ) ) ;
#5020 = CARTESIAN_POINT ( 'NONE',  ( 0.0000000000000000000, 0.0000000000000000000, -22.00000000000000000 ) ) ;
#5021 = CARTESIAN_POINT ( 'NONE',  ( 1.999999999999997100, -0.5358983848621995400, -19.19376073911691800 ) ) ;
#5022 = CARTESIAN_POINT ( 'NONE',  ( -1.338300807568861400, -0.7726683315066076300, -16.91666666666662500 ) ) ;
#5023 = CARTESIAN_POINT ( 'NONE',  ( -1.732050807568854500, -1.000000000000039700, -10.96666666666663800 ) ) ;
#5024 = ORIENTED_EDGE ( 'NONE', *, *, #5514, .T. ) ;
#5025 = CARTESIAN_POINT ( 'NONE',  ( 0.0000000000000000000, 0.0000000000000000000, -26.00000000000000000 ) ) ;
#5026 = FACE_OUTER_BOUND ( 'NONE', #8107, .T. ) ;
#5027 =( BOUNDED_CURVE ( )  B_SPLINE_CURVE ( 2, ( #3256, #6403, #7096, #7616, #3318, #6430, #5219, #3929, #7668 ),
 .UNSPECIFIED., .F., .T. ) 
 B_SPLINE_CURVE_WITH_KNOTS ( ( 3, 2, 2, 2, 3 ),
 ( 0.9044117647058824700, 0.9068627450980392100, 0.9117647058823529200, 0.9166666666666666300, 0.9191176470588235900 ),
 .UNSPECIFIED. ) 
 CURVE ( )  GEOMETRIC_REPRESENTATION_ITEM ( )  RATIONAL_B_SPLINE_CURVE ( ( 0.9330127018922194100, 0.9330127018922224100, 1.000000000000000000, 0.8660254037844387100, 1.000000000000000000, 0.8660254037844387100, 1.000000000000000000, 0.9330127018922163000, 0.9330127018922194100 ) ) 
 REPRESENTATION_ITEM ( '' )  );
#5028 = DIRECTION ( 'NONE',  ( -1.000000000000000000, 0.0000000000000000000, 0.0000000000000000000 ) ) ;
#5029 = EDGE_CURVE ( 'NONE', #4057, #7715, #4049, .T. ) ;
#5030 = ADVANCED_FACE ( 'NONE', ( #4128 ), #3034, .F. ) ;
#5031 = ORIENTED_EDGE ( 'NONE', *, *, #7288, .T. ) ;
#5032 = CARTESIAN_POINT ( 'NONE',  ( -1.338300807568857600, -0.7726683315066141800, -10.61666666666663900 ) ) ;
#5033 = ORIENTED_EDGE ( 'NONE', *, *, #6199, .T. ) ;
#5034 = AXIS2_PLACEMENT_3D ( 'NONE', #1254, #6990, #3750 ) ;
#5035 = CARTESIAN_POINT ( 'NONE',  ( -2.000000000000000400, -0.5358983848622628200, -2.681239260883027300 ) ) ;
#5036 = CARTESIAN_POINT ( 'NONE',  ( 1.338300807568864300, 0.7726683315066025200, -7.466666666666646400 ) ) ;
#5037 = CARTESIAN_POINT ( 'NONE',  ( 1.545336663013166200, 1.167854608129230000E-014, -15.92499999999996000 ) ) ;
#5038 = ORIENTED_EDGE ( 'NONE', *, *, #3499, .F. ) ;
#5039 = CARTESIAN_POINT ( 'NONE',  ( 1.732050807568863200, 1.000000000000024400, -1.516666666666661100 ) ) ;
#5040 = CARTESIAN_POINT ( 'NONE',  ( -0.8922005383792724900, 1.545336663013154900, -18.57916666666662000 ) ) ;
#5041 = VERTEX_POINT ( 'NONE', #8065 ) ;
#5042 =( BOUNDED_CURVE ( )  B_SPLINE_CURVE ( 2, ( #3902, #3201, #1996, #3321, #155, #3873, #4473, #2643, #5813 ),
 .UNSPECIFIED., .F., .F. ) 
 B_SPLINE_CURVE_WITH_KNOTS ( ( 3, 2, 2, 2, 3 ),
 ( 0.3308823529411765700, 0.3333333333333333100, 0.3382352941176470800, 0.3431372549019607900, 0.3455882352941177500 ),
 .UNSPECIFIED. ) 
 CURVE ( )  GEOMETRIC_REPRESENTATION_ITEM ( )  RATIONAL_B_SPLINE_CURVE ( ( 0.9330127018922194100, 0.9330127018922224100, 1.000000000000000000, 0.8660254037844387100, 1.000000000000000000, 0.8660254037844387100, 1.000000000000000000, 0.9330127018922163000, 0.9330127018922194100 ) ) 
 REPRESENTATION_ITEM ( '' )  );
#5043 = CARTESIAN_POINT ( 'NONE',  ( 1.732050807568891200, -0.9999999999999753500, -20.53333333333328200 ) ) ;
#5044 = CARTESIAN_POINT ( 'NONE',  ( 1.545336663013167500, 0.4140717108886014500, -5.393739260883021900 ) ) ;
#5045 = CARTESIAN_POINT ( 'NONE',  ( 2.991093258254735900E-014, -1.545336663013167300, -4.199999999999987700 ) ) ;
#5046 = CARTESIAN_POINT ( 'NONE',  ( 1.154700538379280100, -1.999999999999983300, -12.97916666666663100 ) ) ;
#5047 = VECTOR ( 'NONE', #6937, 1000.000000000000000 ) ;
#5048 = ORIENTED_EDGE ( 'NONE', *, *, #961, .T. ) ;
#5049 =( BOUNDED_CURVE ( )  B_SPLINE_CURVE ( 2, ( #6695, #4215, #6141, #989, #419, #366, #2906, #6115, #3571 ),
 .UNSPECIFIED., .F., .F. ) 
 B_SPLINE_CURVE_WITH_KNOTS ( ( 3, 2, 2, 2, 3 ),
 ( 0.5808823529411766300, 0.5833333333333333700, 0.5882352941176470800, 0.5931372549019607900, 0.5955882352941177500 ),
 .UNSPECIFIED. ) 
 CURVE ( )  GEOMETRIC_REPRESENTATION_ITEM ( )  RATIONAL_B_SPLINE_CURVE ( ( 0.9330127018922194100, 0.9330127018922224100, 1.000000000000000000, 0.8660254037844387100, 1.000000000000000000, 0.8660254037844387100, 1.000000000000000000, 0.9330127018922163000, 0.9330127018922194100 ) ) 
 REPRESENTATION_ITEM ( '' )  );
#5050 = CARTESIAN_POINT ( 'NONE',  ( -1.545336663013166000, 8.366719580627318400E-015, -7.962499999999979900 ) ) ;
#5051 = ORIENTED_EDGE ( 'NONE', *, *, #7634, .T. ) ;
#5052 = CARTESIAN_POINT ( 'NONE',  ( -2.309401076758502900, -3.267715314911616300E-014, -4.112499999999988300 ) ) ;
#5053 = CARTESIAN_POINT ( 'NONE',  ( -0.8922005383792780400, 1.545336663013151300, -2.479166666666658500 ) ) ;
#5054 = CARTESIAN_POINT ( 'NONE',  ( -1.154700538379288100, 1.999999999999978700, -2.829166666666656400 ) ) ;
#5055 = ORIENTED_EDGE ( 'NONE', *, *, #1505, .T. ) ;
#5056 = CARTESIAN_POINT ( 'NONE',  ( -1.101364073836358400, 1.183054792510752200, -21.96431585099200800 ) ) ;
#5057 = ORIENTED_EDGE ( 'NONE', *, *, #7938, .F. ) ;
#5058 = CYLINDRICAL_SURFACE ( 'NONE', #2896, 2.000000000000000000 ) ;
#5059 = CARTESIAN_POINT ( 'NONE',  ( 4.581168813933169400E-014, -1.545336663013167300, -13.38749999999996600 ) ) ;
#5060 = ORIENTED_EDGE ( 'NONE', *, *, #3807, .T. ) ;
#5061 = CARTESIAN_POINT ( 'NONE',  ( 1.999999999999998200, 1.016788837923459000E-014, -10.06249999999997500 ) ) ;
#5062 = CARTESIAN_POINT ( 'NONE',  ( 1.545336663013166200, -2.295037662741521500E-015, -9.012499999999978000 ) ) ;
#5063 = CARTESIAN_POINT ( 'NONE',  ( 1.999999999999998200, -1.278248824818062500E-014, -21.96249999999994900 ) ) ;
#5064 = DIRECTION ( 'NONE',  ( 1.000000000000000000, 0.0000000000000000000, 0.0000000000000000000 ) ) ;
#5065 = CARTESIAN_POINT ( 'NONE',  ( 0.8922005383792283000, 1.545336663013179700, -8.808333333333308700 ) ) ;
#5066 = CARTESIAN_POINT ( 'NONE',  ( 0.0000000000000000000, 0.0000000000000000000, -22.00000000000000000 ) ) ;
#5067 = DIRECTION ( 'NONE',  ( 0.0000000000000000000, 0.0000000000000000000, 1.000000000000000000 ) ) ;
#5068 = CARTESIAN_POINT ( 'NONE',  ( 1.732050807568863200, 1.000000000000024400, -2.916666666666657600 ) ) ;
#5069 = CARTESIAN_POINT ( 'NONE',  ( 0.8922005383792283000, 1.545336663013179700, -17.29583333333328800 ) ) ;
#5070 = FACE_OUTER_BOUND ( 'NONE', #3263, .T. ) ;
#5071 = CARTESIAN_POINT ( 'NONE',  ( -1.154700538379222800, -2.000000000000016400, -20.70833333333328200 ) ) ;
#5072 = EDGE_CURVE ( 'NONE', #4187, #5247, #7059, .T. ) ;
#5073 = VERTEX_POINT ( 'NONE', #6213 ) ;
#5074 = CARTESIAN_POINT ( 'NONE',  ( -1.732050807568899200, 0.9999999999999622500, -4.170833333333320100 ) ) ;
#5075 = CARTESIAN_POINT ( 'NONE',  ( 1.732050807568863200, 1.000000000000024400, -19.10416666666661800 ) ) ;
#5076 = COORDINATED_UNIVERSAL_TIME_OFFSET ( 6, 0, .BEHIND. ) ;
#5077 = ADVANCED_FACE ( 'NONE', ( #7047 ), #4509, .T. ) ;
#5078 = B_SPLINE_CURVE_WITH_KNOTS ( 'NONE', 3,
 ( #1383, #4622, #5258, #2646, #1473, #5789 ),
 .UNSPECIFIED., .F., .F.,
 ( 4, 2, 4 ),
 ( 0.001921714757891465400, 0.002370540325883226600, 0.002819365893874987800 ),
 .UNSPECIFIED. ) ;
#5079 = CARTESIAN_POINT ( 'NONE',  ( -1.500000000000000200, -0.8660254037844387100, -23.75000000000000000 ) ) ;
#5080 = CARTESIAN_POINT ( 'NONE',  ( 2.000000000000006200, 1.562949699436631000E-014, -14.96249999999996100 ) ) ;
#5081 = CARTESIAN_POINT ( 'NONE',  ( -5.338356759813103400E-014, 1.545336663013167300, -17.14999999999995600 ) ) ;
#5082 = CARTESIAN_POINT ( 'NONE',  ( -1.732050807568891800, 0.9999999999999742400, -2.070833333333325300 ) ) ;
#5083 = EDGE_CURVE ( 'NONE', #5230, #7736, #6362, .T. ) ;
#5084 = CARTESIAN_POINT ( 'NONE',  ( -1.500000000000000700, -0.5905924591698346000, -25.87404805620997200 ) ) ;
#5085 = ORIENTED_EDGE ( 'NONE', *, *, #1307, .T. ) ;
#5086 = CYLINDRICAL_SURFACE ( 'NONE', #195, 2.000000000000000000 ) ;
#5087 = CARTESIAN_POINT ( 'NONE',  ( 1.338300807568891800, -0.7726683315065552300, -13.27083333333330000 ) ) ;
#5089 = DIRECTION ( 'NONE',  ( -1.000000000000000000, 0.0000000000000000000, 0.0000000000000000000 ) ) ;
#5088 = VECTOR ( 'NONE', #5332, 1000.000000000000000 ) ;
#5090 = CARTESIAN_POINT ( 'NONE',  ( -1.545336663013165700, -0.4140717108886038400, -10.64373926088300900 ) ) ;
#5091 = CARTESIAN_POINT ( 'NONE',  ( -5.186957431975972400E-014, 1.545336663013167300, -14.34999999999996400 ) ) ;
#5092 = CARTESIAN_POINT ( 'NONE',  ( 2.000000000000000000, -4.473870886863220900E-015, -2.362499999999994000 ) ) ;
#5093 = CARTESIAN_POINT ( 'NONE',  ( 1.784401076758500100, 2.503007529540795900E-014, -8.224999999999976600 ) ) ;
#5094 = CARTESIAN_POINT ( 'NONE',  ( 0.8922005383791884500, 1.545336663013202800, -20.70833333333328200 ) ) ;
#5095 = CARTESIAN_POINT ( 'NONE',  ( -1.338300807568905800, 0.7726683315065309100, -14.32083333333329700 ) ) ;
#5096 = AXIS2_PLACEMENT_3D ( 'NONE', #856, #3969, #1676 ) ;
#5097 = CIRCLE ( 'NONE', #4625, 3.150000000000003000 ) ;
#5098 = CARTESIAN_POINT ( 'NONE',  ( 1.154700538379223000, 2.000000000000016000, -0.7583333333333296400 ) ) ;
#5099 = CARTESIAN_POINT ( 'NONE',  ( -1.338300807568864000, -0.7726683315066029700, -17.00416666666662700 ) ) ;
#5100 = CARTESIAN_POINT ( 'NONE',  ( -1.732050807568891800, 0.9999999999999742400, -22.28333333333327800 ) ) ;
#5101 = DIRECTION ( 'NONE',  ( 0.0000000000000000000, 0.0000000000000000000, 1.000000000000000000 ) ) ;
#5102 = CARTESIAN_POINT ( 'NONE',  ( 1.545336663013166200, -3.108468733080288500E-015, -7.524999999999982600 ) ) ;
#5103 = CARTESIAN_POINT ( 'NONE',  ( -2.385304640211932600E-014, 1.545336663013167300, -3.149999999999989700 ) ) ;
#5104 = CARTESIAN_POINT ( 'NONE',  ( 1.732050807568896700, -0.9999999999999663600, -7.933333333333313100 ) ) ;
#5105 = CARTESIAN_POINT ( 'NONE',  ( 6.320910629382790500E-014, -2.000000000000000000, -19.24999999999995000 ) ) ;
#5106 = CARTESIAN_POINT ( 'NONE',  ( 1.732050807568891200, -0.9999999999999753500, -18.52083333333328600 ) ) ;
#5107 = DIRECTION ( 'NONE',  ( -1.000000000000000000, 0.0000000000000000000, 0.0000000000000000000 ) ) ;
#5108 = CARTESIAN_POINT ( 'NONE',  ( 0.0000000000000000000, 0.0000000000000000000, -22.00000000000000000 ) ) ;
#5109 = CARTESIAN_POINT ( 'NONE',  ( -1.732050807568891800, 0.9999999999999742400, -4.170833333333320100 ) ) ;
#5110 = DIRECTION ( 'NONE',  ( -0.0000000000000000000, -0.0000000000000000000, -1.000000000000000000 ) ) ;
#5111 = VERTEX_POINT ( 'NONE', #5684 ) ;
#5112 = CARTESIAN_POINT ( 'NONE',  ( 1.999999999999994900, 0.5358983848622737000, -13.53123926088300200 ) ) ;
#5113 = CC_DESIGN_PERSON_AND_ORGANIZATION_ASSIGNMENT ( #7932, #120, ( #1735 ) ) ;
#5114 = VERTEX_POINT ( 'NONE', #7612 ) ;
#5115 = CARTESIAN_POINT ( 'NONE',  ( -1.545336663013167300, 0.0000000000000000000, 0.0000000000000000000 ) ) ;
#5116 = CARTESIAN_POINT ( 'NONE',  ( 0.0000000000000000000, 0.0000000000000000000, -0.4962114106110250800 ) ) ;
#5117 = ADVANCED_FACE ( 'NONE', ( #5416 ), #7249, .T. ) ;
#5118 = CARTESIAN_POINT ( 'NONE',  ( 0.8922005383792990200, -1.545336663013139100, -10.44166666666663800 ) ) ;
#5119 = CARTESIAN_POINT ( 'NONE',  ( 1.545336663013172000, 1.199810828749681400E-014, -15.31249999999996100 ) ) ;
#5120 = CARTESIAN_POINT ( 'NONE',  ( 2.177130564435878800E-014, -1.545336663013167300, -11.19999999999996900 ) ) ;
#5121 = EDGE_CURVE ( 'NONE', #1280, #6425, #1095, .T. ) ;
#5122 =( BOUNDED_CURVE ( )  B_SPLINE_CURVE ( 2, ( #6421, #5734, #3220, #5771, #2657, #7605, #5706, #7661, #5181 ),
 .UNSPECIFIED., .F., .T. ) 
 B_SPLINE_CURVE_WITH_KNOTS ( ( 3, 2, 2, 2, 3 ),
 ( 0.3455882352941177500, 0.3480392156862744900, 0.3529411764705882600, 0.3578431372549019700, 0.3602941176470589300 ),
 .UNSPECIFIED. ) 
 CURVE ( )  GEOMETRIC_REPRESENTATION_ITEM ( )  RATIONAL_B_SPLINE_CURVE ( ( 0.9330127018922194100, 0.9330127018922224100, 1.000000000000000000, 0.8660254037844387100, 1.000000000000000000, 0.8660254037844387100, 1.000000000000000000, 0.9330127018922163000, 0.9330127018922194100 ) ) 
 REPRESENTATION_ITEM ( '' )  );
#5123 = CARTESIAN_POINT ( 'NONE',  ( 0.0000000000000000000, 0.0000000000000000000, -22.00000000000000000 ) ) ;
#5124 = CARTESIAN_POINT ( 'NONE',  ( 1.732050807568863200, 1.000000000000024400, -5.716666666666650800 ) ) ;
#5125 = CARTESIAN_POINT ( 'NONE',  ( -1.338300807568886700, 0.7726683315065640000, -19.22083333333328500 ) ) ;
#5126 = ORIENTED_EDGE ( 'NONE', *, *, #549, .F. ) ;
#5127 = CARTESIAN_POINT ( 'NONE',  ( -2.793185071074506100E-014, 2.000000000000000000, -22.39999999999994500 ) ) ;
#5128 = CARTESIAN_POINT ( 'NONE',  ( -1.545336663013169100, 0.4140717108885665900, -5.106260739116950600 ) ) ;
#5129 = CARTESIAN_POINT ( 'NONE',  ( 1.545336663013167500, -3.166570952390201500E-015, -3.324999999999992200 ) ) ;
#5130 = CARTESIAN_POINT ( 'NONE',  ( 0.0000000000000000000, 0.0000000000000000000, 0.0000000000000000000 ) ) ;
#5131 = CARTESIAN_POINT ( 'NONE',  ( 2.309401076758502900, 3.239433308545619500E-014, -17.76249999999995300 ) ) ;
#5132 = EDGE_CURVE ( 'NONE', #3851, #2474, #2552, .T. ) ;
#5133 = ORIENTED_EDGE ( 'NONE', *, *, #536, .T. ) ;
#5134 =( BOUNDED_CURVE ( )  B_SPLINE_CURVE ( 2, ( #5199, #907, #4052, #6549, #2768, #2707, #280, #2057, #5930 ),
 .UNSPECIFIED., .F., .F. ) 
 B_SPLINE_CURVE_WITH_KNOTS ( ( 3, 2, 2, 2, 3 ),
 ( 0.6544117647058824700, 0.6568627450980392100, 0.6617647058823529200, 0.6666666666666666300, 0.6691176470588235900 ),
 .UNSPECIFIED. ) 
 CURVE ( )  GEOMETRIC_REPRESENTATION_ITEM ( )  RATIONAL_B_SPLINE_CURVE ( ( 0.9330127018922194100, 0.9330127018922224100, 1.000000000000000000, 0.8660254037844387100, 1.000000000000000000, 0.8660254037844387100, 1.000000000000000000, 0.9330127018922163000, 0.9330127018922194100 ) ) 
 REPRESENTATION_ITEM ( '' )  );
#5135 = PLANE ( 'NONE',  #1005 ) ;
#5136 = ORIENTED_EDGE ( 'NONE', *, *, #6064, .F. ) ;
#5137 = CARTESIAN_POINT ( 'NONE',  ( -1.499999999999999800, 0.8660254037844391500, -23.75000000000000000 ) ) ;
#5138 = CARTESIAN_POINT ( 'NONE',  ( 1.732050807568863200, 1.000000000000024400, -0.9041666666666612300 ) ) ;
#5139 = CARTESIAN_POINT ( 'NONE',  ( -1.545336663013167300, 0.0000000000000000000, 0.0000000000000000000 ) ) ;
#5140 = CARTESIAN_POINT ( 'NONE',  ( 1.449843552431481200, 1.011726134060889200, -0.3313534964337524500 ) ) ;
#5141 = CARTESIAN_POINT ( 'NONE',  ( -1.500000000000000400, -0.7318594372980491400, -25.93291701675680400 ) ) ;
#5142 = ORIENTED_EDGE ( 'NONE', *, *, #4650, .T. ) ;
#5143 = EDGE_CURVE ( 'NONE', #5768, #2956, #5758, .T. ) ;
#5144 = VERTEX_POINT ( 'NONE', #2607 ) ;
#5145 = CARTESIAN_POINT ( 'NONE',  ( 1.338300807568854100, 0.7726683315066206200, -14.46666666666662800 ) ) ;
#5146 = CARTESIAN_POINT ( 'NONE',  ( 0.8922005383792722700, -1.545336663013154900, -13.24166666666663000 ) ) ;
#5147 = CARTESIAN_POINT ( 'NONE',  ( 1.999999999999998200, -5.810221930991193700E-016, -14.17499999999996700 ) ) ;
#5148 = CARTESIAN_POINT ( 'NONE',  ( -1.732050807568904100, 0.9999999999999535900, -18.78333333333328900 ) ) ;
#5149 = VECTOR ( 'NONE', #1890, 1000.000000000000000 ) ;
#5150 = CARTESIAN_POINT ( 'NONE',  ( 1.732050807568863200, 1.000000000000024400, -5.016666666666652400 ) ) ;
#5151 = CARTESIAN_POINT ( 'NONE',  ( -2.158205648456237400E-014, 1.545336663013167300, -16.53749999999995500 ) ) ;
#5152 = FACE_OUTER_BOUND ( 'NONE', #7496, .T. ) ;
#5153 = CARTESIAN_POINT ( 'NONE',  ( -2.000000000000000400, 5.229199737892076000E-016, -1.224999999999997000 ) ) ;
#5154 = CARTESIAN_POINT ( 'NONE',  ( 5.635108421860272400E-014, -2.000000000000000000, -9.449999999999976200 ) ) ;
#5155 = CARTESIAN_POINT ( 'NONE',  ( -1.545336663013167500, 3.747593145489320200E-015, -2.974999999999993400 ) ) ;
#5156 = AXIS2_PLACEMENT_3D ( 'NONE', #888, #7759, #4045 ) ;
#5157 = DIRECTION ( 'NONE',  ( -0.0000000000000000000, -0.0000000000000000000, -1.000000000000000000 ) ) ;
#5158 = LINE ( 'NONE', #896, #4563 ) ;
#5159 = CARTESIAN_POINT ( 'NONE',  ( 2.817678007057453700E-014, -2.000000000000000000, -17.93749999999995000 ) ) ;
#5160 = ORIENTED_EDGE ( 'NONE', *, *, #6407, .T. ) ;
#5161 = ADVANCED_FACE ( 'NONE', ( #5592 ), #4321, .T. ) ;
#5162 = ORIENTED_EDGE ( 'NONE', *, *, #3527, .T. ) ;
#5163 = ORIENTED_EDGE ( 'NONE', *, *, #5872, .T. ) ;
#5164 = CARTESIAN_POINT ( 'NONE',  ( 1.545336663013167700, -2.324088772396478200E-016, -1.312499999999996700 ) ) ;
#5165 = DIRECTION ( 'NONE',  ( 0.0000000000000000000, 0.0000000000000000000, 1.000000000000000000 ) ) ;
#5166 = CARTESIAN_POINT ( 'NONE',  ( -1.732050807568891800, 0.9999999999999742400, -0.6708333333333284000 ) ) ;
#5167 = CARTESIAN_POINT ( 'NONE',  ( 1.009129909835880100, 1.149429382477829400, -25.76730941577313800 ) ) ;
#5168 = CARTESIAN_POINT ( 'NONE',  ( -1.338300807568838700, -0.7726683315066469300, -19.80416666666661700 ) ) ;
#5169 = LINE ( 'NONE', #550, #4293 ) ;
#5170 = ORIENTED_EDGE ( 'NONE', *, *, #460, .T. ) ;
#5171 = CARTESIAN_POINT ( 'NONE',  ( -1.499999999999999800, -0.3011355276604725200, -25.79157536489690400 ) ) ;
#5172 = EDGE_CURVE ( 'NONE', #1163, #3568, #7640, .T. ) ;
#5173 = EDGE_LOOP ( 'NONE', ( #8035, #4720, #1044, #2762 ) ) ;
#5174 = ORIENTED_EDGE ( 'NONE', *, *, #1505, .F. ) ;
#5175 = DIRECTION ( 'NONE',  ( 1.000000000000000000, 0.0000000000000000000, 0.0000000000000000000 ) ) ;
#5176 = CARTESIAN_POINT ( 'NONE',  ( 1.545336663013167500, -3.544235377904629100E-015, -2.624999999999994700 ) ) ;
#5177 = CARTESIAN_POINT ( 'NONE',  ( -1.545336663013167700, 4.648177544792956300E-016, -0.9624999999999974700 ) ) ;
#5178 = CARTESIAN_POINT ( 'NONE',  ( -8.281088284782461800E-014, 2.000000000000000000, -16.79999999999995800 ) ) ;
#5179 = CARTESIAN_POINT ( 'NONE',  ( -1.338300807568886700, 0.7726683315065640000, -12.13333333333329900 ) ) ;
#5180 = DIRECTION ( 'NONE',  ( 0.0000000000000000000, 0.0000000000000000000, 1.000000000000000000 ) ) ;
#5181 = CARTESIAN_POINT ( 'NONE',  ( 1.999999999999998200, -3.892848693764099900E-015, -7.874999999999981300 ) ) ;
#5182 = ORIENTED_EDGE ( 'NONE', *, *, #7857, .F. ) ;
#5183 = CARTESIAN_POINT ( 'NONE',  ( -1.154700538379222800, -2.000000000000016400, -4.608333333333320100 ) ) ;
#5184 = CARTESIAN_POINT ( 'NONE',  ( -1.999999999999998200, 1.586190587160596000E-014, -13.82499999999996900 ) ) ;
#5185 = CARTESIAN_POINT ( 'NONE',  ( 1.338300807568864300, 0.7726683315066025200, -12.45416666666663400 ) ) ;
#5186 = CARTESIAN_POINT ( 'NONE',  ( 1.338300807568854700, 0.7726683315066194000, -11.66666666666663400 ) ) ;
#5187 = EDGE_CURVE ( 'NONE', #1581, #625, #7806, .T. ) ;
#5188 = CARTESIAN_POINT ( 'NONE',  ( 1.154700538379211300, 2.000000000000023100, -4.958333333333317900 ) ) ;
#5189 = CARTESIAN_POINT ( 'NONE',  ( 1.999999999999997300, -0.5358983848622259600, -7.906260739116945000 ) ) ;
#5190 = EDGE_LOOP ( 'NONE', ( #441, #161, #4644, #4869, #5716, #2385, #5170, #5024, #6125, #298, #5414, #135, #6280, #1036, #1791, #7500, #2694, #4661, #796, #2438, #7836, #4276, #4152, #8102, #3773, #3992, #6334, #281, #3905, #2266, #1078, #170, #7704, #6382, #4953, #3019, #5398, #522, #3181, #7204, #7793, #2587, #2219, #1434, #6374, #5738, #4340, #1357, #2909, #3723, #7789, #5031, #3145, #3506, #1693, #5162, #6187, #945, #6628, #2090, #3654, #4798, #1631, #6677, #7726, #359, #370, #6401, #6931, #1805, #506, #5250, #1215, #6473, #5352, #7030, #646, #6976, #7699, #6164, #1073, #3846, #1686, #2940, #432, #735, #7416, #1032, #104, #3576, #4879, #4522, #3956, #3830, #1783, #4974, #1120, #1419, #1202, #7379, #4192, #425, #4, #571, #5266, #1630, #3977, #1622, #2013, #1510, #4488, #3197, #4927, #4025, #2052, #4462, #5652, #2351, #4713, #3869, #383, #5764, #2424, #4677, #7778, #356, #6236, #7722, #1039 ) ) ;
#5191 = CARTESIAN_POINT ( 'NONE',  ( 2.817678007057453100E-014, -2.000000000000000000, -13.64999999999996500 ) ) ;
#5192 = CARTESIAN_POINT ( 'NONE',  ( 1.545336663013167300, 1.892491597964127500E-016, 0.0000000000000000000 ) ) ;
#5193 = CARTESIAN_POINT ( 'NONE',  ( -2.793185071074506700E-014, 2.000000000000000000, -18.98749999999994700 ) ) ;
#5194 = VECTOR ( 'NONE', #8027, 1000.000000000000000 ) ;
#5195 = DATE_TIME_ROLE ( 'classification_date' ) ;
#5196 = CARTESIAN_POINT ( 'NONE',  ( -2.000000000000000000, 2.614599868946037200E-015, -2.624999999999993300 ) ) ;
#5197 = CARTESIAN_POINT ( 'NONE',  ( -1.545336663013166200, 9.180150650966086200E-015, -6.562499999999984000 ) ) ;
#5198 = CARTESIAN_POINT ( 'NONE',  ( 1.732050807568891200, -0.9999999999999753500, -8.020833333333310800 ) ) ;
#5199 = CARTESIAN_POINT ( 'NONE',  ( 1.999999999999998200, 1.615241696815551800E-014, -14.87499999999996400 ) ) ;
#5200 = EDGE_LOOP ( 'NONE', ( #6273, #1637, #6689, #3685 ) ) ;
#5201 = LINE ( 'NONE', #148, #3114 ) ;
#5202 = CARTESIAN_POINT ( 'NONE',  ( 0.0000000000000000000, 0.0000000000000000000, -22.00000000000000000 ) ) ;
#5203 = EDGE_CURVE ( 'NONE', #7568, #40, #5204, .T. ) ;
#5204 = LINE ( 'NONE', #7093, #3922 ) ;
#5205 = CARTESIAN_POINT ( 'NONE',  ( -1.545336663013166200, -9.441610637860690400E-015, -19.07499999999995300 ) ) ;
#5206 = ORIENTED_EDGE ( 'NONE', *, *, #6515, .T. ) ;
#5207 = ADVANCED_FACE ( 'NONE', ( #384 ), #758, .T. ) ;
#5208 = CARTESIAN_POINT ( 'NONE',  ( 1.817063925204492900, -1.618992195072006700E-011, -0.3681181920287162600 ) ) ;
#5209 = CARTESIAN_POINT ( 'NONE',  ( 1.999999999999998200, 9.703070624755296100E-015, -19.77499999999995600 ) ) ;
#5210 = CARTESIAN_POINT ( 'NONE',  ( -1.338300807568852700, -0.7726683315066226200, -8.604166666666643000 ) ) ;
#5211 = CARTESIAN_POINT ( 'NONE',  ( -0.8922005383792279700, -1.545336663013180200, -12.65833333333330100 ) ) ;
#5212 = CARTESIAN_POINT ( 'NONE',  ( -1.545336663013167700, 0.4140717108885476100, -15.69376073911692500 ) ) ;
#5213 = CARTESIAN_POINT ( 'NONE',  ( 0.8922005383792283000, 1.545336663013179700, -11.69583333333330400 ) ) ;
#5214 = CARTESIAN_POINT ( 'NONE',  ( -2.000000000000008400, 0.5358983848621991000, -17.35626073911691600 ) ) ;
#5215 = CARTESIAN_POINT ( 'NONE',  ( -2.000000000000001800, 3.137519842735244800E-015, -9.624999999999976900 ) ) ;
#5216 = CARTESIAN_POINT ( 'NONE',  ( -0.8922005383793103500, 1.545336663013132700, -21.29166666666661500 ) ) ;
#5217 = ORIENTED_EDGE ( 'NONE', *, *, #5203, .F. ) ;
#5218 = CARTESIAN_POINT ( 'NONE',  ( -2.309401076758502900, -3.267715314911616300E-014, -15.22499999999996100 ) ) ;
#5219 = CARTESIAN_POINT ( 'NONE',  ( 1.732050807568854500, 1.000000000000039700, -21.11666666666661400 ) ) ;
#5220 = CARTESIAN_POINT ( 'NONE',  ( 1.338300807568864300, 0.7726683315066025200, 0.9333333333333335700 ) ) ;
#5221 = ORIENTED_EDGE ( 'NONE', *, *, #2512, .F. ) ;
#5222 = CARTESIAN_POINT ( 'NONE',  ( 2.177130564435878500E-014, -1.545336663013167300, -2.887499999999990900 ) ) ;
#5223 = CARTESIAN_POINT ( 'NONE',  ( 0.8922005383793040200, -1.545336663013136200, -20.24166666666661700 ) ) ;
#5224 = CARTESIAN_POINT ( 'NONE',  ( 1.545336663013167300, 1.892491597964127500E-016, 0.0000000000000000000 ) ) ;
#5225 = CARTESIAN_POINT ( 'NONE',  ( -1.154700538379222800, -2.000000000000016400, -6.795833333333313000 ) ) ;
#5226 = CARTESIAN_POINT ( 'NONE',  ( 2.000000000000000000, 0.0000000000000000000, -22.00000000000000000 ) ) ;
#5227 = CARTESIAN_POINT ( 'NONE',  ( -0.8922005383793087900, 1.545336663013133300, -18.49166666666662100 ) ) ;
#5228 = CARTESIAN_POINT ( 'NONE',  ( 0.8922005383792883700, -1.545336663013145300, -11.14166666666663700 ) ) ;
#5229 = CARTESIAN_POINT ( 'NONE',  ( 2.000000000000000000, -4.473870886863220900E-015, -2.362499999999994000 ) ) ;
#5230 = VERTEX_POINT ( 'NONE', #7751 ) ;
#5231 = CARTESIAN_POINT ( 'NONE',  ( 0.8922005383792849200, -1.545336663013147300, -4.841666666666651700 ) ) ;
#5232 = CARTESIAN_POINT ( 'NONE',  ( 1.732050807568861200, 1.000000000000028000, -2.216666666666659200 ) ) ;
#5233 = CARTESIAN_POINT ( 'NONE',  ( -1.784401076758500100, -2.524860140211269500E-014, -11.37499999999996800 ) ) ;
#5234 = EDGE_CURVE ( 'NONE', #1841, #2900, #3715, .T. ) ;
#5235 = DIRECTION ( 'NONE',  ( 1.000000000000000000, 0.0000000000000000000, 0.0000000000000000000 ) ) ;
#5236 = LINE ( 'NONE', #2686, #4648 ) ;
#5237 = CARTESIAN_POINT ( 'NONE',  ( 1.338300807568886300, -0.7726683315065647800, 0.7291666666666670700 ) ) ;
#5238 = CARTESIAN_POINT ( 'NONE',  ( 1.338300807568864300, 0.7726683315066025200, -11.05416666666663700 ) ) ;
#5239 = CARTESIAN_POINT ( 'NONE',  ( 0.0000000000000000000, 0.0000000000000000000, -26.00000000000000000 ) ) ;
#5240 = ORIENTED_EDGE ( 'NONE', *, *, #2683, .T. ) ;
#5241 = CARTESIAN_POINT ( 'NONE',  ( 0.0000000000000000000, 0.0000000000000000000, -22.00000000000000000 ) ) ;
#5242 = CARTESIAN_POINT ( 'NONE',  ( 1.545336663013167500, 4.764381983412778700E-015, -1.924999999999994500 ) ) ;
#5243 = ORIENTED_EDGE ( 'NONE', *, *, #3021, .F. ) ;
#5244 = CARTESIAN_POINT ( 'NONE',  ( 2.817678007057453100E-014, -2.000000000000000000, -12.24999999999997000 ) ) ;
#5245 = CARTESIAN_POINT ( 'NONE',  ( 1.545336663013167300, 1.892491597964127500E-016, 0.0000000000000000000 ) ) ;
#5246 = CARTESIAN_POINT ( 'NONE',  ( 1.154700538379280100, -1.999999999999983300, -19.97916666666661500 ) ) ;
#5247 = VERTEX_POINT ( 'NONE', #2019 ) ;
#5248 = CARTESIAN_POINT ( 'NONE',  ( 0.0000000000000000000, 0.0000000000000000000, 0.0000000000000000000 ) ) ;
#5249 = CARTESIAN_POINT ( 'NONE',  ( -1.999999999999998200, -1.121372832681300300E-014, -20.21249999999994900 ) ) ;
#5250 = ORIENTED_EDGE ( 'NONE', *, *, #8073, .F. ) ;
#5251 = ADVANCED_FACE ( 'NONE', ( #2255 ), #4141, .T. ) ;
#5252 = EDGE_CURVE ( 'NONE', #143, #5819, #7442, .T. ) ;
#5253 = CARTESIAN_POINT ( 'NONE',  ( -1.784401076758500100, -2.524860140211269200E-014, -1.662499999999993900 ) ) ;
#5254 = CARTESIAN_POINT ( 'NONE',  ( 1.154700538379210200, 2.000000000000023500, -5.745833333333316700 ) ) ;
#5255 = CARTESIAN_POINT ( 'NONE',  ( -1.999999999999999100, 0.5358983848622181900, -8.343760739116941500 ) ) ;
#5256 = CARTESIAN_POINT ( 'NONE',  ( 1.415924685248770100, -1.246700808978890900, -0.4115695155545685500 ) ) ;
#5257 = CARTESIAN_POINT ( 'NONE',  ( -2.309401076758502900, -3.267715314911616300E-014, -6.912499999999982800 ) ) ;
#5258 = CARTESIAN_POINT ( 'NONE',  ( -1.500000000000000000, 0.3008343349294951800, -25.79148137324326800 ) ) ;
#5259 = LINE ( 'NONE', #3365, #3279 ) ;
#5260 = CARTESIAN_POINT ( 'NONE',  ( 0.8922005383792817000, -1.545336663013149500, -18.84166666666662200 ) ) ;
#5261 = ORIENTED_EDGE ( 'NONE', *, *, #1755, .T. ) ;
#5262 = EDGE_CURVE ( 'NONE', #3919, #7222, #394, .T. ) ;
#5263 = EDGE_LOOP ( 'NONE', ( #3093, #525, #1301, #4311 ) ) ;
#5264 = CARTESIAN_POINT ( 'NONE',  ( -1.545336663013167500, 2.033577675846917700E-015, -2.274999999999994600 ) ) ;
#5265 = CARTESIAN_POINT ( 'NONE',  ( -0.8922005383792929200, 1.545336663013142900, -9.479166666666643000 ) ) ;
#5266 = ORIENTED_EDGE ( 'NONE', *, *, #5885, .F. ) ;
#5267 = CARTESIAN_POINT ( 'NONE',  ( 0.8922005383792283000, 1.545336663013179700, -17.90833333333328500 ) ) ;
#5268 = EDGE_LOOP ( 'NONE', ( #363, #2005, #4838, #8023 ) ) ;
#5269 = CARTESIAN_POINT ( 'NONE',  ( -2.000000000000000000, 2.449293598294706400E-016, -22.00000000000000000 ) ) ;
#5270 = CARTESIAN_POINT ( 'NONE',  ( 0.8922005383792283000, 1.545336663013179700, -12.39583333333330000 ) ) ;
#5271 = FACE_OUTER_BOUND ( 'NONE', #15, .T. ) ;
#5272 = VECTOR ( 'NONE', #3142, 1000.000000000000000 ) ;
#5273 = EDGE_LOOP ( 'NONE', ( #917, #2486, #958, #2947 ) ) ;
#5274 = CARTESIAN_POINT ( 'NONE',  ( -1.999999999999998200, -9.354457308895821800E-015, -17.41249999999995200 ) ) ;
#5275 = DIRECTION ( 'NONE',  ( -0.0000000000000000000, -0.0000000000000000000, -1.000000000000000000 ) ) ;
#5276 = CARTESIAN_POINT ( 'NONE',  ( -2.309604976293367500E-014, 1.545336663013167300, -1.749999999999993300 ) ) ;
#5277 = CARTESIAN_POINT ( 'NONE',  ( -1.154700538379222800, -2.000000000000016400, -13.00833333333329900 ) ) ;
#5278 = CARTESIAN_POINT ( 'NONE',  ( -1.545336663013166600, -0.4140717108886158800, -19.13123926088298900 ) ) ;
#5279 = CARTESIAN_POINT ( 'NONE',  ( 1.732050807568863200, 1.000000000000024400, -21.90416666666661200 ) ) ;
#5280 = CARTESIAN_POINT ( 'NONE',  ( -1.545336663013167300, 0.0000000000000000000, 0.0000000000000000000 ) ) ;
#5281 = CARTESIAN_POINT ( 'NONE',  ( 2.177130564435878500E-014, -1.545336663013167300, -1.487499999999994000 ) ) ;
#5282 = DIRECTION ( 'NONE',  ( -0.0000000000000000000, -0.0000000000000000000, -1.000000000000000000 ) ) ;
#5283 = CARTESIAN_POINT ( 'NONE',  ( 1.817063925204492900, -1.618992195072006700E-011, -0.3681181920287162600 ) ) ;
#5284 = CARTESIAN_POINT ( 'NONE',  ( 1.732050807568863200, 1.000000000000024400, -5.104166666666651000 ) ) ;
#5285 = VERTEX_POINT ( 'NONE', #2662 ) ;
#5286 = CARTESIAN_POINT ( 'NONE',  ( 1.999999999999990500, 0.5358983848622893600, -16.24373926088299700 ) ) ;
#5287 = CARTESIAN_POINT ( 'NONE',  ( -4.164789486119542200E-014, 2.000000000000000000, -18.28749999999994800 ) ) ;
#5288 = CARTESIAN_POINT ( 'NONE',  ( -2.158205648456237400E-014, 1.545336663013167300, -7.437499999999978700 ) ) ;
#5289 =( BOUNDED_CURVE ( )  B_SPLINE_CURVE ( 2, ( #5368, #1556, #4743, #6604, #327, #1580, #6541, #4643, #273 ),
 .UNSPECIFIED., .F., .F. ) 
 B_SPLINE_CURVE_WITH_KNOTS ( ( 3, 2, 2, 2, 3 ),
 ( 0.3897058823529412900, 0.3921568627450980300, 0.3970588235294117400, 0.4019607843137255100, 0.4044117647058824700 ),
 .UNSPECIFIED. ) 
 CURVE ( )  GEOMETRIC_REPRESENTATION_ITEM ( )  RATIONAL_B_SPLINE_CURVE ( ( 0.9330127018922194100, 0.9330127018922224100, 1.000000000000000000, 0.8660254037844387100, 1.000000000000000000, 0.8660254037844387100, 1.000000000000000000, 0.9330127018922163000, 0.9330127018922194100 ) ) 
 REPRESENTATION_ITEM ( '' )  );
#5290 = EDGE_CURVE ( 'NONE', #3249, #2549, #6870, .T. ) ;
#5291 = CLOSED_SHELL ( 'NONE', ( #1350, #7256, #1439, #1734, #393, #3967, #4150, #7700, #8003, #6933, #3837, #6406, #6368, #7084, #4770, #6132, #828, #5797, #3048, #1854, #3640, #2505, #4584, #957, #1568, #1816, #2196, #7532, #4959, #5617, #5749, #4930, #6854, #2851, #206, #5340, #1115, #2429, #1302, #6818, #2459, #2025, #6783, #7050, #4533, #6618, #914, #7455, #7410, #5539, #2275, #474, #122, #2807, #4407, #6320, #2539, #6747, #300, #6206, #163, #5077, #7171, #581, #1892, #3302, #6010, #4629, #8156, #6970, #2354, #4106, #5251, #3126, #5161, #6893, #1225, #7134, #1075, #3932, #76, #6174, #5835, #7619, #8079, #2761, #3526, #7213, #5698, #5117, #2156, #2974, #3165, #1777, #1652, #3797, #993, #5876, #7837, #2063, #2313, #739, #7005, #4500, #5965, #5583, #1937, #698, #255, #1975, #3260, #508, #659, #6048, #2585, #5924, #4271, #3675, #6448, #1259, #5207, #4679, #7287, #4372, #6490, #3478, #7655, #3718, #4453, #344, #2389, #7371, #41, #7566, #2626, #5660, #3350, #3437, #618, #4307, #6576, #3883, #1390, #4730, #8116, #3214, #8048, #2668, #5030, #7739, #1035, #787, #1150, #6284 ) ) ;
#5292 = AXIS2_PLACEMENT_3D ( 'NONE', #3603, #1691, #8046 ) ;
#5293 = CARTESIAN_POINT ( 'NONE',  ( -1.999999999999997800, -0.5358983848622771400, -7.493739260883017100 ) ) ;
#5294 = CARTESIAN_POINT ( 'NONE',  ( -1.732050807568856800, -1.000000000000036200, -4.754166666666651300 ) ) ;
#5295 = CARTESIAN_POINT ( 'NONE',  ( -1.338300807568898900, 0.7726683315065426800, -9.420833333333309400 ) ) ;
#5296 = LINE ( 'NONE', #6285, #559 ) ;
#5297 = CARTESIAN_POINT ( 'NONE',  ( -0.8922005383792279700, -1.545336663013180200, -16.85833333333329200 ) ) ;
#5298 = CARTESIAN_POINT ( 'NONE',  ( -1.732050807568838100, -1.000000000000068600, -17.35416666666661800 ) ) ;
#5299 = CARTESIAN_POINT ( 'NONE',  ( 1.999999999999998200, -0.5358983848622255200, -3.793760739116952300 ) ) ;
#5300 = CARTESIAN_POINT ( 'NONE',  ( 1.999999999999997800, -0.5358983848622230800, -11.49376073911693500 ) ) ;
#5301 =( BOUNDED_CURVE ( )  B_SPLINE_CURVE ( 2, ( #5409, #1041, #310, #5350, #1565, #5377, #6614, #7223, #3473 ),
 .UNSPECIFIED., .F., .F. ) 
 B_SPLINE_CURVE_WITH_KNOTS ( ( 3, 2, 2, 2, 3 ),
 ( 0.7132352941176471900, 0.7156862745098039300, 0.7205882352941176400, 0.7254901960784313500, 0.7279411764705883100 ),
 .UNSPECIFIED. ) 
 CURVE ( )  GEOMETRIC_REPRESENTATION_ITEM ( )  RATIONAL_B_SPLINE_CURVE ( ( 0.9330127018922194100, 0.9330127018922224100, 1.000000000000000000, 0.8660254037844387100, 1.000000000000000000, 0.8660254037844387100, 1.000000000000000000, 0.9330127018922163000, 0.9330127018922194100 ) ) 
 REPRESENTATION_ITEM ( '' )  );
#5302 = VERTEX_POINT ( 'NONE', #3402 ) ;
#5303 = FACE_OUTER_BOUND ( 'NONE', #64, .T. ) ;
#5304 = CARTESIAN_POINT ( 'NONE',  ( -0.8922005383792724900, 1.545336663013154900, -10.17916666666664000 ) ) ;
#5305 = VECTOR ( 'NONE', #1153, 1000.000000000000000 ) ;
#5306 = CARTESIAN_POINT ( 'NONE',  ( 2.000000000000000000, 0.0000000000000000000, -22.00000000000000000 ) ) ;
#5307 = EDGE_CURVE ( 'NONE', #2474, #5073, #4990, .T. ) ;
#5308 = CARTESIAN_POINT ( 'NONE',  ( 1.545336663013167500, 1.074891057233370900E-015, -0.6124999999999980500 ) ) ;
#5309 = CARTESIAN_POINT ( 'NONE',  ( -1.338300807568888700, 0.7726683315065605600, -1.633333333333326900 ) ) ;
#5310 = CARTESIAN_POINT ( 'NONE',  ( -1.154700538379202800, -2.000000000000028400, -6.095833333333317200 ) ) ;
#5311 = CARTESIAN_POINT ( 'NONE',  ( -1.732050807568862800, -1.000000000000025100, -15.16666666666662700 ) ) ;
#5312 = CARTESIAN_POINT ( 'NONE',  ( -1.154700538379280800, 1.999999999999983100, -20.32916666666661200 ) ) ;
#5313 = CARTESIAN_POINT ( 'NONE',  ( 0.8922005383792722700, -1.545336663013154900, -3.529166666666656100 ) ) ;
#5314 = CARTESIAN_POINT ( 'NONE',  ( 2.000000000000000000, 1.394453263437886800E-015, -0.8749999999999980000 ) ) ;
#5315 = CARTESIAN_POINT ( 'NONE',  ( 2.000000000000000000, 0.0000000000000000000, -22.00000000000000000 ) ) ;
#5316 = CARTESIAN_POINT ( 'NONE',  ( -2.000000000000000000, -3.079417623425332500E-015, -5.512499999999984200 ) ) ;
#5317 = CARTESIAN_POINT ( 'NONE',  ( -2.309401076758502900, -3.267715314911616300E-014, -5.512499999999983300 ) ) ;
#5318 = CARTESIAN_POINT ( 'NONE',  ( -1.999999999999998200, -2.399621657499362800E-014, -15.92499999999996000 ) ) ;
#5319 = CARTESIAN_POINT ( 'NONE',  ( -1.274121426862234700, -1.029879214000903200, -0.2383679410158639500 ) ) ;
#5320 = EDGE_CURVE ( 'NONE', #3851, #4248, #2046, .T. ) ;
#5321 = CARTESIAN_POINT ( 'NONE',  ( 0.8922005383792283000, 1.545336663013179700, -5.395833333333317900 ) ) ;
#5322 =( BOUNDED_CURVE ( )  B_SPLINE_CURVE ( 2, ( #3489, #4041, #7156, #2727, #2221, #1491, #6629, #5919, #3403 ),
 .UNSPECIFIED., .F., .F. ) 
 B_SPLINE_CURVE_WITH_KNOTS ( ( 3, 2, 2, 2, 3 ),
 ( 0.2867647058823530300, 0.2892156862745098300, 0.2941176470588235400, 0.2990196078431372500, 0.3014705882352942100 ),
 .UNSPECIFIED. ) 
 CURVE ( )  GEOMETRIC_REPRESENTATION_ITEM ( )  RATIONAL_B_SPLINE_CURVE ( ( 0.9330127018922194100, 0.9330127018922216300, 1.000000000000000000, 0.8660254037844387100, 1.000000000000000000, 0.8660254037844387100, 1.000000000000000000, 0.9330127018922163000, 0.9330127018922194100 ) ) 
 REPRESENTATION_ITEM ( '' )  );
#5323 = CARTESIAN_POINT ( 'NONE',  ( 1.500000000000000000, 0.8660254037844389300, -23.75000000000000000 ) ) ;
#5324 = VERTEX_POINT ( 'NONE', #4040 ) ;
#5325 = CARTESIAN_POINT ( 'NONE',  ( 1.154700538379296500, -1.999999999999974000, -4.579166666666651500 ) ) ;
#5326 = DIRECTION ( 'NONE',  ( -0.0000000000000000000, -0.0000000000000000000, -1.000000000000000000 ) ) ;
#5327 = CARTESIAN_POINT ( 'NONE',  ( -1.338300807568886700, 0.7726683315065640000, -15.63333333333329400 ) ) ;
#5328 = CARTESIAN_POINT ( 'NONE',  ( 0.0000000000000000000, 0.0000000000000000000, -22.00000000000000000 ) ) ;
#5329 = DIRECTION ( 'NONE',  ( -0.4999999999999998300, 0.8660254037844388200, 0.0000000000000000000 ) ) ;
#5330 = CARTESIAN_POINT ( 'NONE',  ( 1.338300807568864300, 0.7726683315066025200, -15.25416666666662600 ) ) ;
#5331 = CARTESIAN_POINT ( 'NONE',  ( 1.545336663013167300, -6.362193014435357400E-015, -6.212499999999984400 ) ) ;
#5332 = DIRECTION ( 'NONE',  ( -0.0000000000000000000, -0.0000000000000000000, -1.000000000000000000 ) ) ;
#5333 = CARTESIAN_POINT ( 'NONE',  ( -2.000000000000001800, -9.877377282685030200E-015, -11.02499999999997200 ) ) ;
#5334 = EDGE_LOOP ( 'NONE', ( #251, #2594, #2494, #3241 ) ) ;
#5335 = CARTESIAN_POINT ( 'NONE',  ( 1.732050807568896100, -0.9999999999999672500, -5.920833333333316500 ) ) ;
#5336 = CARTESIAN_POINT ( 'NONE',  ( -1.338300807568893800, 0.7726683315065519000, -10.03333333333330700 ) ) ;
#5337 = CARTESIAN_POINT ( 'NONE',  ( 1.732050807568863200, 1.000000000000024400, -6.416666666666649200 ) ) ;
#5338 = CARTESIAN_POINT ( 'NONE',  ( 1.732050807568863200, 1.000000000000024400, -21.20416666666661200 ) ) ;
#5339 = CARTESIAN_POINT ( 'NONE',  ( -0.8922005383792965800, 1.545336663013140700, -16.39166666666662300 ) ) ;
#5340 = ADVANCED_FACE ( 'NONE', ( #1833 ), #162, .T. ) ;
#5341 = EDGE_LOOP ( 'NONE', ( #429, #7292, #1776, #8100 ) ) ;
#5342 = CARTESIAN_POINT ( 'NONE',  ( 1.338300807568886300, -0.7726683315065647800, -2.070833333333326200 ) ) ;
#5343 = DIRECTION ( 'NONE',  ( 0.7071067811865443500, 8.659560562354895900E-017, -0.7071067811865506800 ) ) ;
#5344 = FACE_OUTER_BOUND ( 'NONE', #5263, .T. ) ;
#5345 = CARTESIAN_POINT ( 'NONE',  ( 1.999999999999998200, 0.0000000000000000000, -13.47499999999996800 ) ) ;
#5346 = CARTESIAN_POINT ( 'NONE',  ( 1.545336663013167500, -2.817957636530729900E-015, -4.112499999999990100 ) ) ;
#5347 = CARTESIAN_POINT ( 'NONE',  ( 2.817678007057453700E-014, -2.000000000000000000, -11.63749999999996900 ) ) ;
#5348 = CARTESIAN_POINT ( 'NONE',  ( -0.3074501200067852300, 1.639820134047547600, -0.2615097977964136500 ) ) ;
#5349 =( BOUNDED_CURVE ( )  B_SPLINE_CURVE ( 2, ( #3913, #5906, #1511, #5936, #2208, #2742, #2154, #254, #3390 ),
 .UNSPECIFIED., .F., .F. ) 
 B_SPLINE_CURVE_WITH_KNOTS ( ( 3, 2, 2, 2, 3 ),
 ( 0.4779411764705883100, 0.4803921568627451100, 0.4852941176470588200, 0.4901960784313725300, 0.4926470588235294900 ),
 .UNSPECIFIED. ) 
 CURVE ( )  GEOMETRIC_REPRESENTATION_ITEM ( )  RATIONAL_B_SPLINE_CURVE ( ( 0.9330127018922194100, 0.9330127018922216300, 1.000000000000000000, 0.8660254037844387100, 1.000000000000000000, 0.8660254037844387100, 1.000000000000000000, 0.9330127018922170800, 0.9330127018922194100 ) ) 
 REPRESENTATION_ITEM ( '' )  );
#5350 = CARTESIAN_POINT ( 'NONE',  ( 1.154700538379290100, -1.999999999999977800, -16.39166666666662300 ) ) ;
#5351 = CARTESIAN_POINT ( 'NONE',  ( -0.8922005383792724900, 1.545336663013154900, -5.279166666666650800 ) ) ;
#5352 = ORIENTED_EDGE ( 'NONE', *, *, #3408, .F. ) ;
#5353 = ORIENTED_EDGE ( 'NONE', *, *, #4335, .T. ) ;
#5354 = DIRECTION ( 'NONE',  ( 0.4999999999999999400, 0.8660254037844387100, -0.0000000000000000000 ) ) ;
#5355 = CARTESIAN_POINT ( 'NONE',  ( 2.177130564435878800E-014, -1.545336663013167300, -14.69999999999996200 ) ) ;
#5356 = EDGE_CURVE ( 'NONE', #5358, #1354, #4295, .T. ) ;
#5357 = CARTESIAN_POINT ( 'NONE',  ( 0.0000000000000000000, 0.0000000000000000000, 0.0000000000000000000 ) ) ;
#5358 = VERTEX_POINT ( 'NONE', #4546 ) ;
#5359 = CARTESIAN_POINT ( 'NONE',  ( 0.8922005383792283000, 1.545336663013179700, -14.49583333333329600 ) ) ;
#5360 = FACE_OUTER_BOUND ( 'NONE', #6451, .T. ) ;
#5361 = CARTESIAN_POINT ( 'NONE',  ( 2.000000000000000400, -1.743066579297358300E-016, -0.9624999999999964700 ) ) ;
#5362 = ORIENTED_EDGE ( 'NONE', *, *, #2060, .F. ) ;
#5363 = CARTESIAN_POINT ( 'NONE',  ( -2.000000000000000400, 4.299564228933483700E-015, -4.024999999999991500 ) ) ;
#5364 = CARTESIAN_POINT ( 'NONE',  ( 1.545336663013167300, 1.892491597964127500E-016, 0.0000000000000000000 ) ) ;
#5365 = CARTESIAN_POINT ( 'NONE',  ( 0.0000000000000000000, 0.0000000000000000000, 0.0000000000000000000 ) ) ;
#5366 = CARTESIAN_POINT ( 'NONE',  ( 2.817678007057453100E-014, -2.000000000000000000, -9.449999999999976200 ) ) ;
#5367 = CARTESIAN_POINT ( 'NONE',  ( 1.338300807568886300, -0.7726683315065647800, -1.283333333333327400 ) ) ;
#5368 = CARTESIAN_POINT ( 'NONE',  ( 1.545336663013169100, 3.166570952390200700E-015, -8.224999999999980100 ) ) ;
#5369 = FACE_OUTER_BOUND ( 'NONE', #2009, .T. ) ;
#5370 = EDGE_CURVE ( 'NONE', #4949, #5724, #4907, .T. ) ;
#5371 = CARTESIAN_POINT ( 'NONE',  ( -1.338300807568886700, 0.7726683315065640000, -3.820833333333321800 ) ) ;
#5372 = CARTESIAN_POINT ( 'NONE',  ( 6.095544705693036800E-014, -1.545336663013167300, -21.08749999999994500 ) ) ;
#5373 = AXIS2_PLACEMENT_3D ( 'NONE', #1134, #8042, #6195 ) ;
#5374 = CARTESIAN_POINT ( 'NONE',  ( -1.545336663013169100, 2.527446539981169400E-015, -9.274999999999977300 ) ) ;
#5375 = CYLINDRICAL_SURFACE ( 'NONE', #219, 3.500000000000000000 ) ;
#5376 = ORIENTED_EDGE ( 'NONE', *, *, #2086, .T. ) ;
#5377 = CARTESIAN_POINT ( 'NONE',  ( -1.154700538379167300, -2.000000000000048000, -16.50833333333329000 ) ) ;
#5378 = CARTESIAN_POINT ( 'NONE',  ( -1.338300807568886700, 0.7726683315065640000, -5.220833333333319000 ) ) ;
#5379 = ORIENTED_EDGE ( 'NONE', *, *, #3073, .T. ) ;
#5380 = ORIENTED_EDGE ( 'NONE', *, *, #3150, .T. ) ;
#5381 = DIRECTION ( 'NONE',  ( -1.000000000000000000, 0.0000000000000000000, 0.0000000000000000000 ) ) ;
#5382 = VECTOR ( 'NONE', #2145, 1000.000000000000000 ) ;
#5383 = VERTEX_POINT ( 'NONE', #7208 ) ;
#5384 = CARTESIAN_POINT ( 'NONE',  ( -1.545336663013166600, 0.4140717108885632000, -8.693760739116939400 ) ) ;
#5385 = CARTESIAN_POINT ( 'NONE',  ( -2.158205648456237700E-014, 1.545336663013167300, -15.04999999999996200 ) ) ;
#5386 = CARTESIAN_POINT ( 'NONE',  ( 2.000000000000002200, 0.5358983848622641500, -3.731239260883024900 ) ) ;
#5387 = CARTESIAN_POINT ( 'NONE',  ( -1.338300807568896000, 0.7726683315065480100, -18.52083333333328600 ) ) ;
#5388 = ORIENTED_EDGE ( 'NONE', *, *, #7127, .F. ) ;
#5389 = VERTEX_POINT ( 'NONE', #3311 ) ;
#5390 = CARTESIAN_POINT ( 'NONE',  ( -0.8922005383792724900, 1.545336663013154900, -15.07916666666662800 ) ) ;
#5391 = CARTESIAN_POINT ( 'NONE',  ( 2.000000000000002200, 5.171097518582162600E-015, -9.362499999999977600 ) ) ;
#5392 = CARTESIAN_POINT ( 'NONE',  ( 2.000000000000001800, 6.100733027540754000E-015, -11.37499999999997300 ) ) ;
#5393 = DIRECTION ( 'NONE',  ( 1.000000000000000000, 0.0000000000000000000, 0.0000000000000000000 ) ) ;
#5394 = CARTESIAN_POINT ( 'NONE',  ( -1.154700538379280800, 1.999999999999983100, -8.341666666666643700 ) ) ;
#5395 = CARTESIAN_POINT ( 'NONE',  ( 2.177130564435878500E-014, -1.545336663013167300, -21.78749999999994500 ) ) ;
#5396 = CARTESIAN_POINT ( 'NONE',  ( -1.784401076758500100, -2.524860140211269500E-014, -1.574999999999994000 ) ) ;
#5397 = EDGE_CURVE ( 'NONE', #4073, #5111, #3316, .T. ) ;
#5398 = ORIENTED_EDGE ( 'NONE', *, *, #4330, .T. ) ;
#5399 = AXIS2_PLACEMENT_3D ( 'NONE', #241, #3466, #4048 ) ;
#5400 = CARTESIAN_POINT ( 'NONE',  ( -1.338300807568900500, 0.7726683315065401300, -15.02083333333329500 ) ) ;
#5401 = CARTESIAN_POINT ( 'NONE',  ( 1.338300807568886300, -0.7726683315065647800, -4.170833333333321000 ) ) ;
#5402 = CARTESIAN_POINT ( 'NONE',  ( -7.104932173091730500E-014, 2.000000000000000000, -19.68749999999994700 ) ) ;
#5403 = APPROVAL ( #786, 'UNSPECIFIED' ) ;
#5404 = DIRECTION ( 'NONE',  ( 0.0000000000000000000, 0.0000000000000000000, 1.000000000000000000 ) ) ;
#5405 = DIRECTION ( 'NONE',  ( 1.000000000000000000, 0.0000000000000000000, 0.0000000000000000000 ) ) ;
#5406 = ORIENTED_EDGE ( 'NONE', *, *, #6039, .T. ) ;
#5407 = LINE ( 'NONE', #4255, #478 ) ;
#5408 = LINE ( 'NONE', #90, #7852 ) ;
#5409 = CARTESIAN_POINT ( 'NONE',  ( 1.999999999999998200, 1.516467923988701500E-014, -16.27499999999995900 ) ) ;
#5410 = CARTESIAN_POINT ( 'NONE',  ( -0.8922005383792724900, 1.545336663013154900, -7.379166666666647800 ) ) ;
#5411 = EDGE_CURVE ( 'NONE', #6176, #551, #507, .T. ) ;
#5412 = CARTESIAN_POINT ( 'NONE',  ( 0.8922005383792172000, 1.545336663013186000, -8.108333333333311200 ) ) ;
#5413 = CARTESIAN_POINT ( 'NONE',  ( -1.999999999999994900, 0.5358983848622339600, -6.856260739116945200 ) ) ;
#5414 = ORIENTED_EDGE ( 'NONE', *, *, #4899, .T. ) ;
#5415 = VECTOR ( 'NONE', #5101, 1000.000000000000000 ) ;
#5416 = FACE_OUTER_BOUND ( 'NONE', #2032, .T. ) ;
#5417 = CARTESIAN_POINT ( 'NONE',  ( 1.999999999999997800, -0.5358983848622230800, -12.10626073911693700 ) ) ;
#5418 = CARTESIAN_POINT ( 'NONE',  ( 2.177130564435878800E-014, -1.545336663013167300, -20.99999999999994700 ) ) ;
#5419 = CARTESIAN_POINT ( 'NONE',  ( -1.545336663013172000, -7.553288510288552300E-015, -17.06249999999996100 ) ) ;
#5420 = CARTESIAN_POINT ( 'NONE',  ( 1.545336663013166200, 1.313110156404009800E-014, -18.81249999999995700 ) ) ;
#5421 = ORIENTED_EDGE ( 'NONE', *, *, #1746, .T. ) ;
#5422 = EDGE_CURVE ( 'NONE', #1700, #20, #5407, .T. ) ;
#5423 = CARTESIAN_POINT ( 'NONE',  ( 2.000000000000000000, 0.0000000000000000000, -22.00000000000000000 ) ) ;
#5424 = CARTESIAN_POINT ( 'NONE',  ( -1.545336663013168600, 0.4140717108885669800, -4.493760739116951600 ) ) ;
#5425 = CARTESIAN_POINT ( 'NONE',  ( -1.545336663013158600, 0.4140717108885620900, -21.29376073911691600 ) ) ;
#5426 = CARTESIAN_POINT ( 'NONE',  ( 1.732050807568863200, 1.000000000000024400, -7.816666666666645100 ) ) ;
#5427 = AXIS2_PLACEMENT_3D ( 'NONE', #7073, #7581, #7752 ) ;
#5428 = CARTESIAN_POINT ( 'NONE',  ( 2.177130564435878800E-014, -1.545336663013167300, 2.602085213965210600E-015 ) ) ;
#5429 = CARTESIAN_POINT ( 'NONE',  ( -1.154700538379325600, 1.999999999999957600, -15.42916666666662600 ) ) ;
#5430 = EDGE_LOOP ( 'NONE', ( #5529, #941, #5163, #2609 ) ) ;
#5431 = CARTESIAN_POINT ( 'NONE',  ( -2.000000000000001800, 0.5358983848622225200, -4.843760739116950400 ) ) ;
#5432 =( BOUNDED_CURVE ( )  B_SPLINE_CURVE ( 2, ( #1313, #6889, #1234, #2499, #3136, #6, #5186, #2723, #7642 ),
 .UNSPECIFIED., .F., .F. ) 
 B_SPLINE_CURVE_WITH_KNOTS ( ( 3, 2, 2, 2, 3 ),
 ( 0.5220588235294119100, 0.5245098039215686500, 0.5294117647058823600, 0.5343137254901960700, 0.5367647058823530300 ),
 .UNSPECIFIED. ) 
 CURVE ( )  GEOMETRIC_REPRESENTATION_ITEM ( )  RATIONAL_B_SPLINE_CURVE ( ( 0.9330127018922194100, 0.9330127018922224100, 1.000000000000000000, 0.8660254037844387100, 1.000000000000000000, 0.8660254037844387100, 1.000000000000000000, 0.9330127018922163000, 0.9330127018922194100 ) ) 
 REPRESENTATION_ITEM ( '' )  );
#5433 = CARTESIAN_POINT ( 'NONE',  ( -5.489756087650233800E-014, 1.545336663013167300, -20.03749999999995200 ) ) ;
#5434 = ORIENTED_EDGE ( 'NONE', *, *, #4736, .F. ) ;
#5435 = CARTESIAN_POINT ( 'NONE',  ( 0.8922005383792853700, -1.545336663013147300, -5.629166666666651300 ) ) ;
#5436 = CARTESIAN_POINT ( 'NONE',  ( -1.338300807568864000, -0.7726683315066029700, -8.604166666666643000 ) ) ;
#5437 = CARTESIAN_POINT ( 'NONE',  ( -0.8922005383793179000, 1.545336663013128400, -14.99166666666662600 ) ) ;
#5438 = CARTESIAN_POINT ( 'NONE',  ( 0.8922005383792148700, 1.545336663013187300, -12.39583333333330000 ) ) ;
#5439 = CARTESIAN_POINT ( 'NONE',  ( 0.8922005383792722700, -1.545336663013154900, -19.54166666666661800 ) ) ;
#5440 = CARTESIAN_POINT ( 'NONE',  ( 1.732050807568901000, -0.9999999999999588100, -19.92083333333328100 ) ) ;
#5441 = CARTESIAN_POINT ( 'NONE',  ( 1.545336663013169100, 0.4140717108885981800, -3.381239260883026600 ) ) ;
#5442 = ORIENTED_EDGE ( 'NONE', *, *, #5726, .T. ) ;
#5443 = CARTESIAN_POINT ( 'NONE',  ( 0.4990421096852146700, 1.621831113371184700, -22.00000000000000000 ) ) ;
#5444 = CARTESIAN_POINT ( 'NONE',  ( 1.732050807568863200, 1.000000000000024400, -8.516666666666644400 ) ) ;
#5445 = CARTESIAN_POINT ( 'NONE',  ( 0.8922005383792722700, -1.545336663013154900, -1.341666666666661000 ) ) ;
#5446 = CYLINDRICAL_SURFACE ( 'NONE', #5742, 1.545336663013167300 ) ;
#5447 = CARTESIAN_POINT ( 'NONE',  ( 1.545336663013168400, -0.4140717108885571000, -9.656260739116939700 ) ) ;
#5448 = CARTESIAN_POINT ( 'NONE',  ( -2.000000000000000000, -2.672702088255949100E-015, -5.424999999999986500 ) ) ;
#5449 = CARTESIAN_POINT ( 'NONE',  ( 2.000000000000000400, 0.5358983848622678200, -5.131239260883020800 ) ) ;
#5450 = EDGE_CURVE ( 'NONE', #6815, #4794, #2722, .T. ) ;
#5451 = CARTESIAN_POINT ( 'NONE',  ( -0.8922005383791991000, -1.545336663013196600, -11.34583333333330300 ) ) ;
#5452 = ORIENTED_EDGE ( 'NONE', *, *, #3166, .T. ) ;
#5453 = CARTESIAN_POINT ( 'NONE',  ( 3.066792922173301400E-014, -1.545336663013167300, -5.687499999999984000 ) ) ;
#5454 = CARTESIAN_POINT ( 'NONE',  ( 0.8922005383792722700, -1.545336663013154900, -9.129166666666639800 ) ) ;
#5455 = EDGE_LOOP ( 'NONE', ( #831, #4746, #3298, #722 ) ) ;
#5456 =( BOUNDED_CURVE ( )  B_SPLINE_CURVE ( 2, ( #1067, #1669, #6076, #6123, #3507, #5412, #6675, #2326, #1086 ),
 .UNSPECIFIED., .F., .F. ) 
 B_SPLINE_CURVE_WITH_KNOTS ( ( 3, 2, 2, 2, 3 ),
 ( 0.3750000000000001100, 0.3774509803921568500, 0.3823529411764705600, 0.3872549019607843300, 0.3897058823529412900 ),
 .UNSPECIFIED. ) 
 CURVE ( )  GEOMETRIC_REPRESENTATION_ITEM ( )  RATIONAL_B_SPLINE_CURVE ( ( 0.9330127018922194100, 0.9330127018922224100, 1.000000000000000000, 0.8660254037844387100, 1.000000000000000000, 0.8660254037844387100, 1.000000000000000000, 0.9330127018922163000, 0.9330127018922194100 ) ) 
 REPRESENTATION_ITEM ( '' )  );
#5457 = VECTOR ( 'NONE', #2520, 1000.000000000000000 ) ;
#5458 = CARTESIAN_POINT ( 'NONE',  ( 2.177130564435878800E-014, -1.545336663013167300, -21.69999999999994600 ) ) ;
#5459 = ORIENTED_EDGE ( 'NONE', *, *, #2488, .T. ) ;
#5460 = EDGE_CURVE ( 'NONE', #5724, #7322, #1708, .T. ) ;
#5461 = CYLINDRICAL_SURFACE ( 'NONE', #7433, 2.000000000000000000 ) ;
#5462 = ORIENTED_EDGE ( 'NONE', *, *, #7691, .F. ) ;
#5463 = CARTESIAN_POINT ( 'NONE',  ( 0.0000000000000000000, 0.0000000000000000000, -22.00000000000000000 ) ) ;
#5464 = CARTESIAN_POINT ( 'NONE',  ( 1.338300807568862300, 0.7726683315066059700, -3.354166666666656300 ) ) ;
#5465 = ORIENTED_EDGE ( 'NONE', *, *, #6225, .F. ) ;
#5466 = VERTEX_POINT ( 'NONE', #5519 ) ;
#5467 = CARTESIAN_POINT ( 'NONE',  ( 1.999999999999998200, -1.278248824818062500E-014, -21.96249999999994900 ) ) ;
#5468 = CARTESIAN_POINT ( 'NONE',  ( -2.793185071074506100E-014, 2.000000000000000000, -11.89999999999997000 ) ) ;
#5469 = ORIENTED_EDGE ( 'NONE', *, *, #2859, .F. ) ;
#5470 = CARTESIAN_POINT ( 'NONE',  ( -0.8922005383792279700, -1.545336663013180200, -0.7583333333333289700 ) ) ;
#5471 = CARTESIAN_POINT ( 'NONE',  ( -0.8922005383792217500, -1.545336663013183500, -9.858333333333305900 ) ) ;
#5472 = LINE ( 'NONE', #3847, #2800 ) ;
#5473 = EDGE_CURVE ( 'NONE', #3372, #5564, #4823, .T. ) ;
#5474 = ORIENTED_EDGE ( 'NONE', *, *, #6660, .T. ) ;
#5475 = CARTESIAN_POINT ( 'NONE',  ( 1.545336663013166200, 1.167854608129230000E-014, -16.01249999999996000 ) ) ;
#5476 = CARTESIAN_POINT ( 'NONE',  ( 1.154700538379296100, -1.999999999999974000, -4.491666666666653800 ) ) ;
#5477 = CARTESIAN_POINT ( 'NONE',  ( -1.500000000000000200, -0.8660254037844387100, -26.00000000000000000 ) ) ;
#5478 = CYLINDRICAL_SURFACE ( 'NONE', #1999, 2.000000000000000000 ) ;
#5479 = CARTESIAN_POINT ( 'NONE',  ( -1.732050807568862800, -1.000000000000025100, -11.05416666666663700 ) ) ;
#5480 = CARTESIAN_POINT ( 'NONE',  ( 0.0000000000000000000, 0.0000000000000000000, 0.0000000000000000000 ) ) ;
#5481 = AXIS2_PLACEMENT_3D ( 'NONE', #996, #1572, #6023 ) ;
#5482 = ORIENTED_EDGE ( 'NONE', *, *, #6782, .F. ) ;
#5483 = CARTESIAN_POINT ( 'NONE',  ( -2.233905312374802300E-014, 1.545336663013167300, -0.4374999999999967200 ) ) ;
#5484 = DATE_AND_TIME ( #1920, #4213 ) ;
#5485 = CARTESIAN_POINT ( 'NONE',  ( 2.177130564435878800E-014, -1.545336663013167300, -18.19999999999995300 ) ) ;
#5486 = DIRECTION ( 'NONE',  ( -0.0000000000000000000, -0.0000000000000000000, -1.000000000000000000 ) ) ;
#5487 = CARTESIAN_POINT ( 'NONE',  ( -2.000000000000000000, 2.614599868946037200E-015, -2.624999999999993300 ) ) ;
#5488 = EDGE_LOOP ( 'NONE', ( #1828, #518, #3597, #5057 ) ) ;
#5489 = CARTESIAN_POINT ( 'NONE',  ( 1.338300807568889400, -0.7726683315065595600, -4.170833333333321000 ) ) ;
#5490 = CARTESIAN_POINT ( 'NONE',  ( -1.999999999999995300, 0.5358983848622328500, -7.643760739116944900 ) ) ;
#5491 = DIRECTION ( 'NONE',  ( 0.0000000000000000000, 0.0000000000000000000, 1.000000000000000000 ) ) ;
#5492 = CARTESIAN_POINT ( 'NONE',  ( -1.545336663013167300, 0.0000000000000000000, 0.0000000000000000000 ) ) ;
#5493 = CARTESIAN_POINT ( 'NONE',  ( 1.154700538379280100, -1.999999999999983300, -10.09166666666664200 ) ) ;
#5494 = CARTESIAN_POINT ( 'NONE',  ( -1.338300807568886700, 0.7726683315065640000, -3.733333333333321800 ) ) ;
#5495 = EDGE_CURVE ( 'NONE', #2956, #2637, #2829, .T. ) ;
#5496 = ORIENTED_EDGE ( 'NONE', *, *, #4786, .F. ) ;
#5497 = FACE_OUTER_BOUND ( 'NONE', #5488, .T. ) ;
#5498 = CARTESIAN_POINT ( 'NONE',  ( 1.338300807568896200, -0.7726683315065472300, -9.683333333333306900 ) ) ;
#5499 = CARTESIAN_POINT ( 'NONE',  ( -1.999999999999998200, -6.797959659259697200E-015, -12.51249999999996900 ) ) ;
#5500 = CARTESIAN_POINT ( 'NONE',  ( -3.478987278597024100E-014, 2.000000000000000000, -8.487499999999975800 ) ) ;
#5501 = CARTESIAN_POINT ( 'NONE',  ( 0.8922005383792883700, -1.545336663013145300, -11.22916666666663900 ) ) ;
#5502 = CARTESIAN_POINT ( 'NONE',  ( 5.537136677928484200E-014, -2.000000000000000000, -7.437499999999978700 ) ) ;
#5503 = CIRCLE ( 'NONE', #3577, 1.732050807568877400 ) ;
#5504 = CARTESIAN_POINT ( 'NONE',  ( -1.154700538379222800, -2.000000000000016400, -10.29583333333330600 ) ) ;
#5505 =( BOUNDED_CURVE ( )  B_SPLINE_CURVE ( 2, ( #7685, #7117, #4566, #798, #7719, #2714, #5210, #7591, #2480 ),
 .UNSPECIFIED., .F., .F. ) 
 B_SPLINE_CURVE_WITH_KNOTS ( ( 3, 2, 2, 2, 3 ),
 ( 0.3897058823529412900, 0.3921568627450980300, 0.3970588235294117400, 0.4019607843137255100, 0.4044117647058824700 ),
 .UNSPECIFIED. ) 
 CURVE ( )  GEOMETRIC_REPRESENTATION_ITEM ( )  RATIONAL_B_SPLINE_CURVE ( ( 0.9330127018922194100, 0.9330127018922224100, 1.000000000000000000, 0.8660254037844387100, 1.000000000000000000, 0.8660254037844387100, 1.000000000000000000, 0.9330127018922163000, 0.9330127018922194100 ) ) 
 REPRESENTATION_ITEM ( '' )  );
#5506 = EDGE_CURVE ( 'NONE', #5466, #2549, #6776, .T. ) ;
#5507 =( BOUNDED_CURVE ( )  B_SPLINE_CURVE ( 2, ( #4559, #4028, #247, #5227, #7106, #791, #2708, #1448, #3326 ),
 .UNSPECIFIED., .F., .F. ) 
 B_SPLINE_CURVE_WITH_KNOTS ( ( 3, 2, 2, 2, 3 ),
 ( 0.8161764705882355000, 0.8186274509803921400, 0.8235294117647058400, 0.8284313725490196600, 0.8308823529411766300 ),
 .UNSPECIFIED. ) 
 CURVE ( )  GEOMETRIC_REPRESENTATION_ITEM ( )  RATIONAL_B_SPLINE_CURVE ( ( 0.9330127018922194100, 0.9330127018922254000, 1.000000000000000000, 0.8660254037844387100, 1.000000000000000000, 0.8660254037844387100, 1.000000000000000000, 0.9330127018922163000, 0.9330127018922194100 ) ) 
 REPRESENTATION_ITEM ( '' )  );
#5508 = DIRECTION ( 'NONE',  ( -0.0000000000000000000, -0.0000000000000000000, -1.000000000000000000 ) ) ;
#5509 = CARTESIAN_POINT ( 'NONE',  ( 0.0000000000000000000, 0.0000000000000000000, -22.00000000000000000 ) ) ;
#5510 = CARTESIAN_POINT ( 'NONE',  ( -1.784401076758500100, -2.524860140211269500E-014, -21.87499999999994700 ) ) ;
#5511 = CARTESIAN_POINT ( 'NONE',  ( -5.047030366014907300E-014, 2.000000000000000000, -10.58749999999997200 ) ) ;
#5512 = ORIENTED_EDGE ( 'NONE', *, *, #5637, .T. ) ;
#5513 = CARTESIAN_POINT ( 'NONE',  ( 1.545336663013167500, -2.817957636530729900E-015, -4.112499999999990100 ) ) ;
#5514 = EDGE_CURVE ( 'NONE', #2900, #5612, #4047, .T. ) ;
#5515 = DIRECTION ( 'NONE',  ( 0.0000000000000000000, 0.0000000000000000000, 1.000000000000000000 ) ) ;
#5516 = CARTESIAN_POINT ( 'NONE',  ( 1.545336663013166000, 7.872850716493068400E-015, -10.41249999999997300 ) ) ;
#5517 = CARTESIAN_POINT ( 'NONE',  ( -1.545336663013165100, 0.4140717108885582600, -16.39376073911692400 ) ) ;
#5518 = CARTESIAN_POINT ( 'NONE',  ( 2.309401076758502900, 3.239433308545618900E-014, -9.974999999999973000 ) ) ;
#5519 = CARTESIAN_POINT ( 'NONE',  ( -1.499999999999999800, 0.8660254037844391500, -23.75000000000000000 ) ) ;
#5520 = CARTESIAN_POINT ( 'NONE',  ( -1.784401076758500100, -2.524860140211269500E-014, -5.774999999999983500 ) ) ;
#5521 = DIRECTION ( 'NONE',  ( -1.000000000000000000, 2.503857664561931400E-016, 0.0000000000000000000 ) ) ;
#5522 = CARTESIAN_POINT ( 'NONE',  ( 1.338300807568862000, 0.7726683315066066300, -4.666666666666652800 ) ) ;
#5523 = CARTESIAN_POINT ( 'NONE',  ( -0.8922005383792724900, 1.545336663013154900, -22.77916666666660500 ) ) ;
#5524 = CARTESIAN_POINT ( 'NONE',  ( -2.793185071074506100E-014, 2.000000000000000000, -17.49999999999995700 ) ) ;
#5525 = ORIENTED_EDGE ( 'NONE', *, *, #872, .F. ) ;
#5526 = CARTESIAN_POINT ( 'NONE',  ( 1.338300807568860700, 0.7726683315066088500, -9.566666666666639800 ) ) ;
#5527 = CARTESIAN_POINT ( 'NONE',  ( 5.035366797444559900E-014, -1.545336663013167300, -21.69999999999994600 ) ) ;
#5528 = CARTESIAN_POINT ( 'NONE',  ( -1.732050807568891800, 0.9999999999999742400, -10.47083333333330500 ) ) ;
#5529 = ORIENTED_EDGE ( 'NONE', *, *, #2179, .F. ) ;
#5530 = AXIS2_PLACEMENT_3D ( 'NONE', #2070, #3976, #6426 ) ;
#5531 = CARTESIAN_POINT ( 'NONE',  ( -1.545336663013165500, 0.4140717108885567700, -19.19376073911691400 ) ) ;
#5532 = CYLINDRICAL_SURFACE ( 'NONE', #7150, 1.545336663013167300 ) ;
#5533 = DIRECTION ( 'NONE',  ( 0.0000000000000000000, 0.0000000000000000000, 1.000000000000000000 ) ) ;
#5534 = CARTESIAN_POINT ( 'NONE',  ( -0.8922005383792724900, 1.545336663013154900, -22.69166666666661000 ) ) ;
#5535 = ORIENTED_EDGE ( 'NONE', *, *, #2827, .F. ) ;
#5536 = CARTESIAN_POINT ( 'NONE',  ( -1.545336663013167300, 0.0000000000000000000, 0.0000000000000000000 ) ) ;
#5537 = EDGE_LOOP ( 'NONE', ( #6066, #4446 ) ) ;
#5538 = CARTESIAN_POINT ( 'NONE',  ( -1.999999999999999600, -8.134310703387671400E-016, -0.5249999999999985800 ) ) ;
#5539 = ADVANCED_FACE ( 'NONE', ( #4498 ), #3428, .T. ) ;
#5540 = DIRECTION ( 'NONE',  ( -0.0000000000000000000, -0.0000000000000000000, -1.000000000000000000 ) ) ;
#5541 = DIRECTION ( 'NONE',  ( -0.0000000000000000000, -0.0000000000000000000, -1.000000000000000000 ) ) ;
#5542 = CARTESIAN_POINT ( 'NONE',  ( 1.999999999999989600, 0.5358983848622933500, -21.84373926088298400 ) ) ;
#5543 = CARTESIAN_POINT ( 'NONE',  ( 1.338300807568864300, 0.7726683315066025200, -4.666666666666652800 ) ) ;
#5544 = VERTEX_POINT ( 'NONE', #1788 ) ;
#5545 = CARTESIAN_POINT ( 'NONE',  ( 1.545336663013167300, 1.892491597964127500E-016, 0.0000000000000000000 ) ) ;
#5546 = VECTOR ( 'NONE', #5667, 1000.000000000000000 ) ;
#5547 = CARTESIAN_POINT ( 'NONE',  ( -2.000000000000000000, 2.449293598294706400E-016, -22.00000000000000000 ) ) ;
#5548 = CARTESIAN_POINT ( 'NONE',  ( -0.8922005383792279700, -1.545336663013180200, -22.54583333333327700 ) ) ;
#5549 = ORIENTED_EDGE ( 'NONE', *, *, #7163, .F. ) ;
#5550 = CARTESIAN_POINT ( 'NONE',  ( -1.732050807568862800, -1.000000000000025100, -18.66666666666661800 ) ) ;
#5551 = EDGE_CURVE ( 'NONE', #20, #7843, #3439, .T. ) ;
#5552 = CARTESIAN_POINT ( 'NONE',  ( 2.000000000000006700, -0.5358983848622068700, -15.69376073911692200 ) ) ;
#5553 = CARTESIAN_POINT ( 'NONE',  ( 1.545336663013166200, 1.467081037575276500E-014, -21.52499999999994200 ) ) ;
#5554 = CYLINDRICAL_SURFACE ( 'NONE', #3169, 2.000000000000000000 ) ;
#5555 = CARTESIAN_POINT ( 'NONE',  ( 1.732050807568891200, -0.9999999999999753500, -11.52083333333330400 ) ) ;
#5556 = CYLINDRICAL_SURFACE ( 'NONE', #6111, 1.545336663013167300 ) ;
#5557 = ORIENTED_EDGE ( 'NONE', *, *, #807, .F. ) ;
#5558 = CARTESIAN_POINT ( 'NONE',  ( -1.732050807568862800, -1.000000000000025100, 0.1458333333333361500 ) ) ;
#5559 = EDGE_CURVE ( 'NONE', #242, #3287, #4607, .T. ) ;
#5560 = CARTESIAN_POINT ( 'NONE',  ( 1.545336663013167500, 4.764381983412778700E-015, -2.012499999999994800 ) ) ;
#5561 = ORIENTED_EDGE ( 'NONE', *, *, #7471, .T. ) ;
#5562 =( BOUNDED_CURVE ( )  B_SPLINE_CURVE ( 2, ( #4763, #4917, #6881, #2390, #7383, #4892, #5618, #3688, #4960 ),
 .UNSPECIFIED., .F., .F. ) 
 B_SPLINE_CURVE_WITH_KNOTS ( ( 3, 2, 2, 2, 3 ),
 ( 0.2720588235294118500, 0.2745098039215686500, 0.2794117647058823600, 0.2843137254901960700, 0.2867647058823530300 ),
 .UNSPECIFIED. ) 
 CURVE ( )  GEOMETRIC_REPRESENTATION_ITEM ( )  RATIONAL_B_SPLINE_CURVE ( ( 0.9330127018922194100, 0.9330127018922216300, 1.000000000000000000, 0.8660254037844387100, 1.000000000000000000, 0.8660254037844387100, 1.000000000000000000, 0.9330127018922170800, 0.9330127018922194100 ) ) 
 REPRESENTATION_ITEM ( '' )  );
#5563 = AXIS2_PLACEMENT_3D ( 'NONE', #6950, #624, #1914 ) ;
#5564 = VERTEX_POINT ( 'NONE', #3689 ) ;
#5565 = LINE ( 'NONE', #2615, #5382 ) ;
#5566 = CARTESIAN_POINT ( 'NONE',  ( -1.154700538379339200, 1.999999999999949600, -14.72916666666662900 ) ) ;
#5567 = CARTESIAN_POINT ( 'NONE',  ( 1.154700538379199100, 2.000000000000030200, -21.84583333333327500 ) ) ;
#5568 = CARTESIAN_POINT ( 'NONE',  ( -0.8922005383792258600, -1.545336663013181100, -2.245833333333326000 ) ) ;
#5569 = CARTESIAN_POINT ( 'NONE',  ( -0.8922005383792724900, 1.545336663013154900, -5.191666666666651300 ) ) ;
#5570 = ORIENTED_EDGE ( 'NONE', *, *, #6737, .F. ) ;
#5571 = ORIENTED_EDGE ( 'NONE', *, *, #7016, .T. ) ;
#5572 = CARTESIAN_POINT ( 'NONE',  ( 1.338300807568861400, 0.7726683315066076300, -6.854166666666647400 ) ) ;
#5573 = CARTESIAN_POINT ( 'NONE',  ( -0.8922005383792724900, 1.545336663013154900, -20.67916666666661700 ) ) ;
#5574 = VECTOR ( 'NONE', #3508, 1000.000000000000000 ) ;
#5575 = CARTESIAN_POINT ( 'NONE',  ( -1.732050807568891800, 0.9999999999999742400, -16.68333333333329400 ) ) ;
#5576 = CARTESIAN_POINT ( 'NONE',  ( -1.999999999999998200, -5.868324150301105800E-015, -11.72499999999997100 ) ) ;
#5577 = CARTESIAN_POINT ( 'NONE',  ( -1.999999999999998200, -9.354457308895821800E-015, -18.02499999999995600 ) ) ;
#5578 = CARTESIAN_POINT ( 'NONE',  ( -2.000000000000001300, -0.5358983848622632700, -7.581239260883015700 ) ) ;
#5579 = EDGE_LOOP ( 'NONE', ( #97, #4284, #1861, #3152 ) ) ;
#5580 = DIRECTION ( 'NONE',  ( 1.000000000000000000, 0.0000000000000000000, 0.0000000000000000000 ) ) ;
#5581 = CARTESIAN_POINT ( 'NONE',  ( -1.154700538379222800, -2.000000000000016400, -15.19583333333329200 ) ) ;
#5582 = PERSON_AND_ORGANIZATION ( #8118, #275 ) ;
#5583 = ADVANCED_FACE ( 'NONE', ( #3624 ), #6586, .T. ) ;
#5584 = CARTESIAN_POINT ( 'NONE',  ( 1.545336663013172000, 1.353781709920948100E-014, -18.02499999999995600 ) ) ;
#5585 = VERTEX_POINT ( 'NONE', #5620 ) ;
#5586 =( BOUNDED_CURVE ( )  B_SPLINE_CURVE ( 2, ( #2283, #5413, #4880, #7943, #2356, #1696, #404, #6046, #4807 ),
 .UNSPECIFIED., .F., .F. ) 
 B_SPLINE_CURVE_WITH_KNOTS ( ( 3, 2, 2, 2, 3 ),
 ( 0.3161764705882353900, 0.3186274509803921400, 0.3235294117647059000, 0.3284313725490196100, 0.3308823529411765700 ),
 .UNSPECIFIED. ) 
 CURVE ( )  GEOMETRIC_REPRESENTATION_ITEM ( )  RATIONAL_B_SPLINE_CURVE ( ( 0.9330127018922194100, 0.9330127018922224100, 1.000000000000000000, 0.8660254037844387100, 1.000000000000000000, 0.8660254037844387100, 1.000000000000000000, 0.9330127018922163000, 0.9330127018922194100 ) ) 
 REPRESENTATION_ITEM ( '' )  );
#5587 = CARTESIAN_POINT ( 'NONE',  ( -1.545336663013166200, 9.180150650966086200E-015, -6.474999999999983700 ) ) ;
#5588 = CARTESIAN_POINT ( 'NONE',  ( -1.338300807568852500, -0.7726683315066232800, -10.00416666666664000 ) ) ;
#5589 = ORIENTED_EDGE ( 'NONE', *, *, #3513, .F. ) ;
#5590 = CYLINDRICAL_SURFACE ( 'NONE', #5034, 1.545336663013167300 ) ;
#5591 = CARTESIAN_POINT ( 'NONE',  ( -1.545336663013166000, 8.366719580627318400E-015, -7.962499999999979900 ) ) ;
#5593 = CARTESIAN_POINT ( 'NONE',  ( 0.0000000000000000000, 0.0000000000000000000, 0.0000000000000000000 ) ) ;
#5592 = FACE_OUTER_BOUND ( 'NONE', #3464, .T. ) ;
#5594 = CARTESIAN_POINT ( 'NONE',  ( 1.545336663013164200, 0.4140717108886092800, -10.38123926088300800 ) ) ;
#5595 = CARTESIAN_POINT ( 'NONE',  ( -1.545336663013167300, 0.0000000000000000000, 0.0000000000000000000 ) ) ;
#5596 = CARTESIAN_POINT ( 'NONE',  ( 0.8922005383792283000, 1.545336663013179700, -3.908333333333321700 ) ) ;
#5597 = EDGE_CURVE ( 'NONE', #556, #89, #3812, .T. ) ;
#5598 = CARTESIAN_POINT ( 'NONE',  ( -2.000000000000000000, 2.449293598294706400E-016, -22.00000000000000000 ) ) ;
#5599 = CARTESIAN_POINT ( 'NONE',  ( -1.338300807568864000, -0.7726683315066029700, -22.60416666666660700 ) ) ;
#5600 = CARTESIAN_POINT ( 'NONE',  ( -1.732050807568891800, 0.9999999999999742400, -15.98333333333329300 ) ) ;
#5601 = CARTESIAN_POINT ( 'NONE',  ( -1.545336663013164900, -0.4140717108886117200, -12.83123926088300400 ) ) ;
#5602 = CARTESIAN_POINT ( 'NONE',  ( 0.8922005383792165300, 1.545336663013186600, -9.508333333333306200 ) ) ;
#5603 = CARTESIAN_POINT ( 'NONE',  ( -3.185072046801659800E-014, 2.000000000000000000, -4.287499999999985400 ) ) ;
#5604 = CARTESIAN_POINT ( 'NONE',  ( -2.309401076758502900, -3.267715314911616300E-014, -12.51249999999996700 ) ) ;
#5605 = EDGE_CURVE ( 'NONE', #7327, #2678, #4646, .T. ) ;
#5606 = B_SPLINE_CURVE_WITH_KNOTS ( 'NONE', 3,
 ( #5901, #2737, #1415, #1355, #7141, #3907, #3385, #5140, #2000, #3445, #3414, #2151, #282, #4722, #1564, #5348, #5988, #2837, #2201, #6550, #4688, #935, #908, #7796, #7861, #4053, #6613, #2799 ),
 .UNSPECIFIED., .F., .F.,
 ( 4, 2, 2, 2, 2, 2, 2, 2, 2, 2, 2, 2, 2, 4 ),
 ( 0.004000247838898020700, 0.004327342409949467200, 0.004654436981000913000, 0.004981531552052359500, 0.005308626123103806100, 0.005962815265206698400, 0.006617004407309591600, 0.006944098978361037300, 0.007271193549412484700, 0.007598288120463930400, 0.007925382691515376100, 0.008579571833618269300, 0.008906666404669716700, 0.009233760975721164200 ),
 .UNSPECIFIED. ) ;
#5607 = VERTEX_POINT ( 'NONE', #4282 ) ;
#5608 = CARTESIAN_POINT ( 'NONE',  ( -1.545336663013166200, -7.117521865464212500E-015, -17.67499999999995800 ) ) ;
#5609 = CARTESIAN_POINT ( 'NONE',  ( -1.545336663013174000, 0.4140717108885484400, -17.00626073911692200 ) ) ;
#5610 = CARTESIAN_POINT ( 'NONE',  ( 0.0000000000000000000, 0.0000000000000000000, 0.0000000000000000000 ) ) ;
#5611 = DIRECTION ( 'NONE',  ( -0.0000000000000000000, -0.0000000000000000000, -1.000000000000000000 ) ) ;
#5612 = VERTEX_POINT ( 'NONE', #4485 ) ;
#5613 = CARTESIAN_POINT ( 'NONE',  ( -0.8922005383792082100, -1.545336663013191500, -14.75833333333329700 ) ) ;
#5614 = CARTESIAN_POINT ( 'NONE',  ( 1.545336663013169700, 0.4140717108886045100, -8.281239260883014100 ) ) ;
#5615 = EDGE_CURVE ( 'NONE', #242, #6330, #7540, .T. ) ;
#5616 = CARTESIAN_POINT ( 'NONE',  ( 0.8922005383793040200, -1.545336663013136200, -20.32916666666661200 ) ) ;
#5617 = ADVANCED_FACE ( 'NONE', ( #3213 ), #4913, .T. ) ;
#5618 = CARTESIAN_POINT ( 'NONE',  ( -1.338300807568858900, -0.7726683315066117400, -5.716666666666649900 ) ) ;
#5619 = AXIS2_PLACEMENT_3D ( 'NONE', #2039, #6502, #3305 ) ;
#5620 = CARTESIAN_POINT ( 'NONE',  ( -2.000000000000002200, 1.162044386198238700E-015, -11.81249999999997000 ) ) ;
#5621 = CARTESIAN_POINT ( 'NONE',  ( 0.8922005383792722700, -1.545336663013154900, -10.44166666666663600 ) ) ;
#5622 = DIRECTION ( 'NONE',  ( 0.0000000000000000000, 0.0000000000000000000, 1.000000000000000000 ) ) ;
#5623 = CARTESIAN_POINT ( 'NONE',  ( -1.154700538379222800, -2.000000000000016400, -1.808333333333327100 ) ) ;
#5624 = ORIENTED_EDGE ( 'NONE', *, *, #5654, .F. ) ;
#5625 = CARTESIAN_POINT ( 'NONE',  ( -1.732050807568862800, -1.000000000000025100, -22.86666666666660700 ) ) ;
#5626 = DIRECTION ( 'NONE',  ( 0.4999999999999999400, -0.8660254037844387100, 0.0000000000000000000 ) ) ;
#5627 = VECTOR ( 'NONE', #923, 1000.000000000000000 ) ;
#5628 = CARTESIAN_POINT ( 'NONE',  ( 2.817678007057453700E-014, -2.000000000000000000, -14.43749999999996300 ) ) ;
#5629 =( BOUNDED_CURVE ( )  B_SPLINE_CURVE ( 2, ( #2418, #6807, #565, #1741, #3054, #8011, #4348, #4962, #4258 ),
 .UNSPECIFIED., .F., .T. ) 
 B_SPLINE_CURVE_WITH_KNOTS ( ( 3, 2, 2, 2, 3 ),
 ( 0.3455882352941177500, 0.3480392156862744900, 0.3529411764705882600, 0.3578431372549019700, 0.3602941176470589300 ),
 .UNSPECIFIED. ) 
 CURVE ( )  GEOMETRIC_REPRESENTATION_ITEM ( )  RATIONAL_B_SPLINE_CURVE ( ( 0.9330127018922194100, 0.9330127018922224100, 1.000000000000000000, 0.8660254037844387100, 1.000000000000000000, 0.8660254037844387100, 1.000000000000000000, 0.9330127018922163000, 0.9330127018922194100 ) ) 
 REPRESENTATION_ITEM ( '' )  );
#5630 = CARTESIAN_POINT ( 'NONE',  ( -1.732050807568909600, 0.9999999999999433800, -15.28333333333329400 ) ) ;
#5631 = EDGE_LOOP ( 'NONE', ( #881, #1410, #4742, #5651 ) ) ;
#5632 = CARTESIAN_POINT ( 'NONE',  ( -0.3281119386512527700, -1.861144944674959300, -22.00000000000017100 ) ) ;
#5633 = CARTESIAN_POINT ( 'NONE',  ( -1.545336663013163500, 0.4140717108885753600, -6.506260739116946500 ) ) ;
#5634 = DIRECTION ( 'NONE',  ( -1.000000000000000000, 0.0000000000000000000, 0.0000000000000000000 ) ) ;
#5635 = ORIENTED_EDGE ( 'NONE', *, *, #7142, .T. ) ;
#5636 = CARTESIAN_POINT ( 'NONE',  ( 1.545336663013166200, 1.243387493232115400E-014, -14.52499999999996300 ) ) ;
#5637 = EDGE_CURVE ( 'NONE', #3113, #3781, #1957, .T. ) ;
#5638 = CARTESIAN_POINT ( 'NONE',  ( -2.000000000000000000, 0.5358983848622153000, -12.54376073911693200 ) ) ;
#5639 = VECTOR ( 'NONE', #3856, 1000.000000000000000 ) ;
#5640 = CARTESIAN_POINT ( 'NONE',  ( 1.545336663013169100, 4.677228654447910900E-015, -11.11249999999997200 ) ) ;
#5641 = ORIENTED_EDGE ( 'NONE', *, *, #6621, .F. ) ;
#5642 = CARTESIAN_POINT ( 'NONE',  ( -4.360732973983119100E-014, 2.000000000000000000, -21.08749999999994200 ) ) ;
#5643 = CARTESIAN_POINT ( 'NONE',  ( -1.338300807568862300, -0.7726683315066063000, -14.20416666666662800 ) ) ;
#5644 = CARTESIAN_POINT ( 'NONE',  ( -0.8922005383792724900, 1.545336663013154900, -9.391666666666639100 ) ) ;
#5645 = CARTESIAN_POINT ( 'NONE',  ( 4.354069822177474200E-014, -1.545336663013167300, -9.187499999999975100 ) ) ;
#5646 = LINE ( 'NONE', #7956, #2004 ) ;
#5647 = ORIENTED_EDGE ( 'NONE', *, *, #6504, .F. ) ;
#5648 = CARTESIAN_POINT ( 'NONE',  ( -1.154700538379222800, -2.000000000000016400, -2.508333333333325800 ) ) ;
#5649 =( BOUNDED_CURVE ( )  B_SPLINE_CURVE ( 2, ( #5927, #1469, #304, #848, #4110, #7763, #4747, #6546, #2766 ),
 .UNSPECIFIED., .F., .F. ) 
 B_SPLINE_CURVE_WITH_KNOTS ( ( 3, 2, 2, 2, 3 ),
 ( 0.7426470588235295500, 0.7450980392156862900, 0.7500000000000000000, 0.7549019607843137100, 0.7573529411764706700 ),
 .UNSPECIFIED. ) 
 CURVE ( )  GEOMETRIC_REPRESENTATION_ITEM ( )  RATIONAL_B_SPLINE_CURVE ( ( 0.9330127018922194100, 0.9330127018922224100, 1.000000000000000000, 0.8660254037844387100, 1.000000000000000000, 0.8660254037844387100, 1.000000000000000000, 0.9330127018922163000, 0.9330127018922194100 ) ) 
 REPRESENTATION_ITEM ( '' )  );
#5650 = CARTESIAN_POINT ( 'NONE',  ( -1.154700538379280800, 1.999999999999983100, -21.64166666666661200 ) ) ;
#5651 = ORIENTED_EDGE ( 'NONE', *, *, #2282, .F. ) ;
#5652 = ORIENTED_EDGE ( 'NONE', *, *, #6090, .F. ) ;
#5653 = CARTESIAN_POINT ( 'NONE',  ( -1.545336663013172000, -7.553288510288552300E-015, -16.97499999999995900 ) ) ;
#5654 = EDGE_CURVE ( 'NONE', #4595, #3682, #7153, .T. ) ;
#5655 = VERTEX_POINT ( 'NONE', #2600 ) ;
#5656 = CARTESIAN_POINT ( 'NONE',  ( 1.545336663013166000, -0.4140717108885669200, -11.75626073911693600 ) ) ;
#5657 = FACE_OUTER_BOUND ( 'NONE', #4175, .T. ) ;
#5658 = CARTESIAN_POINT ( 'NONE',  ( 2.309401076758502900, 3.239433308545619500E-014, -12.86249999999996500 ) ) ;
#5659 = ORIENTED_EDGE ( 'NONE', *, *, #985, .T. ) ;
#5660 = ADVANCED_FACE ( 'NONE', ( #1333 ), #1923, .T. ) ;
#5661 = MANIFOLD_SOLID_BREP ( 'Chamfer1', #5291 ) ;
#5662 = CARTESIAN_POINT ( 'NONE',  ( 1.545336663013166400, -3.253724281355068900E-015, -20.12499999999995000 ) ) ;
#5663 =( BOUNDED_CURVE ( )  B_SPLINE_CURVE ( 2, ( #6204, #1193, #1758, #3071, #3098, #7461, #2412, #3714, #8101 ),
 .UNSPECIFIED., .F., .F. ) 
 B_SPLINE_CURVE_WITH_KNOTS ( ( 3, 2, 2, 2, 3 ),
 ( 0.3455882352941177500, 0.3480392156862744900, 0.3529411764705882600, 0.3578431372549019700, 0.3602941176470589300 ),
 .UNSPECIFIED. ) 
 CURVE ( )  GEOMETRIC_REPRESENTATION_ITEM ( )  RATIONAL_B_SPLINE_CURVE ( ( 0.9330127018922194100, 0.9330127018922224100, 1.000000000000000000, 0.8660254037844387100, 1.000000000000000000, 0.8660254037844387100, 1.000000000000000000, 0.9330127018922163000, 0.9330127018922194100 ) ) 
 REPRESENTATION_ITEM ( '' )  );
#5664 = CARTESIAN_POINT ( 'NONE',  ( 1.545336663013166200, -3.108468733080288500E-015, -7.612499999999981200 ) ) ;
#5665 = CARTESIAN_POINT ( 'NONE',  ( -0.9527447376349664800, -1.544780955993952300, -21.99999999999999600 ) ) ;
#5666 = CARTESIAN_POINT ( 'NONE',  ( 1.154700538379280100, -1.999999999999983300, 1.020833333333333900 ) ) ;
#5667 = DIRECTION ( 'NONE',  ( 0.0000000000000000000, 0.0000000000000000000, 1.000000000000000000 ) ) ;
#5668 = CARTESIAN_POINT ( 'NONE',  ( -2.000000000000005300, 0.5358983848622107500, -20.24376073911691200 ) ) ;
#5669 = FACE_OUTER_BOUND ( 'NONE', #6944, .T. ) ;
#5670 = EDGE_CURVE ( 'NONE', #7921, #2233, #7201, .T. ) ;
#5671 = CARTESIAN_POINT ( 'NONE',  ( 1.545336663013168400, -0.4140717108885571000, -9.743760739116940100 ) ) ;
#5672 = ORIENTED_EDGE ( 'NONE', *, *, #1070, .T. ) ;
#5673 = CARTESIAN_POINT ( 'NONE',  ( -1.545336663013166400, 1.237577271301124400E-014, -13.56249999999997000 ) ) ;
#5674 = CARTESIAN_POINT ( 'NONE',  ( -1.338300807568863200, -0.7726683315066047400, -0.8166666666666623200 ) ) ;
#5675 = CARTESIAN_POINT ( 'NONE',  ( -1.545336663013166200, 1.754687023159340600E-014, -18.46249999999995600 ) ) ;
#5676 = DIRECTION ( 'NONE',  ( 0.0000000000000000000, 0.0000000000000000000, 1.000000000000000000 ) ) ;
#5677 = CARTESIAN_POINT ( 'NONE',  ( 1.338300807568864300, 0.7726683315066025200, -8.166666666666643000 ) ) ;
#5678 = ORIENTED_EDGE ( 'NONE', *, *, #7543, .F. ) ;
#5679 = CARTESIAN_POINT ( 'NONE',  ( -1.545336663013166000, -1.853460795986191000E-014, -15.57499999999996200 ) ) ;
#5680 = CARTESIAN_POINT ( 'NONE',  ( 1.732050807568891200, -0.9999999999999753500, -0.9333333333333292400 ) ) ;
#5681 = CARTESIAN_POINT ( 'NONE',  ( -0.8922005383792724900, 1.545336663013154900, -19.27916666666661500 ) ) ;
#5682 = CARTESIAN_POINT ( 'NONE',  ( -1.732050807568862800, -1.000000000000025100, -21.46666666666661200 ) ) ;
#5683 = CARTESIAN_POINT ( 'NONE',  ( -1.005607740932629200, -1.728801050258928800, -0.4962114106110250800 ) ) ;
#5684 = CARTESIAN_POINT ( 'NONE',  ( 2.000000000000000400, -1.743066579297358500E-016, -1.574999999999996400 ) ) ;
#5685 = ORIENTED_EDGE ( 'NONE', *, *, #7960, .F. ) ;
#5686 = VECTOR ( 'NONE', #3118, 1000.000000000000000 ) ;
#5687 = CARTESIAN_POINT ( 'NONE',  ( -1.545336663013166400, -0.4140717108886005100, -4.343739260883024800 ) ) ;
#5688 = CARTESIAN_POINT ( 'NONE',  ( 2.817678007057453700E-014, -2.000000000000000000, -13.73749999999996300 ) ) ;
#5689 = DIRECTION ( 'NONE',  ( -0.0000000000000000000, 0.0000000000000000000, -1.000000000000000000 ) ) ;
#5690 = DIRECTION ( 'NONE',  ( -1.000000000000000000, 0.0000000000000000000, 0.0000000000000000000 ) ) ;
#5691 = CARTESIAN_POINT ( 'NONE',  ( -1.732050807568862800, -1.000000000000025100, -1.254166666666660400 ) ) ;
#5692 = CYLINDRICAL_SURFACE ( 'NONE', #8088, 2.000000000000000000 ) ;
#5693 = CARTESIAN_POINT ( 'NONE',  ( -1.999999999999997800, -0.5358983848622711500, -10.99373926088300900 ) ) ;
#5694 = CC_DESIGN_PERSON_AND_ORGANIZATION_ASSIGNMENT ( #1542, #4499, ( #4021 ) ) ;
#5695 =( BOUNDED_CURVE ( )  B_SPLINE_CURVE ( 2, ( #6825, #6898, #1145, #3043, #3121, #3070, #6251, #6849, #8152 ),
 .UNSPECIFIED., .F., .F. ) 
 B_SPLINE_CURVE_WITH_KNOTS ( ( 3, 2, 2, 2, 3 ),
 ( 0.5220588235294119100, 0.5245098039215686500, 0.5294117647058823600, 0.5343137254901960700, 0.5367647058823530300 ),
 .UNSPECIFIED. ) 
 CURVE ( )  GEOMETRIC_REPRESENTATION_ITEM ( )  RATIONAL_B_SPLINE_CURVE ( ( 0.9330127018922194100, 0.9330127018922224100, 1.000000000000000000, 0.8660254037844387100, 1.000000000000000000, 0.8660254037844387100, 1.000000000000000000, 0.9330127018922163000, 0.9330127018922194100 ) ) 
 REPRESENTATION_ITEM ( '' )  );
#5696 = CARTESIAN_POINT ( 'NONE',  ( 2.000000000000001300, -0.5358983848622093100, -11.40626073911693600 ) ) ;
#5697 = DIRECTION ( 'NONE',  ( 0.0000000000000000000, 0.0000000000000000000, 1.000000000000000000 ) ) ;
#5698 = ADVANCED_FACE ( 'NONE', ( #1142 ), #1550, .T. ) ;
#5699 = CARTESIAN_POINT ( 'NONE',  ( -0.8922005383792743800, 1.545336663013153500, -0.2916666666666635800 ) ) ;
#5700 = CARTESIAN_POINT ( 'NONE',  ( 2.000000000000000000, -4.473870886863220900E-015, -2.974999999999993900 ) ) ;
#5701 = ORIENTED_EDGE ( 'NONE', *, *, #4773, .F. ) ;
#5702 = CARTESIAN_POINT ( 'NONE',  ( -1.732050807568857400, -1.000000000000034900, -2.654166666666656600 ) ) ;
#5703 = CARTESIAN_POINT ( 'NONE',  ( -1.338300807568886700, 0.7726683315065640000, -7.233333333333313000 ) ) ;
#5704 = EDGE_CURVE ( 'NONE', #2304, #3574, #857, .T. ) ;
#5705 = DIRECTION ( 'NONE',  ( 0.0000000000000000000, 0.0000000000000000000, 1.000000000000000000 ) ) ;
#5706 = CARTESIAN_POINT ( 'NONE',  ( 1.732050807568852300, 1.000000000000043700, -7.816666666666646900 ) ) ;
#5707 = EDGE_LOOP ( 'NONE', ( #6261, #4480, #3285, #5496 ) ) ;
#5708 = CARTESIAN_POINT ( 'NONE',  ( -1.732050807568862800, -1.000000000000025100, -0.4666666666666636200 ) ) ;
#5709 = CARTESIAN_POINT ( 'NONE',  ( -0.8922005383792279700, -1.545336663013180200, -16.24583333333329400 ) ) ;
#5710 = CARTESIAN_POINT ( 'NONE',  ( -2.309401076758502900, -3.267715314911616300E-014, -20.82499999999995000 ) ) ;
#5711 = CARTESIAN_POINT ( 'NONE',  ( 1.999999999999998200, 1.377022597644913000E-014, -12.16249999999996800 ) ) ;
#5712 = CARTESIAN_POINT ( 'NONE',  ( -1.545336663013166200, -5.258250847547030400E-015, -12.77499999999997000 ) ) ;
#5713 = DIRECTION ( 'NONE',  ( 0.0000000000000000000, 0.0000000000000000000, 1.000000000000000000 ) ) ;
#5714 = CARTESIAN_POINT ( 'NONE',  ( 2.309401076758502900, 3.239433308545619500E-014, -15.66249999999995700 ) ) ;
#5715 = EDGE_CURVE ( 'NONE', #6646, #8144, #6121, .T. ) ;
#5716 = ORIENTED_EDGE ( 'NONE', *, *, #2320, .T. ) ;
#5717 = DIRECTION ( 'NONE',  ( 0.0000000000000000000, 0.0000000000000000000, -1.000000000000000000 ) ) ;
#5718 = CARTESIAN_POINT ( 'NONE',  ( 1.545336663013165500, 0.4140717108886204900, -17.29373926088299400 ) ) ;
#5719 = CARTESIAN_POINT ( 'NONE',  ( -2.793185071074506700E-014, 2.000000000000000000, -3.587499999999987900 ) ) ;
#5720 = CARTESIAN_POINT ( 'NONE',  ( -1.338300807568888900, 0.7726683315065602200, -2.420833333333325400 ) ) ;
#5721 = CARTESIAN_POINT ( 'NONE',  ( -1.154700538379342900, 1.999999999999947200, -20.32916666666661200 ) ) ;
#5722 = ORIENTED_EDGE ( 'NONE', *, *, #7430, .F. ) ;
#5723 = CARTESIAN_POINT ( 'NONE',  ( 1.545336663013173300, -0.4140717108885514900, -21.64376073911690300 ) ) ;
#5724 = VERTEX_POINT ( 'NONE', #166 ) ;
#5725 = CARTESIAN_POINT ( 'NONE',  ( -1.338300807568856700, -0.7726683315066154000, -13.50416666666663100 ) ) ;
#5726 = EDGE_CURVE ( 'NONE', #6425, #3589, #5903, .T. ) ;
#5727 = CARTESIAN_POINT ( 'NONE',  ( -1.545336663013167700, -0.4140717108885970700, -0.8437392608830321900 ) ) ;
#5728 = CARTESIAN_POINT ( 'NONE',  ( 1.732050807568841900, 1.000000000000061500, -16.30416666666662500 ) ) ;
#5729 = ORIENTED_EDGE ( 'NONE', *, *, #4555, .F. ) ;
#5730 = AXIS2_PLACEMENT_3D ( 'NONE', #7137, #5282, #1499 ) ;
#5731 = CARTESIAN_POINT ( 'NONE',  ( 1.338300807568886300, -0.7726683315065647800, -7.583333333333312600 ) ) ;
#5732 =( BOUNDED_CURVE ( )  B_SPLINE_CURVE ( 2, ( #3885, #6417, #1978, #3183, #5091, #7684, #5145, #7569, #6392 ),
 .UNSPECIFIED., .F., .F. ) 
 B_SPLINE_CURVE_WITH_KNOTS ( ( 3, 2, 2, 2, 3 ),
 ( 0.6397058823529413500, 0.6421568627450980900, 0.6470588235294118000, 0.6519607843137255100, 0.6544117647058824700 ),
 .UNSPECIFIED. ) 
 CURVE ( )  GEOMETRIC_REPRESENTATION_ITEM ( )  RATIONAL_B_SPLINE_CURVE ( ( 0.9330127018922193000, 0.9330127018922238500, 1.000000000000000000, 0.8660254037844387100, 1.000000000000000000, 0.8660254037844387100, 1.000000000000000000, 0.9330127018922163000, 0.9330127018922194100 ) ) 
 REPRESENTATION_ITEM ( '' )  );
#5733 = CARTESIAN_POINT ( 'NONE',  ( 1.338300807568842500, 0.7726683315066403800, -15.86666666666662600 ) ) ;
#5734 = CARTESIAN_POINT ( 'NONE',  ( -1.999999999999998700, 0.5358983848622190800, -7.556260739116945400 ) ) ;
#5735 = VERTEX_POINT ( 'NONE', #2654 ) ;
#5736 = CARTESIAN_POINT ( 'NONE',  ( 1.732050807568863200, 1.000000000000024400, -0.8166666666666627700 ) ) ;
#5737 = CARTESIAN_POINT ( 'NONE',  ( -1.784401076758500100, -2.524860140211269200E-014, -18.46249999999994900 ) ) ;
#5738 = ORIENTED_EDGE ( 'NONE', *, *, #183, .T. ) ;
#5739 = CARTESIAN_POINT ( 'NONE',  ( 2.817678007057453100E-014, -2.000000000000000000, -22.04999999999994400 ) ) ;
#5740 = CARTESIAN_POINT ( 'NONE',  ( -1.732050807568861700, -1.000000000000027300, -0.5541666666666622600 ) ) ;
#5741 = CARTESIAN_POINT ( 'NONE',  ( 1.545336663013165500, -0.4140717108885692600, -7.556260739116945400 ) ) ;
#5742 = AXIS2_PLACEMENT_3D ( 'NONE', #4687, #2673, #6582 ) ;
#5743 = ORIENTED_EDGE ( 'NONE', *, *, #3754, .T. ) ;
#5744 = CARTESIAN_POINT ( 'NONE',  ( -2.000000000000001300, -0.5358983848622632700, -8.193739260883015500 ) ) ;
#5745 = CARTESIAN_POINT ( 'NONE',  ( -1.545336663013161500, -0.4140717108886120000, -14.93123926088299800 ) ) ;
#5746 = CARTESIAN_POINT ( 'NONE',  ( 1.732050807568863200, 1.000000000000024400, -18.40416666666661900 ) ) ;
#5747 = FACE_OUTER_BOUND ( 'NONE', #2771, .T. ) ;
#5748 = VERTEX_POINT ( 'NONE', #7063 ) ;
#5749 = ADVANCED_FACE ( 'NONE', ( #7340 ), #6283, .T. ) ;
#5750 =( BOUNDED_CURVE ( )  B_SPLINE_CURVE ( 2, ( #5318, #7166, #3413, #3995, #3294, #6470, #7795, #5286, #7675 ),
 .UNSPECIFIED., .F., .F. ) 
 B_SPLINE_CURVE_WITH_KNOTS ( ( 3, 2, 2, 2, 3 ),
 ( 0.6985294117647059500, 0.7009803921568627000, 0.7058823529411765200, 0.7107843137254902200, 0.7132352941176471900 ),
 .UNSPECIFIED. ) 
 CURVE ( )  GEOMETRIC_REPRESENTATION_ITEM ( )  RATIONAL_B_SPLINE_CURVE ( ( 0.9330127018922194100, 0.9330127018922224100, 1.000000000000000000, 0.8660254037844387100, 1.000000000000000000, 0.8660254037844387100, 1.000000000000000000, 0.9330127018922163000, 0.9330127018922194100 ) ) 
 REPRESENTATION_ITEM ( '' )  );
#5751 = CARTESIAN_POINT ( 'NONE',  ( 0.8922005383791779000, 1.545336663013208800, -20.00833333333328300 ) ) ;
#5752 = DIRECTION ( 'NONE',  ( 0.8660254037844387100, 0.4999999999999998300, 0.0000000000000000000 ) ) ;
#5753 = CARTESIAN_POINT ( 'NONE',  ( 1.154700538379280100, -1.999999999999983300, -3.879166666666654400 ) ) ;
#5754 = CARTESIAN_POINT ( 'NONE',  ( 0.0000000000000000000, 0.0000000000000000000, -22.00000000000000000 ) ) ;
#5755 = CARTESIAN_POINT ( 'NONE',  ( -3.087100302869871700E-014, 2.000000000000000000, -2.887499999999989500 ) ) ;
#5756 = FACE_OUTER_BOUND ( 'NONE', #7753, .T. ) ;
#5757 = CARTESIAN_POINT ( 'NONE',  ( 3.150000000000003000, 0.0000000000000000000, -26.00000000000000000 ) ) ;
#5758 =( BOUNDED_CURVE ( )  B_SPLINE_CURVE ( 2, ( #6315, #7526, #2527, #1344, #7643, #114, #6943, #3159, #1931 ),
 .UNSPECIFIED., .F., .F. ) 
 B_SPLINE_CURVE_WITH_KNOTS ( ( 3, 2, 2, 2, 3 ),
 ( 0.9191176470588235900, 0.9215686274509803400, 0.9264705882352941600, 0.9313725490196078600, 0.9338235294117649400 ),
 .UNSPECIFIED. ) 
 CURVE ( )  GEOMETRIC_REPRESENTATION_ITEM ( )  RATIONAL_B_SPLINE_CURVE ( ( 0.9330127018922194100, 0.9330127018922224100, 1.000000000000000000, 0.8660254037844387100, 1.000000000000000000, 0.8660254037844387100, 1.000000000000000000, 0.9330127018922133000, 0.9330127018922194100 ) ) 
 REPRESENTATION_ITEM ( '' )  );
#5759 =( BOUNDED_CURVE ( )  B_SPLINE_CURVE ( 2, ( #1293, #5668, #1968, #5721, #4507, #4416, #1887, #6301, #1944 ),
 .UNSPECIFIED., .F., .F. ) 
 B_SPLINE_CURVE_WITH_KNOTS ( ( 3, 2, 2, 2, 3 ),
 ( 0.9044117647058824700, 0.9068627450980392100, 0.9117647058823529200, 0.9166666666666666300, 0.9191176470588235900 ),
 .UNSPECIFIED. ) 
 CURVE ( )  GEOMETRIC_REPRESENTATION_ITEM ( )  RATIONAL_B_SPLINE_CURVE ( ( 0.9330127018922194100, 0.9330127018922224100, 1.000000000000000000, 0.8660254037844387100, 1.000000000000000000, 0.8660254037844387100, 1.000000000000000000, 0.9330127018922163000, 0.9330127018922194100 ) ) 
 REPRESENTATION_ITEM ( '' )  );
#5760 = ORIENTED_EDGE ( 'NONE', *, *, #5790, .F. ) ;
#5761 = EDGE_CURVE ( 'NONE', #700, #7351, #5505, .T. ) ;
#5762 = FACE_OUTER_BOUND ( 'NONE', #1085, .T. ) ;
#5763 = CARTESIAN_POINT ( 'NONE',  ( -1.732050807568847400, -1.000000000000052200, -11.66666666666663800 ) ) ;
#5764 = ORIENTED_EDGE ( 'NONE', *, *, #4727, .F. ) ;
#5765 = CARTESIAN_POINT ( 'NONE',  ( 2.000000000000002200, 0.5358983848622641500, -4.343739260883024800 ) ) ;
#5766 = CARTESIAN_POINT ( 'NONE',  ( 1.545336663013167100, 0.4140717108885980700, -0.4937392608830329400 ) ) ;
#5767 = DIRECTION ( 'NONE',  ( -0.0000000000000000000, -0.0000000000000000000, -1.000000000000000000 ) ) ;
#5768 = VERTEX_POINT ( 'NONE', #1263 ) ;
#5769 = DIRECTION ( 'NONE',  ( -1.000000000000000000, 0.0000000000000000000, 0.0000000000000000000 ) ) ;
#5770 = CARTESIAN_POINT ( 'NONE',  ( -1.338300807568886700, 0.7726683315065640000, -13.53333333333329600 ) ) ;
#5771 = CARTESIAN_POINT ( 'NONE',  ( -1.154700538379291200, 1.999999999999977100, -7.641666666666645300 ) ) ;
#5772 = CARTESIAN_POINT ( 'NONE',  ( 1.732050807568891200, -0.9999999999999753500, -3.733333333333321800 ) ) ;
#5773 = CARTESIAN_POINT ( 'NONE',  ( -0.8922005383792724900, 1.545336663013154900, -16.47916666666662200 ) ) ;
#5774 = CARTESIAN_POINT ( 'NONE',  ( 2.000000000000010700, -0.5358983848621912100, -17.79376073911691600 ) ) ;
#5775 = CARTESIAN_POINT ( 'NONE',  ( 1.545336663013167300, 1.892491597964127500E-016, 0.0000000000000000000 ) ) ;
#5776 = EDGE_CURVE ( 'NONE', #2372, #1283, #3157, .T. ) ;
#5777 = CARTESIAN_POINT ( 'NONE',  ( 0.0000000000000000000, 0.0000000000000000000, -22.00000000000000000 ) ) ;
#5778 = CARTESIAN_POINT ( 'NONE',  ( -2.000000000000008000, -0.5358983848622797000, -20.88123926088298200 ) ) ;
#5779 = ORIENTED_EDGE ( 'NONE', *, *, #5262, .F. ) ;
#5780 = CARTESIAN_POINT ( 'NONE',  ( -1.338300807568845600, -0.7726683315066350500, -14.90416666666662600 ) ) ;
#5781 = ORIENTED_EDGE ( 'NONE', *, *, #449, .F. ) ;
#5782 = CARTESIAN_POINT ( 'NONE',  ( -1.154700538379280800, 1.999999999999983100, -16.82916666666662000 ) ) ;
#5783 = CYLINDRICAL_SURFACE ( 'NONE', #2873, 2.000000000000000000 ) ;
#5784 = DIRECTION ( 'NONE',  ( 0.0000000000000000000, 0.0000000000000000000, -1.000000000000000000 ) ) ;
#5785 = DIRECTION ( 'NONE',  ( -0.0000000000000000000, -0.0000000000000000000, -1.000000000000000000 ) ) ;
#5786 = CARTESIAN_POINT ( 'NONE',  ( 1.732050807568863200, 1.000000000000024400, -3.004166666666656200 ) ) ;
#5787 = ORIENTED_EDGE ( 'NONE', *, *, #2229, .T. ) ;
#5788 = CARTESIAN_POINT ( 'NONE',  ( 2.448848549088927900E-016, -1.732050807568877200, -23.75000000000000000 ) ) ;
#5789 = CARTESIAN_POINT ( 'NONE',  ( -1.499999999999999800, 0.8660254037844392600, -26.00000000000000000 ) ) ;
#5790 = EDGE_CURVE ( 'NONE', #7808, #3249, #2928, .T. ) ;
#5791 = EDGE_LOOP ( 'NONE', ( #1007, #5672, #2297, #2124 ) ) ;
#5792 = CARTESIAN_POINT ( 'NONE',  ( -1.999999999999998200, 1.586190587160596000E-014, -13.21249999999996800 ) ) ;
#5793 = ORIENTED_EDGE ( 'NONE', *, *, #2488, .F. ) ;
#5794 = LINE ( 'NONE', #1111, #7937 ) ;
#5796 = CARTESIAN_POINT ( 'NONE',  ( -2.000000000000000400, 4.299564228933483700E-015, -4.024999999999991500 ) ) ;
#5795 = CYLINDRICAL_SURFACE ( 'NONE', #661, 1.545336663013167300 ) ;
#5797 = ADVANCED_FACE ( 'NONE', ( #4723 ), #1061, .T. ) ;
#5798 = CARTESIAN_POINT ( 'NONE',  ( 0.8922005383792186400, 1.545336663013185100, -5.395833333333317900 ) ) ;
#5799 = CARTESIAN_POINT ( 'NONE',  ( -1.545336663013161100, -0.4140717108886135500, -17.64373926088299200 ) ) ;
#5800 = CARTESIAN_POINT ( 'NONE',  ( -1.784401076758500100, -2.524860140211269500E-014, -12.07499999999996600 ) ) ;
#5801 = CARTESIAN_POINT ( 'NONE',  ( 0.0000000000000000000, 0.0000000000000000000, -22.00000000000000000 ) ) ;
#5802 = ORIENTED_EDGE ( 'NONE', *, *, #6064, .T. ) ;
#5803 = CARTESIAN_POINT ( 'NONE',  ( 1.154700538379280100, -1.999999999999983300, -4.491666666666653800 ) ) ;
#5804 = CARTESIAN_POINT ( 'NONE',  ( -2.158205648456237400E-014, 1.545336663013167300, -17.23749999999995500 ) ) ;
#5805 = VECTOR ( 'NONE', #2724, 1000.000000000000000 ) ;
#5806 = DIRECTION ( 'NONE',  ( 0.0000000000000000000, 0.0000000000000000000, 1.000000000000000000 ) ) ;
#5807 = DIRECTION ( 'NONE',  ( 0.0000000000000000000, 0.0000000000000000000, -1.000000000000000000 ) ) ;
#5808 = CARTESIAN_POINT ( 'NONE',  ( -1.154700538379289400, 1.999999999999978000, -4.841666666666652600 ) ) ;
#5809 = CARTESIAN_POINT ( 'NONE',  ( -0.8922005383792784800, 1.545336663013150900, -3.091666666666657000 ) ) ;
#5810 = CARTESIAN_POINT ( 'NONE',  ( -1.732050807568891800, 0.9999999999999742400, -16.77083333333328600 ) ) ;
#5811 = PERSON_AND_ORGANIZATION_ROLE ( 'design_supplier' ) ;
#5812 = CARTESIAN_POINT ( 'NONE',  ( -1.545336663013172600, -0.4140717108886040600, -13.44373926088300500 ) ) ;
#5813 = CARTESIAN_POINT ( 'NONE',  ( -1.999999999999998200, -2.963213184805508800E-015, -6.912499999999982800 ) ) ;
#5814 = EDGE_CURVE ( 'NONE', #6355, #6646, #1449, .T. ) ;
#5815 = CARTESIAN_POINT ( 'NONE',  ( -0.2063300055862659100, -1.958643044445043600, -0.4699336619207675800 ) ) ;
#5816 = CARTESIAN_POINT ( 'NONE',  ( -1.154700538379222800, -2.000000000000016400, -1.195833333333327300 ) ) ;
#5817 = AXIS2_PLACEMENT_3D ( 'NONE', #2834, #4775, #5405 ) ;
#5818 = DIRECTION ( 'NONE',  ( 0.0000000000000000000, 0.0000000000000000000, -1.000000000000000000 ) ) ;
#5819 = VERTEX_POINT ( 'NONE', #4442 ) ;
#5820 = EDGE_LOOP ( 'NONE', ( #7041, #476, #3477 ) ) ;
#5821 = CARTESIAN_POINT ( 'NONE',  ( -1.338300807568892200, 0.7726683315065542300, -5.220833333333319000 ) ) ;
#5822 = CARTESIAN_POINT ( 'NONE',  ( -1.338300807568886700, 0.7726683315065640000, -14.23333333333329500 ) ) ;
#5823 = EDGE_CURVE ( 'NONE', #6670, #242, #258, .T. ) ;
#5824 = CARTESIAN_POINT ( 'NONE',  ( 1.999999999999994900, 0.5358983848622737000, -14.14373926088300400 ) ) ;
#5825 = CARTESIAN_POINT ( 'NONE',  ( 1.732050807568834100, 1.000000000000075100, -19.01666666666662000 ) ) ;
#5826 = CARTESIAN_POINT ( 'NONE',  ( 1.154700538379223000, 2.000000000000016000, -4.958333333333317900 ) ) ;
#5827 = CARTESIAN_POINT ( 'NONE',  ( 1.338300807568886300, -0.7726683315065647800, -10.47083333333330700 ) ) ;
#5828 = DIRECTION ( 'NONE',  ( 0.0000000000000000000, 0.0000000000000000000, 1.000000000000000000 ) ) ;
#5829 = DIRECTION ( 'NONE',  ( -1.000000000000000000, 0.0000000000000000000, 0.0000000000000000000 ) ) ;
#5830 = CARTESIAN_POINT ( 'NONE',  ( -1.999999999999999600, 0.5358983848622278500, -2.656260739116956600 ) ) ;
#5831 = CARTESIAN_POINT ( 'NONE',  ( 5.537136677928484200E-014, -2.000000000000000000, -8.049999999999979400 ) ) ;
#5832 = CARTESIAN_POINT ( 'NONE',  ( -1.732050807568891800, 0.9999999999999742400, -13.88333333333329600 ) ) ;
#5833 = CARTESIAN_POINT ( 'NONE',  ( -1.999999999999998200, -1.225956827439141800E-014, -19.42499999999995100 ) ) ;
#5834 = CARTESIAN_POINT ( 'NONE',  ( -2.793185071074506700E-014, 2.000000000000000000, -17.58749999999995200 ) ) ;
#5835 = ADVANCED_FACE ( 'NONE', ( #6384 ), #6692, .T. ) ;
#5836 = EDGE_CURVE ( 'NONE', #8159, #4377, #595, .T. ) ;
#5837 = EDGE_LOOP ( 'NONE', ( #3881, #2795, #6603, #5380 ) ) ;
#5838 = LINE ( 'NONE', #457, #6520 ) ;
#5839 = CARTESIAN_POINT ( 'NONE',  ( 0.0000000000000000000, 0.0000000000000000000, -22.00000000000000000 ) ) ;
#5840 = CARTESIAN_POINT ( 'NONE',  ( -1.154700538379179300, -2.000000000000041300, -19.39583333333328200 ) ) ;
#5841 = CARTESIAN_POINT ( 'NONE',  ( -1.154700538379280800, 1.999999999999983100, -7.729166666666644800 ) ) ;
#5842 = CARTESIAN_POINT ( 'NONE',  ( 0.0000000000000000000, 0.0000000000000000000, -22.00000000000000000 ) ) ;
#5843 = CIRCLE ( 'NONE', #2891, 2.000000000000000000 ) ;
#5844 = EDGE_CURVE ( 'NONE', #851, #400, #6952, .T. ) ;
#5845 = CARTESIAN_POINT ( 'NONE',  ( -2.000000000000000000, 2.449293598294706400E-016, -22.00000000000000000 ) ) ;
#5846 = ORIENTED_EDGE ( 'NONE', *, *, #7187, .T. ) ;
#5847 = CARTESIAN_POINT ( 'NONE',  ( 1.999999999999998200, -2.963213184805508800E-015, -8.662499999999978300 ) ) ;
#5848 = CARTESIAN_POINT ( 'NONE',  ( -1.732050807568877400, 0.0000000000000000000, -26.00000000000000000 ) ) ;
#5849 = CARTESIAN_POINT ( 'NONE',  ( -1.338300807568886700, 0.7726683315065640000, -10.73333333333330200 ) ) ;
#5850 = CARTESIAN_POINT ( 'NONE',  ( 1.732050807568849900, 1.000000000000048200, -14.20416666666662800 ) ) ;
#5851 = CARTESIAN_POINT ( 'NONE',  ( 3.270921118869291900E-014, -2.000000000000000000, -1.049999999999995800 ) ) ;
#5852 = CARTESIAN_POINT ( 'NONE',  ( 0.8922005383792283000, 1.545336663013179700, 0.9041666666666665600 ) ) ;
#5853 = CARTESIAN_POINT ( 'NONE',  ( -1.338300807568864000, -0.7726683315066029700, -10.00416666666664000 ) ) ;
#5854 = VECTOR ( 'NONE', #956, 1000.000000000000000 ) ;
#5855 = CARTESIAN_POINT ( 'NONE',  ( -1.999999999999998200, 2.265986553086565700E-014, -18.11249999999995500 ) ) ;
#5856 = ORIENTED_EDGE ( 'NONE', *, *, #2274, .T. ) ;
#5857 = DIRECTION ( 'NONE',  ( -0.0000000000000000000, -0.0000000000000000000, -1.000000000000000000 ) ) ;
#5858 = CARTESIAN_POINT ( 'NONE',  ( -1.732050807568891800, 0.9999999999999742400, -13.18333333333330000 ) ) ;
#5859 = CARTESIAN_POINT ( 'NONE',  ( 1.732050807568863200, 1.000000000000024400, -19.80416666666661400 ) ) ;
#5860 = ORIENTED_EDGE ( 'NONE', *, *, #7967, .T. ) ;
#5861 =( NAMED_UNIT ( * ) PLANE_ANGLE_UNIT ( ) SI_UNIT ( $, .RADIAN. ) );
#5862 = ORIENTED_EDGE ( 'NONE', *, *, #3394, .T. ) ;
#5863 = CARTESIAN_POINT ( 'NONE',  ( -2.158205648456237400E-014, 1.545336663013167300, -1.137499999999994800 ) ) ;
#5864 = CARTESIAN_POINT ( 'NONE',  ( -1.338300807568844100, -0.7726683315066377200, -20.41666666666661500 ) ) ;
#5865 = ORIENTED_EDGE ( 'NONE', *, *, #5506, .F. ) ;
#5866 = CARTESIAN_POINT ( 'NONE',  ( -1.154700538379219900, -2.000000000000017800, -2.508333333333325800 ) ) ;
#5867 = CARTESIAN_POINT ( 'NONE',  ( 0.0000000000000000000, 0.0000000000000000000, -22.00000000000000000 ) ) ;
#5868 = CARTESIAN_POINT ( 'NONE',  ( 1.154700538379223000, 2.000000000000016000, -5.045833333333316500 ) ) ;
#5869 = CARTESIAN_POINT ( 'NONE',  ( 2.000000000000000000, -4.473870886863220900E-015, -2.974999999999993900 ) ) ;
#5870 = ORIENTED_EDGE ( 'NONE', *, *, #6443, .T. ) ;
#5871 = CARTESIAN_POINT ( 'NONE',  ( -1.545336663013175500, -0.4140717108885935700, -14.14373926088300100 ) ) ;
#5872 = EDGE_CURVE ( 'NONE', #7232, #2853, #1842, .T. ) ;
#5873 = VERTEX_POINT ( 'NONE', #4557 ) ;
#5874 = CARTESIAN_POINT ( 'NONE',  ( -1.732050807568899000, 0.9999999999999624700, -4.083333333333321500 ) ) ;
#5875 = VECTOR ( 'NONE', #115, 1000.000000000000000 ) ;
#5876 = ADVANCED_FACE ( 'NONE', ( #2515 ), #7531, .T. ) ;
#5877 = CARTESIAN_POINT ( 'NONE',  ( 1.732050807568897200, -0.9999999999999655800, -8.720833333333310100 ) ) ;
#5878 = CARTESIAN_POINT ( 'NONE',  ( 1.545336663013169500, 0.4140717108886052800, -9.681239260883010900 ) ) ;
#5879 = CARTESIAN_POINT ( 'NONE',  ( 0.8922005383792722700, -1.545336663013154900, -15.34166666666662800 ) ) ;
#5880 = CARTESIAN_POINT ( 'NONE',  ( 0.8922005383792022100, 1.545336663013194800, -15.89583333333329000 ) ) ;
#5881 = CARTESIAN_POINT ( 'NONE',  ( -1.499999999999999800, 0.8660254037844391500, -23.75000000000000000 ) ) ;
#5882 = ORIENTED_EDGE ( 'NONE', *, *, #100, .F. ) ;
#5883 = CARTESIAN_POINT ( 'NONE',  ( 2.177130564435878500E-014, -1.545336663013167300, 0.6125000000000006000 ) ) ;
#5884 = CARTESIAN_POINT ( 'NONE',  ( -1.338300807568864000, -0.7726683315066029700, -12.80416666666663300 ) ) ;
#5885 = EDGE_CURVE ( 'NONE', #6874, #7222, #2713, .T. ) ;
#5886 = DIRECTION ( 'NONE',  ( -1.000000000000000000, 0.0000000000000000000, 0.0000000000000000000 ) ) ;
#5887 = CARTESIAN_POINT ( 'NONE',  ( -1.545336663013167300, 0.0000000000000000000, 0.0000000000000000000 ) ) ;
#5888 = CARTESIAN_POINT ( 'NONE',  ( 1.154700538379219700, 2.000000000000018200, -2.245833333333325100 ) ) ;
#5889 = ORIENTED_EDGE ( 'NONE', *, *, #4107, .F. ) ;
#5890 = CARTESIAN_POINT ( 'NONE',  ( 1.154700538379223000, 2.000000000000016000, -13.35833333333329900 ) ) ;
#5891 = AXIS2_PLACEMENT_3D ( 'NONE', #191, #133, #1388 ) ;
#5892 = CARTESIAN_POINT ( 'NONE',  ( 0.8922005383792817000, -1.545336663013149500, -18.92916666666661400 ) ) ;
#5893 = CARTESIAN_POINT ( 'NONE',  ( -2.793185071074506700E-014, 2.000000000000000000, -19.68749999999994700 ) ) ;
#5894 = PERSON_AND_ORGANIZATION_ROLE ( 'creator' ) ;
#5895 = CARTESIAN_POINT ( 'NONE',  ( 1.784401076758500100, 2.503007529540795600E-014, -2.012499999999993100 ) ) ;
#5896 = COORDINATED_UNIVERSAL_TIME_OFFSET ( 6, 0, .BEHIND. ) ;
#5897 = CARTESIAN_POINT ( 'NONE',  ( -1.732050807568891800, 0.9999999999999742400, -6.970833333333313700 ) ) ;
#5898 = CARTESIAN_POINT ( 'NONE',  ( 1.338300807568889100, -0.7726683315065598900, -3.470833333333322100 ) ) ;
#5899 = VERTEX_POINT ( 'NONE', #7054 ) ;
#5900 = LINE ( 'NONE', #655, #865 ) ;
#5901 = CARTESIAN_POINT ( 'NONE',  ( 1.817063925204492900, -1.618992195072006700E-011, -0.3681181920287162600 ) ) ;
#5902 = EDGE_CURVE ( 'NONE', #2381, #3287, #1864, .T. ) ;
#5903 = LINE ( 'NONE', #6308, #7845 ) ;
#5904 = DIRECTION ( 'NONE',  ( -1.000000000000000000, 0.0000000000000000000, 0.0000000000000000000 ) ) ;
#5905 =( BOUNDED_CURVE ( )  B_SPLINE_CURVE ( 2, ( #4569, #4007, #1981, #3972, #2602, #801, #5850, #6478, #3245 ),
 .UNSPECIFIED., .F., .T. ) 
 B_SPLINE_CURVE_WITH_KNOTS ( ( 3, 2, 2, 2, 3 ),
 ( 0.6397058823529413500, 0.6421568627450980900, 0.6470588235294118000, 0.6519607843137255100, 0.6544117647058824700 ),
 .UNSPECIFIED. ) 
 CURVE ( )  GEOMETRIC_REPRESENTATION_ITEM ( )  RATIONAL_B_SPLINE_CURVE ( ( 0.9330127018922193000, 0.9330127018922238500, 1.000000000000000000, 0.8660254037844387100, 1.000000000000000000, 0.8660254037844387100, 1.000000000000000000, 0.9330127018922163000, 0.9330127018922194100 ) ) 
 REPRESENTATION_ITEM ( '' )  );
#5906 = CARTESIAN_POINT ( 'NONE',  ( 1.545336663013168000, -0.4140717108885633700, -10.44376073911693600 ) ) ;
#5907 = VECTOR ( 'NONE', #806, 1000.000000000000200 ) ;
#5908 = CARTESIAN_POINT ( 'NONE',  ( -1.338300807568888900, 0.7726683315065602200, -2.333333333333325500 ) ) ;
#5909 = CARTESIAN_POINT ( 'NONE',  ( 1.338300807568864300, 0.7726683315066025200, -15.16666666666662500 ) ) ;
#5910 = DIRECTION ( 'NONE',  ( -0.0000000000000000000, -0.0000000000000000000, -1.000000000000000000 ) ) ;
#5911 = CARTESIAN_POINT ( 'NONE',  ( 2.000000000000000000, 1.394453263437886600E-015, -0.8749999999999980000 ) ) ;
#5912 =( BOUNDED_CURVE ( )  B_SPLINE_CURVE ( 2, ( #3625, #6767, #468, #1106, #3009, #3598, #5522, #2397, #4237 ),
 .UNSPECIFIED., .F., .F. ) 
 B_SPLINE_CURVE_WITH_KNOTS ( ( 3, 2, 2, 2, 3 ),
 ( 0.2279411764705883100, 0.2303921568627450800, 0.2352941176470588200, 0.2401960784313725600, 0.2426470588235294900 ),
 .UNSPECIFIED. ) 
 CURVE ( )  GEOMETRIC_REPRESENTATION_ITEM ( )  RATIONAL_B_SPLINE_CURVE ( ( 0.9330127018922194100, 0.9330127018922216300, 1.000000000000000000, 0.8660254037844387100, 1.000000000000000000, 0.8660254037844387100, 1.000000000000000000, 0.9330127018922170800, 0.9330127018922194100 ) ) 
 REPRESENTATION_ITEM ( '' )  );
#5913 = CARTESIAN_POINT ( 'NONE',  ( 1.154700538379287400, -1.999999999999979100, -1.779166666666659500 ) ) ;
#5914 = CARTESIAN_POINT ( 'NONE',  ( -1.338300807568886700, 0.7726683315065640000, -12.92083333333330100 ) ) ;
#5915 = CARTESIAN_POINT ( 'NONE',  ( -1.154700538379297900, 1.999999999999973100, -17.44166666666662400 ) ) ;
#5916 = CARTESIAN_POINT ( 'NONE',  ( -1.154700538379200800, -2.000000000000029300, -9.508333333333309800 ) ) ;
#5917 = EDGE_LOOP ( 'NONE', ( #6565, #2350, #1368, #2786 ) ) ;
#5918 = AXIS2_PLACEMENT_3D ( 'NONE', #4174, #1074, #7380 ) ;
#5919 = CARTESIAN_POINT ( 'NONE',  ( 2.000000000000003600, 0.5358983848622627100, -6.443739260883020800 ) ) ;
#5920 = CARTESIAN_POINT ( 'NONE',  ( 2.309401076758502900, 3.239433308545618900E-014, -14.87499999999996100 ) ) ;
#5921 = CARTESIAN_POINT ( 'NONE',  ( -1.154700538379222800, -2.000000000000016400, -21.49583333333328000 ) ) ;
#5922 = ORIENTED_EDGE ( 'NONE', *, *, #7938, .T. ) ;
#5923 = CARTESIAN_POINT ( 'NONE',  ( 0.0000000000000000000, 0.0000000000000000000, -26.00000000000000000 ) ) ;
#5924 = ADVANCED_FACE ( 'NONE', ( #5000 ), #4226, .T. ) ;
#5925 =( BOUNDED_CURVE ( )  B_SPLINE_CURVE ( 2, ( #412, #3763, #6227, #6800, #7512, #6852, #6282, #3045, #1221 ),
 .UNSPECIFIED., .F., .F. ) 
 B_SPLINE_CURVE_WITH_KNOTS ( ( 3, 2, 2, 2, 3 ),
 ( 0.4632352941176471900, 0.4656862745098039300, 0.4705882352941176400, 0.4754901960784313500, 0.4779411764705883100 ),
 .UNSPECIFIED. ) 
 CURVE ( )  GEOMETRIC_REPRESENTATION_ITEM ( )  RATIONAL_B_SPLINE_CURVE ( ( 0.9330127018922194100, 0.9330127018922231800, 1.000000000000000000, 0.8660254037844387100, 1.000000000000000000, 0.8660254037844387100, 1.000000000000000000, 0.9330127018922170800, 0.9330127018922194100 ) ) 
 REPRESENTATION_ITEM ( '' )  );
#5926 = CARTESIAN_POINT ( 'NONE',  ( -1.784401076758500100, -2.524860140211269200E-014, -3.062499999999990200 ) ) ;
#5927 = CARTESIAN_POINT ( 'NONE',  ( 1.999999999999998200, 1.336351044127974500E-015, -16.36249999999995800 ) ) ;
#5928 = CARTESIAN_POINT ( 'NONE',  ( 1.262961302073744200, -1.002879759840521000, -25.87480464285493700 ) ) ;
#5929 = CARTESIAN_POINT ( 'NONE',  ( -1.154700538379222800, -2.000000000000016400, -5.395833333333317100 ) ) ;
#5930 = CARTESIAN_POINT ( 'NONE',  ( -1.999999999999998200, -7.378981852358816700E-015, -15.22499999999996200 ) ) ;
#5931 = DIRECTION ( 'NONE',  ( -0.0000000000000000000, -0.0000000000000000000, -1.000000000000000000 ) ) ;
#5932 = CARTESIAN_POINT ( 'NONE',  ( 3.520990905684692600E-014, -1.545336663013167300, -13.99999999999996400 ) ) ;
#5933 = CARTESIAN_POINT ( 'NONE',  ( -1.338300807568864000, -0.7726683315066029700, -5.104166666666651900 ) ) ;
#5934 = ORIENTED_EDGE ( 'NONE', *, *, #1080, .F. ) ;
#5935 =( BOUNDED_CURVE ( )  B_SPLINE_CURVE ( 2, ( #5264, #773, #5908, #4534, #2036, #740, #795, #7683, #5176 ),
 .UNSPECIFIED., .F., .F. ) 
 B_SPLINE_CURVE_WITH_KNOTS ( ( 3, 2, 2, 2, 3 ),
 ( 0.1397058823529412600, 0.1421568627450980300, 0.1470588235294117700, 0.1519607843137254800, 0.1544117647058824400 ),
 .UNSPECIFIED. ) 
 CURVE ( )  GEOMETRIC_REPRESENTATION_ITEM ( )  RATIONAL_B_SPLINE_CURVE ( ( 0.9330127018922194100, 0.9330127018922216300, 1.000000000000000000, 0.8660254037844387100, 1.000000000000000000, 0.8660254037844387100, 1.000000000000000000, 0.9330127018922167400, 0.9330127018922194100 ) ) 
 REPRESENTATION_ITEM ( '' )  );
#5936 = CARTESIAN_POINT ( 'NONE',  ( 0.8922005383792990200, -1.545336663013139100, -10.52916666666663800 ) ) ;
#5937 = CARTESIAN_POINT ( 'NONE',  ( -2.000000000000000900, -0.5358983848622666000, -12.39373926088300600 ) ) ;
#5938 = ORIENTED_EDGE ( 'NONE', *, *, #536, .F. ) ;
#5939 = CARTESIAN_POINT ( 'NONE',  ( 1.338300807568864300, 0.7726683315066025200, -17.26666666666662300 ) ) ;
#5940 = EDGE_CURVE ( 'NONE', #5144, #454, #6481, .T. ) ;
#5941 = DIRECTION ( 'NONE',  ( 1.000000000000000000, 0.0000000000000000000, 0.0000000000000000000 ) ) ;
#5942 = CARTESIAN_POINT ( 'NONE',  ( 5.831051909723848600E-014, -2.000000000000000000, -11.63749999999996900 ) ) ;
#5943 = CARTESIAN_POINT ( 'NONE',  ( 0.8922005383792283000, 1.545336663013179700, -10.29583333333330600 ) ) ;
#5944 = CARTESIAN_POINT ( 'NONE',  ( -2.000000000000001800, 3.137519842735244800E-015, -9.012499999999978000 ) ) ;
#5945 = CARTESIAN_POINT ( 'NONE',  ( -1.545336663013167700, -0.4140717108885970700, -0.9312392608830322200 ) ) ;
#5946 = CARTESIAN_POINT ( 'NONE',  ( 0.0000000000000000000, 0.0000000000000000000, 0.0000000000000000000 ) ) ;
#5947 = ORIENTED_EDGE ( 'NONE', *, *, #6001, .F. ) ;
#5948 = CARTESIAN_POINT ( 'NONE',  ( 2.817678007057453100E-014, -2.000000000000000000, -15.04999999999996300 ) ) ;
#5949 = CARTESIAN_POINT ( 'NONE',  ( -1.732050807568862800, -1.000000000000025100, -21.55416666666661000 ) ) ;
#5950 = VERTEX_POINT ( 'NONE', #5197 ) ;
#5951 = CARTESIAN_POINT ( 'NONE',  ( 1.154700538379191100, 2.000000000000034600, -13.35833333333330100 ) ) ;
#5952 = ORIENTED_EDGE ( 'NONE', *, *, #5940, .F. ) ;
#5953 = EDGE_CURVE ( 'NONE', #7909, #7936, #6354, .T. ) ;
#5954 = CARTESIAN_POINT ( 'NONE',  ( -1.338300807568864000, -0.7726683315066029700, -1.604166666666660500 ) ) ;
#5955 = CARTESIAN_POINT ( 'NONE',  ( 1.545336663013167700, 0.4140717108885973400, -1.281239260883031400 ) ) ;
#5956 = CARTESIAN_POINT ( 'NONE',  ( 0.0000000000000000000, 0.0000000000000000000, 0.0000000000000000000 ) ) ;
#5957 = CARTESIAN_POINT ( 'NONE',  ( 1.545336663013172400, -0.4140717108885544900, -16.04376073911691900 ) ) ;
#5958 = ORIENTED_EDGE ( 'NONE', *, *, #6609, .F. ) ;
#5959 = CARTESIAN_POINT ( 'NONE',  ( -1.732050807568891800, 0.9999999999999742400, -6.270833333333314400 ) ) ;
#5960 = CARTESIAN_POINT ( 'NONE',  ( -1.545336663013168200, -0.4140717108885987900, -9.243739260883012700 ) ) ;
#5961 = DIRECTION ( 'NONE',  ( 0.0000000000000000000, 0.0000000000000000000, 1.000000000000000000 ) ) ;
#5962 = CARTESIAN_POINT ( 'NONE',  ( -1.338300807568886700, 0.7726683315065640000, -7.320833333333313300 ) ) ;
#5963 = VERTEX_POINT ( 'NONE', #5985 ) ;
#5964 = LINE ( 'NONE', #5887, #4279 ) ;
#5965 = ADVANCED_FACE ( 'NONE', ( #3327 ), #867, .T. ) ;
#5966 = CARTESIAN_POINT ( 'NONE',  ( 1.545336663013169100, 3.950950913074011700E-015, -9.712499999999975500 ) ) ;
#5967 = AXIS2_PLACEMENT_3D ( 'NONE', #352, #4154, #4707 ) ;
#5968 = CARTESIAN_POINT ( 'NONE',  ( -0.8922005383792724900, 1.545336663013154900, -14.99166666666662600 ) ) ;
#5969 = CARTESIAN_POINT ( 'NONE',  ( 0.8922005383792283000, 1.545336663013179700, 0.2041666666666683600 ) ) ;
#5970 = DIRECTION ( 'NONE',  ( 0.0000000000000000000, 0.0000000000000000000, 1.000000000000000000 ) ) ;
#5971 = DIRECTION ( 'NONE',  ( -0.7071067811865443500, 0.0000000000000000000, -0.7071067811865506800 ) ) ;
#5972 = ORIENTED_EDGE ( 'NONE', *, *, #398, .T. ) ;
#5973 = CARTESIAN_POINT ( 'NONE',  ( -0.8922005383792724900, 1.545336663013154900, -15.77916666666662900 ) ) ;
#5974 = ORIENTED_EDGE ( 'NONE', *, *, #1641, .F. ) ;
#5975 = CARTESIAN_POINT ( 'NONE',  ( -2.000000000000000000, 2.449293598294706400E-016, -22.00000000000000000 ) ) ;
#5976 = CARTESIAN_POINT ( 'NONE',  ( -1.732050807568857200, -1.000000000000035300, -3.966666666666654800 ) ) ;
#5977 = DIRECTION ( 'NONE',  ( -0.0000000000000000000, -0.0000000000000000000, -1.000000000000000000 ) ) ;
#5978 = EDGE_LOOP ( 'NONE', ( #8013, #3988, #1970, #1191 ) ) ;
#5979 = CARTESIAN_POINT ( 'NONE',  ( 2.000000000000000000, -4.473870886863220900E-015, -2.362499999999994000 ) ) ;
#5980 = CARTESIAN_POINT ( 'NONE',  ( 1.732050807568863200, 1.000000000000024400, -9.216666666666643700 ) ) ;
#5981 = CARTESIAN_POINT ( 'NONE',  ( 2.817678007057453700E-014, -2.000000000000000000, -20.73749999999994400 ) ) ;
#5982 = CARTESIAN_POINT ( 'NONE',  ( 1.338300807568847600, 0.7726683315066311700, -16.56666666666662400 ) ) ;
#5983 = CARTESIAN_POINT ( 'NONE',  ( 1.338300807568886300, -0.7726683315065647800, -1.370833333333327600 ) ) ;
#5984 = CC_DESIGN_PERSON_AND_ORGANIZATION_ASSIGNMENT ( #3704, #4553, ( #3705 ) ) ;
#5985 = CARTESIAN_POINT ( 'NONE',  ( -1.545336663013166200, 1.754687023159340600E-014, -18.37499999999995700 ) ) ;
#5986 = CARTESIAN_POINT ( 'NONE',  ( -1.154700538379222800, -2.000000000000016400, -8.195833333333309800 ) ) ;
#5987 = ORIENTED_EDGE ( 'NONE', *, *, #5083, .T. ) ;
#5988 = CARTESIAN_POINT ( 'NONE',  ( -0.4122081292286208800, 1.610792165880329900, -0.2575287550703444500 ) ) ;
#5989 = CARTESIAN_POINT ( 'NONE',  ( -1.338300807568858900, -0.7726683315066117400, -5.804166666666650300 ) ) ;
#5990 = CARTESIAN_POINT ( 'NONE',  ( 1.784401076758500100, 2.503007529540795600E-014, -6.912499999999982800 ) ) ;
#5991 = EDGE_CURVE ( 'NONE', #1268, #7800, #1321, .T. ) ;
#5992 = CARTESIAN_POINT ( 'NONE',  ( 0.0000000000000000000, 0.0000000000000000000, -22.00000000000000000 ) ) ;
#5993 = ORIENTED_EDGE ( 'NONE', *, *, #4831, .F. ) ;
#5994 = CARTESIAN_POINT ( 'NONE',  ( -0.8922005383792724900, 1.545336663013154900, -16.39166666666662300 ) ) ;
#5995 = CARTESIAN_POINT ( 'NONE',  ( 1.545336663013165100, -0.4140717108885700300, -6.243760739116947200 ) ) ;
#5996 = CARTESIAN_POINT ( 'NONE',  ( -1.545336663013158200, 0.4140717108885636500, -18.49376073911691900 ) ) ;
#5997 = VERTEX_POINT ( 'NONE', #5316 ) ;
#5998 = LINE ( 'NONE', #1300, #4225 ) ;
#5999 = CARTESIAN_POINT ( 'NONE',  ( -1.338300807568886700, 0.7726683315065640000, -14.32083333333329700 ) ) ;
#6000 = CARTESIAN_POINT ( 'NONE',  ( -2.000000000000003100, 0.5358983848622186400, -9.043760739116940800 ) ) ;
#6001 = EDGE_CURVE ( 'NONE', #3568, #40, #7713, .T. ) ;
#6002 = DIRECTION ( 'NONE',  ( -0.0000000000000000000, -0.0000000000000000000, -1.000000000000000000 ) ) ;
#6003 =( BOUNDED_CURVE ( )  B_SPLINE_CURVE ( 2, ( #7741, #7804, #5295, #5265, #4003, #7114, #3420, #5878, #5966 ),
 .UNSPECIFIED., .F., .F. ) 
 B_SPLINE_CURVE_WITH_KNOTS ( ( 3, 2, 2, 2, 3 ),
 ( 0.4338235294117648300, 0.4362745098039215700, 0.4411764705882352800, 0.4460784313725490400, 0.4485294117647060100 ),
 .UNSPECIFIED. ) 
 CURVE ( )  GEOMETRIC_REPRESENTATION_ITEM ( )  RATIONAL_B_SPLINE_CURVE ( ( 0.9330127018922194100, 0.9330127018922224100, 1.000000000000000000, 0.8660254037844387100, 1.000000000000000000, 0.8660254037844387100, 1.000000000000000000, 0.9330127018922163000, 0.9330127018922194100 ) ) 
 REPRESENTATION_ITEM ( '' )  );
#6004 = DIRECTION ( 'NONE',  ( -1.000000000000000000, 0.0000000000000000000, 0.0000000000000000000 ) ) ;
#6005 = CARTESIAN_POINT ( 'NONE',  ( -2.763802959804758000E-014, 1.545336663013167300, -10.14999999999997200 ) ) ;
#6006 = CARTESIAN_POINT ( 'NONE',  ( -1.154700538379222800, -2.000000000000016400, -9.508333333333309800 ) ) ;
#6007 = CARTESIAN_POINT ( 'NONE',  ( -1.784401076758500100, -2.524860140211269500E-014, -2.974999999999990800 ) ) ;
#6008 = CONICAL_SURFACE ( 'NONE', #5730, 3.500000000000000000, 0.7853981633974439500 ) ;
#6009 = CARTESIAN_POINT ( 'NONE',  ( 0.8922005383792127600, 1.545336663013189300, -16.50833333333329000 ) ) ;
#6010 = ADVANCED_FACE ( 'NONE', ( #8132 ), #5795, .T. ) ;
#6011 = CYLINDRICAL_SURFACE ( 'NONE', #4982, 1.545336663013167300 ) ;
#6012 = CARTESIAN_POINT ( 'NONE',  ( 2.177130564435878500E-014, -1.545336663013167300, -4.287499999999987200 ) ) ;
#6013 = CARTESIAN_POINT ( 'NONE',  ( -5.035558104138843300E-014, 1.545336663013167300, -11.63749999999996900 ) ) ;
#6014 = CARTESIAN_POINT ( 'NONE',  ( -0.8922005383792127600, -1.545336663013189300, -6.358333333333315600 ) ) ;
#6015 = CARTESIAN_POINT ( 'NONE',  ( 1.545336663013170400, 0.4140717108886132200, -20.18123926088298600 ) ) ;
#6016 = CARTESIAN_POINT ( 'NONE',  ( -1.999999999999998200, -3.892848693764099900E-015, -8.924999999999977600 ) ) ;
#6017 = CARTESIAN_POINT ( 'NONE',  ( -2.158205648456237400E-014, 1.545336663013167300, -6.737499999999981200 ) ) ;
#6018 =( BOUNDED_CURVE ( )  B_SPLINE_CURVE ( 2, ( #7625, #7537, #5720, #5053, #6438, #1292, #3817, #678, #6949 ),
 .UNSPECIFIED., .F., .F. ) 
 B_SPLINE_CURVE_WITH_KNOTS ( ( 3, 2, 2, 2, 3 ),
 ( 0.1397058823529412600, 0.1421568627450980300, 0.1470588235294117700, 0.1519607843137254800, 0.1544117647058824400 ),
 .UNSPECIFIED. ) 
 CURVE ( )  GEOMETRIC_REPRESENTATION_ITEM ( )  RATIONAL_B_SPLINE_CURVE ( ( 0.9330127018922194100, 0.9330127018922216300, 1.000000000000000000, 0.8660254037844387100, 1.000000000000000000, 0.8660254037844387100, 1.000000000000000000, 0.9330127018922167400, 0.9330127018922194100 ) ) 
 REPRESENTATION_ITEM ( '' )  );
#6019 = CARTESIAN_POINT ( 'NONE',  ( -2.000000000000000000, -2.672702088255949100E-015, -4.812499999999986700 ) ) ;
#6020 = CARTESIAN_POINT ( 'NONE',  ( -2.158205648456237700E-014, 1.545336663013167300, -19.24999999999995000 ) ) ;
#6021 = CARTESIAN_POINT ( 'NONE',  ( -1.999999999999998200, -9.354457308895821800E-015, -17.41249999999995200 ) ) ;
#6022 = VERTEX_POINT ( 'NONE', #5346 ) ;
#6023 = DIRECTION ( 'NONE',  ( -1.000000000000000000, 0.0000000000000000000, 0.0000000000000000000 ) ) ;
#6024 = AXIS2_PLACEMENT_3D ( 'NONE', #7212, #2141, #299 ) ;
#6025 = CARTESIAN_POINT ( 'NONE',  ( -0.8922005383792279700, -1.545336663013180200, -13.44583333333329700 ) ) ;
#6026 = CARTESIAN_POINT ( 'NONE',  ( 2.000000000000001800, 6.100733027540754000E-015, -10.76249999999997300 ) ) ;
#6027 = CARTESIAN_POINT ( 'NONE',  ( -2.000000000000000000, 4.764381983412779500E-015, -3.324999999999993500 ) ) ;
#6028 = CARTESIAN_POINT ( 'NONE',  ( -1.154700538379305900, 1.999999999999968900, -7.729166666666644800 ) ) ;
#6029 = CARTESIAN_POINT ( 'NONE',  ( -2.000000000000006200, 1.626862140677534200E-014, -13.91249999999996600 ) ) ;
#6030 = CARTESIAN_POINT ( 'NONE',  ( 1.545336663013166200, 1.467081037575276500E-014, -21.61249999999994700 ) ) ;
#6031 = CARTESIAN_POINT ( 'NONE',  ( 2.309401076758502900, 3.239433308545618900E-014, -8.574999999999978000 ) ) ;
#6032 = CARTESIAN_POINT ( 'NONE',  ( 1.338300807568886300, -0.7726683315065647800, -20.97083333333327800 ) ) ;
#6033 = CARTESIAN_POINT ( 'NONE',  ( 1.784401076758500100, 2.503007529540795900E-014, -1.924999999999992900 ) ) ;
#6034 = CARTESIAN_POINT ( 'NONE',  ( 1.732050807568834800, 1.000000000000073500, -15.60416666666662500 ) ) ;
#6035 = CARTESIAN_POINT ( 'NONE',  ( -2.158205648456237400E-014, 1.545336663013167300, -3.937499999999988000 ) ) ;
#6036 = CARTESIAN_POINT ( 'NONE',  ( 1.732050807568847900, 1.000000000000051500, -19.80416666666661400 ) ) ;
#6037 = FACE_OUTER_BOUND ( 'NONE', #6540, .T. ) ;
#6038 = CARTESIAN_POINT ( 'NONE',  ( 1.999999999999998200, -2.963213184805508800E-015, -8.662499999999978300 ) ) ;
#6039 = EDGE_CURVE ( 'NONE', #6663, #3583, #1244, .T. ) ;
#6040 = CARTESIAN_POINT ( 'NONE',  ( 0.8922005383792110900, 1.545336663013189700, -19.30833333333328400 ) ) ;
#6041 = CARTESIAN_POINT ( 'NONE',  ( -1.545336663013167700, -0.4140717108885980100, -3.731239260883025400 ) ) ;
#6042 = AXIS2_PLACEMENT_3D ( 'NONE', #1168, #3738, #6926 ) ;
#6043 = CARTESIAN_POINT ( 'NONE',  ( -0.8922005383791991000, -1.545336663013196600, -11.25833333333330400 ) ) ;
#6044 = CARTESIAN_POINT ( 'NONE',  ( 0.8922005383792283000, 1.545336663013179700, -6.095833333333316300 ) ) ;
#6045 = ORIENTED_EDGE ( 'NONE', *, *, #5940, .T. ) ;
#6046 = CARTESIAN_POINT ( 'NONE',  ( 2.000000000000003600, 0.5358983848622557200, -7.143739260883019200 ) ) ;
#6047 = ORIENTED_EDGE ( 'NONE', *, *, #5187, .T. ) ;
#6048 = ADVANCED_FACE ( 'NONE', ( #7946 ), #2419, .T. ) ;
#6049 = CARTESIAN_POINT ( 'NONE',  ( 1.154700538379315600, -1.999999999999962900, -12.19166666666663600 ) ) ;
#6050 = CARTESIAN_POINT ( 'NONE',  ( -1.784401076758500100, -2.524860140211269500E-014, -19.77499999999994900 ) ) ;
#6051 = EDGE_CURVE ( 'NONE', #7758, #5389, #7970, .T. ) ;
#6052 = CARTESIAN_POINT ( 'NONE',  ( 1.545336663013167300, -6.362193014435357400E-015, -6.212499999999984400 ) ) ;
#6053 = CARTESIAN_POINT ( 'NONE',  ( 1.338300807568841600, 0.7726683315066416000, -18.75416666666662000 ) ) ;
#6054 = LINE ( 'NONE', #7593, #4868 ) ;
#6055 = CARTESIAN_POINT ( 'NONE',  ( 1.154700538379221300, 2.000000000000016900, -0.7583333333333297500 ) ) ;
#6056 = ORIENTED_EDGE ( 'NONE', *, *, #2331, .F. ) ;
#6057 = CARTESIAN_POINT ( 'NONE',  ( 1.545336663013167500, -3.166570952390201500E-015, -3.412499999999992100 ) ) ;
#6058 = DIRECTION ( 'NONE',  ( 0.0000000000000000000, 0.0000000000000000000, 1.000000000000000000 ) ) ;
#6059 = CARTESIAN_POINT ( 'NONE',  ( 1.545336663013166000, 7.872850716493068400E-015, -10.32499999999997400 ) ) ;
#6060 = CARTESIAN_POINT ( 'NONE',  ( 1.732050807568891200, -0.9999999999999753500, -8.633333333333308000 ) ) ;
#6061 = CARTESIAN_POINT ( 'NONE',  ( 2.177130564435878800E-014, -1.545336663013167300, -0.6999999999999957400 ) ) ;
#6062 = CARTESIAN_POINT ( 'NONE',  ( -1.999999999999998200, -2.399621657499362800E-014, -15.31249999999996100 ) ) ;
#6063 = CYLINDRICAL_SURFACE ( 'NONE', #7606, 1.545336663013167300 ) ;
#6064 = EDGE_CURVE ( 'NONE', #1810, #955, #4992, .T. ) ;
#6065 = CARTESIAN_POINT ( 'NONE',  ( 1.545336663013167700, -2.324088772396478200E-016, -1.312499999999996700 ) ) ;
#6066 = ORIENTED_EDGE ( 'NONE', *, *, #6737, .T. ) ;
#6067 = DIRECTION ( 'NONE',  ( 0.0000000000000000000, 0.0000000000000000000, 1.000000000000000000 ) ) ;
#6068 = CARTESIAN_POINT ( 'NONE',  ( -0.8922005383792982500, 1.545336663013139500, -19.19166666666661700 ) ) ;
#6069 = DIRECTION ( 'NONE',  ( 0.0000000000000000000, 0.0000000000000000000, 1.000000000000000000 ) ) ;
#6070 = CYLINDRICAL_SURFACE ( 'NONE', #2477, 1.545336663013167300 ) ;
#6071 = ORIENTED_EDGE ( 'NONE', *, *, #2463, .T. ) ;
#6072 = CARTESIAN_POINT ( 'NONE',  ( -0.8922005383792724900, 1.545336663013154900, -8.779166666666643700 ) ) ;
#6073 = ORIENTED_EDGE ( 'NONE', *, *, #7817, .T. ) ;
#6074 =( BOUNDED_CURVE ( )  B_SPLINE_CURVE ( 2, ( #2997, #5531, #3633, #596, #6175, #6219, #8022, #1752, #7402 ),
 .UNSPECIFIED., .F., .F. ) 
 B_SPLINE_CURVE_WITH_KNOTS ( ( 3, 2, 2, 2, 3 ),
 ( 0.8455882352941177500, 0.8480392156862744900, 0.8529411764705882000, 0.8578431372549019100, 0.8602941176470589900 ),
 .UNSPECIFIED. ) 
 CURVE ( )  GEOMETRIC_REPRESENTATION_ITEM ( )  RATIONAL_B_SPLINE_CURVE ( ( 0.9330127018922194100, 0.9330127018922224100, 1.000000000000000000, 0.8660254037844387100, 1.000000000000000000, 0.8660254037844387100, 1.000000000000000000, 0.9330127018922147500, 0.9330127018922193000 ) ) 
 REPRESENTATION_ITEM ( '' )  );
#6075 = EDGE_LOOP ( 'NONE', ( #6218, #7101, #4015, #4681 ) ) ;
#6076 = CARTESIAN_POINT ( 'NONE',  ( -1.338300807568887600, 0.7726683315065623300, -7.933333333333313100 ) ) ;
#6077 = LINE ( 'NONE', #7539, #3784 ) ;
#6078 = VERTEX_POINT ( 'NONE', #2931 ) ;
#6079 = CARTESIAN_POINT ( 'NONE',  ( -1.784401076758500100, -2.524860140211269500E-014, -19.07499999999995000 ) ) ;
#6080 = CARTESIAN_POINT ( 'NONE',  ( 2.000000000000002700, 0.5358983848622737000, -10.73123926088300800 ) ) ;
#6081 = ORIENTED_EDGE ( 'NONE', *, *, #4492, .F. ) ;
#6082 = VERTEX_POINT ( 'NONE', #6095 ) ;
#6083 = FACE_OUTER_BOUND ( 'NONE', #1953, .T. ) ;
#6084 = CARTESIAN_POINT ( 'NONE',  ( -1.732050807568892100, 0.9999999999999740200, -0.5833333333333301500 ) ) ;
#6085 = CARTESIAN_POINT ( 'NONE',  ( -1.545336663013167100, 0.4140717108885699200, -3.093760739116955300 ) ) ;
#6086 =( BOUNDED_CURVE ( )  B_SPLINE_CURVE ( 2, ( #2247, #1029, #2943, #7926, #7952, #2269, #6731, #461, #3590 ),
 .UNSPECIFIED., .F., .F. ) 
 B_SPLINE_CURVE_WITH_KNOTS ( ( 3, 2, 2, 2, 3 ),
 ( 0.6838235294117648300, 0.6862745098039215700, 0.6911764705882352800, 0.6960784313725489900, 0.6985294117647059500 ),
 .UNSPECIFIED. ) 
 CURVE ( )  GEOMETRIC_REPRESENTATION_ITEM ( )  RATIONAL_B_SPLINE_CURVE ( ( 0.9330127018922194100, 0.9330127018922224100, 1.000000000000000000, 0.8660254037844387100, 1.000000000000000000, 0.8660254037844387100, 1.000000000000000000, 0.9330127018922163000, 0.9330127018922194100 ) ) 
 REPRESENTATION_ITEM ( '' )  );
#6087 = CARTESIAN_POINT ( 'NONE',  ( 0.8922005383792189800, 1.545336663013185100, -4.695833333333319500 ) ) ;
#6088 = CARTESIAN_POINT ( 'NONE',  ( -1.154700538379222800, -2.000000000000016400, -11.60833333333330400 ) ) ;
#6089 = CARTESIAN_POINT ( 'NONE',  ( 1.338300807568864300, 0.7726683315066025200, 0.2333333333333352800 ) ) ;
#6090 = EDGE_CURVE ( 'NONE', #6226, #5358, #2726, .T. ) ;
#6091 = ORIENTED_EDGE ( 'NONE', *, *, #4184, .T. ) ;
#6092 = CARTESIAN_POINT ( 'NONE',  ( -1.338300807568850100, -0.7726683315066271700, -18.31666666666662000 ) ) ;
#6093 = CARTESIAN_POINT ( 'NONE',  ( -1.154700538379289700, 1.999999999999978000, -5.541666666666650100 ) ) ;
#6094 = DIRECTION ( 'NONE',  ( -0.0000000000000000000, -0.0000000000000000000, -1.000000000000000000 ) ) ;
#6095 = CARTESIAN_POINT ( 'NONE',  ( -3.149999999999999900, 0.0000000000000000000, -22.00000000000000000 ) ) ;
#6096 = CARTESIAN_POINT ( 'NONE',  ( -1.338300807568862700, -0.7726683315066054100, -2.216666666666658800 ) ) ;
#6097 = EDGE_LOOP ( 'NONE', ( #6260, #5007, #6128, #6294 ) ) ;
#6098 = CARTESIAN_POINT ( 'NONE',  ( -1.545336663013165100, -0.4140717108886108900, -11.34373926088300700 ) ) ;
#6099 = CARTESIAN_POINT ( 'NONE',  ( 2.177130564435878500E-014, -1.545336663013167300, -9.187499999999975100 ) ) ;
#6100 = EDGE_CURVE ( 'NONE', #7715, #3268, #2973, .T. ) ;
#6101 = ORIENTED_EDGE ( 'NONE', *, *, #3792, .T. ) ;
#6102 = CARTESIAN_POINT ( 'NONE',  ( -1.338300807568864000, -0.7726683315066029700, -21.81666666666661300 ) ) ;
#6103 = CARTESIAN_POINT ( 'NONE',  ( -1.999999999999991300, -0.5358983848622854700, -20.18123926088298600 ) ) ;
#6104 = CARTESIAN_POINT ( 'NONE',  ( 0.1487955347653997000, 1.650355532503353200, -21.99999999999999600 ) ) ;
#6105 = FACE_OUTER_BOUND ( 'NONE', #5455, .T. ) ;
#6106 = CARTESIAN_POINT ( 'NONE',  ( -1.545336663013167500, -1.655913250332490200E-015, -4.462499999999988800 ) ) ;
#6107 = EDGE_CURVE ( 'NONE', #6641, #1118, #1870, .T. ) ;
#6108 = CARTESIAN_POINT ( 'NONE',  ( 1.732050807568895800, -0.9999999999999676900, -5.833333333333317100 ) ) ;
#6109 = CARTESIAN_POINT ( 'NONE',  ( -1.338300807568889800, 0.7726683315065584500, -16.42083333333329500 ) ) ;
#6110 = CARTESIAN_POINT ( 'NONE',  ( -1.732050807568891800, 0.9999999999999742400, -11.08333333333330200 ) ) ;
#6111 = AXIS2_PLACEMENT_3D ( 'NONE', #5946, #3430, #7818 ) ;
#6112 = CARTESIAN_POINT ( 'NONE',  ( -1.338300807568864000, -0.7726683315066029700, -0.1166666666666638000 ) ) ;
#6113 = CARTESIAN_POINT ( 'NONE',  ( 0.8922005383792875900, -1.545336663013145800, -9.741666666666642300 ) ) ;
#6114 = ORIENTED_EDGE ( 'NONE', *, *, #592, .T. ) ;
#6115 = CARTESIAN_POINT ( 'NONE',  ( 1.545336663013166200, 0.4140717108886063400, -13.09373926088300500 ) ) ;
#6116 = CARTESIAN_POINT ( 'NONE',  ( -1.732050807568857000, -1.000000000000035700, -4.666666666666652800 ) ) ;
#6117 = CARTESIAN_POINT ( 'NONE',  ( 2.000000000000000900, -0.5358983848622114200, -7.993760739116941800 ) ) ;
#6118 = ORIENTED_EDGE ( 'NONE', *, *, #492, .F. ) ;
#6119 = DIRECTION ( 'NONE',  ( -0.0000000000000000000, -0.0000000000000000000, -1.000000000000000000 ) ) ;
#6120 = CARTESIAN_POINT ( 'NONE',  ( 2.817678007057453700E-014, -2.000000000000000000, -10.93749999999997000 ) ) ;
#6121 =( BOUNDED_CURVE ( )  B_SPLINE_CURVE ( 2, ( #1273, #6337, #224, #3916, #5178, #3943, #137, #3333, #1392 ),
 .UNSPECIFIED., .F., .F. ) 
 B_SPLINE_CURVE_WITH_KNOTS ( ( 3, 2, 2, 2, 3 ),
 ( 0.7279411764705883100, 0.7303921568627450600, 0.7352941176470588800, 0.7401960784313725800, 0.7426470588235295500 ),
 .UNSPECIFIED. ) 
 CURVE ( )  GEOMETRIC_REPRESENTATION_ITEM ( )  RATIONAL_B_SPLINE_CURVE ( ( 0.9330127018922194100, 0.9330127018922224100, 1.000000000000000000, 0.8660254037844387100, 1.000000000000000000, 0.8660254037844387100, 1.000000000000000000, 0.9330127018922163000, 0.9330127018922194100 ) ) 
 REPRESENTATION_ITEM ( '' )  );
#6122 =( BOUNDED_CURVE ( )  B_SPLINE_CURVE ( 2, ( #5333, #1633, #2920, #4203, #4815, #7873, #999, #1027, #5392 ),
 .UNSPECIFIED., .F., .F. ) 
 B_SPLINE_CURVE_WITH_KNOTS ( ( 3, 2, 2, 2, 3 ),
 ( 0.4926470588235294900, 0.4950980392156862900, 0.5000000000000000000, 0.5049019607843137100, 0.5073529411764706700 ),
 .UNSPECIFIED. ) 
 CURVE ( )  GEOMETRIC_REPRESENTATION_ITEM ( )  RATIONAL_B_SPLINE_CURVE ( ( 0.9330127018922194100, 0.9330127018922216300, 1.000000000000000000, 0.8660254037844387100, 1.000000000000000000, 0.8660254037844387100, 1.000000000000000000, 0.9330127018922163000, 0.9330127018922194100 ) ) 
 REPRESENTATION_ITEM ( '' )  );
#6123 = CARTESIAN_POINT ( 'NONE',  ( -0.8922005383792921400, 1.545336663013143100, -7.991666666666643200 ) ) ;
#6124 = CARTESIAN_POINT ( 'NONE',  ( 1.338300807568854300, 0.7726683315066200700, -13.15416666666663100 ) ) ;
#6125 = ORIENTED_EDGE ( 'NONE', *, *, #1863, .T. ) ;
#6126 = CARTESIAN_POINT ( 'NONE',  ( 1.338300807568863200, 0.7726683315066046300, -0.5541666666666631400 ) ) ;
#6127 = CARTESIAN_POINT ( 'NONE',  ( -1.784401076758500100, -2.524860140211269500E-014, -18.37499999999995400 ) ) ;
#6128 = ORIENTED_EDGE ( 'NONE', *, *, #7679, .T. ) ;
#6129 = CARTESIAN_POINT ( 'NONE',  ( -0.6751018034142587400, 1.390073004226571400, -22.00000000000000000 ) ) ;
#6130 = CARTESIAN_POINT ( 'NONE',  ( 1.999999999999999600, 0.5358983848622633800, -0.8437392608830327500 ) ) ;
#6131 = ORIENTED_EDGE ( 'NONE', *, *, #2142, .F. ) ;
#6132 = ADVANCED_FACE ( 'NONE', ( #7250 ), #4596, .T. ) ;
#6133 = PRODUCT_DEFINITION_FORMATION_WITH_SPECIFIED_SOURCE ( 'ANY', '', #3705, .NOT_KNOWN. ) ;
#6134 = CARTESIAN_POINT ( 'NONE',  ( -2.793185071074506100E-014, 2.000000000000000000, -10.49999999999997200 ) ) ;
#6135 = CARTESIAN_POINT ( 'NONE',  ( 1.338300807568864300, 0.7726683315066025200, -6.066666666666649600 ) ) ;
#6136 = FACE_OUTER_BOUND ( 'NONE', #631, .T. ) ;
#6137 = CARTESIAN_POINT ( 'NONE',  ( 1.154700538379200800, 2.000000000000029300, -19.65833333333328900 ) ) ;
#6138 = DIRECTION ( 'NONE',  ( 0.0000000000000000000, 0.0000000000000000000, 1.000000000000000000 ) ) ;
#6139 = ORIENTED_EDGE ( 'NONE', *, *, #1371, .T. ) ;
#6140 = CARTESIAN_POINT ( 'NONE',  ( 1.154700538379223000, 2.000000000000016000, -18.95833333333328600 ) ) ;
#6141 = CARTESIAN_POINT ( 'NONE',  ( -1.338300807568894500, 0.7726683315065506800, -12.83333333333330000 ) ) ;
#6142 = EDGE_CURVE ( 'NONE', #1716, #1268, #2918, .T. ) ;
#6143 = DIRECTION ( 'NONE',  ( -0.0000000000000000000, -0.0000000000000000000, -1.000000000000000000 ) ) ;
#6144 = ORIENTED_EDGE ( 'NONE', *, *, #2946, .F. ) ;
#6145 = CARTESIAN_POINT ( 'NONE',  ( -1.110297640932668600, -1.074850943429842600, -0.1778527147052651700 ) ) ;
#6146 = CARTESIAN_POINT ( 'NONE',  ( 2.309401076758502900, 3.239433308545619500E-014, -9.362499999999974100 ) ) ;
#6147 = ORIENTED_EDGE ( 'NONE', *, *, #4958, .F. ) ;
#6148 = B_SPLINE_CURVE_WITH_KNOTS ( 'NONE', 3,
 ( #1083, #7397, #8044, #4316, #1748, #3573, #2403, #2349, #1774, #6742 ),
 .UNSPECIFIED., .F., .F.,
 ( 4, 2, 2, 2, 4 ),
 ( 0.0009403707628134341100, 0.001388899859231543000, 0.001837428955649652200, 0.002285958052067761400, 0.002734487148485870600 ),
 .UNSPECIFIED. ) ;
#6149 = CARTESIAN_POINT ( 'NONE',  ( 1.545336663013172000, 1.199810828749681400E-014, -15.22499999999996200 ) ) ;
#6150 = EDGE_LOOP ( 'NONE', ( #3483, #4123, #6528, #6416 ) ) ;
#6151 = CARTESIAN_POINT ( 'NONE',  ( -2.158205648456237700E-014, 1.545336663013167300, -22.74999999999994300 ) ) ;
#6152 = ORIENTED_EDGE ( 'NONE', *, *, #7770, .T. ) ;
#6153 = EDGE_CURVE ( 'NONE', #6947, #6243, #6474, .T. ) ;
#6154 = AXIS2_PLACEMENT_3D ( 'NONE', #5992, #7253, #4781 ) ;
#6155 = VECTOR ( 'NONE', #6002, 1000.000000000000000 ) ;
#6156 = CARTESIAN_POINT ( 'NONE',  ( -1.338300807568844100, -0.7726683315066377200, -20.50416666666661700 ) ) ;
#6157 = ORIENTED_EDGE ( 'NONE', *, *, #7065, .T. ) ;
#6158 = DIRECTION ( 'NONE',  ( -0.0000000000000000000, -0.0000000000000000000, -1.000000000000000000 ) ) ;
#6159 = CARTESIAN_POINT ( 'NONE',  ( 1.338300807568908900, -0.7726683315065257000, -15.28333333333329400 ) ) ;
#6160 = CARTESIAN_POINT ( 'NONE',  ( 2.309401076758502900, 3.239433308545618900E-014, -11.37499999999997200 ) ) ;
#6161 = EDGE_LOOP ( 'NONE', ( #971, #2557, #7139, #395 ) ) ;
#6162 = DIRECTION ( 'NONE',  ( 0.0000000000000000000, 0.0000000000000000000, 1.000000000000000000 ) ) ;
#6163 = CARTESIAN_POINT ( 'NONE',  ( 0.8922005383792283000, 1.545336663013179700, -4.608333333333319200 ) ) ;
#6164 = ORIENTED_EDGE ( 'NONE', *, *, #6813, .F. ) ;
#6165 =( BOUNDED_CURVE ( )  B_SPLINE_CURVE ( 2, ( #2377, #8066, #2954, #4319, #523, #4950, #546, #2993, #1750 ),
 .UNSPECIFIED., .F., .F. ) 
 B_SPLINE_CURVE_WITH_KNOTS ( ( 3, 2, 2, 2, 3 ),
 ( 0.2720588235294118500, 0.2745098039215686500, 0.2794117647058823600, 0.2843137254901960700, 0.2867647058823530300 ),
 .UNSPECIFIED. ) 
 CURVE ( )  GEOMETRIC_REPRESENTATION_ITEM ( )  RATIONAL_B_SPLINE_CURVE ( ( 0.9330127018922194100, 0.9330127018922216300, 1.000000000000000000, 0.8660254037844387100, 1.000000000000000000, 0.8660254037844387100, 1.000000000000000000, 0.9330127018922170800, 0.9330127018922194100 ) ) 
 REPRESENTATION_ITEM ( '' )  );
#6166 = CARTESIAN_POINT ( 'NONE',  ( 2.168404344971008900E-016, -1.732050807568877600, -26.00000000000000000 ) ) ;
#6167 = EDGE_CURVE ( 'NONE', #3574, #222, #2137, .T. ) ;
#6168 = ORIENTED_EDGE ( 'NONE', *, *, #4539, .T. ) ;
#6169 = CARTESIAN_POINT ( 'NONE',  ( -1.338300807568864000, -0.7726683315066029700, -21.20416666666661600 ) ) ;
#6170 = CARTESIAN_POINT ( 'NONE',  ( -2.309401076758502900, -3.267715314911616300E-014, -18.02499999999995200 ) ) ;
#6171 = ORIENTED_EDGE ( 'NONE', *, *, #449, .T. ) ;
#6172 = LINE ( 'NONE', #4556, #3683 ) ;
#6173 = CARTESIAN_POINT ( 'NONE',  ( 1.732050807568863200, 1.000000000000024400, -9.304166666666640500 ) ) ;
#6174 = ADVANCED_FACE ( 'NONE', ( #7939 ), #385, .T. ) ;
#6175 = CARTESIAN_POINT ( 'NONE',  ( -6.549933995898711300E-014, 1.545336663013167300, -19.33749999999995200 ) ) ;
#6176 = VERTEX_POINT ( 'NONE', #4502 ) ;
#6177 = CARTESIAN_POINT ( 'NONE',  ( 1.154700538379207900, 2.000000000000024900, -9.858333333333307600 ) ) ;
#6178 = CARTESIAN_POINT ( 'NONE',  ( 1.338300807568864300, 0.7726683315066025200, -22.16666666666661100 ) ) ;
#6179 = FACE_OUTER_BOUND ( 'NONE', #3515, .T. ) ;
#6180 = CARTESIAN_POINT ( 'NONE',  ( 2.000000000000001300, -0.5358983848622103100, -9.393760739116940400 ) ) ;
#6181 =( BOUNDED_CURVE ( )  B_SPLINE_CURVE ( 2, ( #4205, #5424, #1709, #7900, #3616, #6087, #2289, #8004, #2921 ),
 .UNSPECIFIED., .F., .F. ) 
 B_SPLINE_CURVE_WITH_KNOTS ( ( 3, 2, 2, 2, 3 ),
 ( 0.2279411764705883100, 0.2303921568627450800, 0.2352941176470588200, 0.2401960784313725600, 0.2426470588235294900 ),
 .UNSPECIFIED. ) 
 CURVE ( )  GEOMETRIC_REPRESENTATION_ITEM ( )  RATIONAL_B_SPLINE_CURVE ( ( 0.9330127018922194100, 0.9330127018922216300, 1.000000000000000000, 0.8660254037844387100, 1.000000000000000000, 0.8660254037844387100, 1.000000000000000000, 0.9330127018922170800, 0.9330127018922194100 ) ) 
 REPRESENTATION_ITEM ( '' )  );
#6182 = ORIENTED_EDGE ( 'NONE', *, *, #6857, .F. ) ;
#6183 = DIRECTION ( 'NONE',  ( -0.0000000000000000000, -0.0000000000000000000, -1.000000000000000000 ) ) ;
#6184 = CARTESIAN_POINT ( 'NONE',  ( -1.545336663013168000, -0.4140717108885967900, -2.331239260883029000 ) ) ;
#6185 = CARTESIAN_POINT ( 'NONE',  ( 1.338300807568864300, 0.7726683315066025200, -6.766666666666647100 ) ) ;
#6186 = EDGE_CURVE ( 'NONE', #3941, #434, #6272, .T. ) ;
#6187 = ORIENTED_EDGE ( 'NONE', *, *, #2586, .T. ) ;
#6188 = AXIS2_PLACEMENT_3D ( 'NONE', #181, #235, #4641 ) ;
#6189 = CARTESIAN_POINT ( 'NONE',  ( 2.000000000000000000, 0.0000000000000000000, -22.00000000000000000 ) ) ;
#6190 = VECTOR ( 'NONE', #713, 1000.000000000000000 ) ;
#6191 = CARTESIAN_POINT ( 'NONE',  ( -3.136086174835765700E-014, 2.000000000000000000, -3.587499999999987900 ) ) ;
#6192 = CARTESIAN_POINT ( 'NONE',  ( -0.8922005383792724900, 1.545336663013154900, -21.37916666666661000 ) ) ;
#6193 = CARTESIAN_POINT ( 'NONE',  ( -1.154700538379222800, -2.000000000000016400, -17.90833333333328900 ) ) ;
#6194 = DIRECTION ( 'NONE',  ( -0.0000000000000000000, -0.0000000000000000000, -1.000000000000000000 ) ) ;
#6195 = DIRECTION ( 'NONE',  ( -1.000000000000000000, 0.0000000000000000000, 0.0000000000000000000 ) ) ;
#6196 = CARTESIAN_POINT ( 'NONE',  ( -1.732050807568855400, -1.000000000000037700, -7.554166666666644900 ) ) ;
#6197 = LINE ( 'NONE', #5306, #7637 ) ;
#6198 = CARTESIAN_POINT ( 'NONE',  ( 1.732050807568891200, -0.9999999999999753500, -10.12083333333330700 ) ) ;
#6199 = EDGE_CURVE ( 'NONE', #5873, #6909, #8124, .T. ) ;
#6200 = CARTESIAN_POINT ( 'NONE',  ( 1.154700538379175300, 2.000000000000043500, -15.45833333333330000 ) ) ;
#6201 =( BOUNDED_CURVE ( )  B_SPLINE_CURVE ( 2, ( #1223, #6255, #3182, #5004, #6366, #7565, #3125, #1866, #5640 ),
 .UNSPECIFIED., .F., .F. ) 
 B_SPLINE_CURVE_WITH_KNOTS ( ( 3, 2, 2, 2, 3 ),
 ( 0.4926470588235294900, 0.4950980392156862900, 0.5000000000000000000, 0.5049019607843137100, 0.5073529411764706700 ),
 .UNSPECIFIED. ) 
 CURVE ( )  GEOMETRIC_REPRESENTATION_ITEM ( )  RATIONAL_B_SPLINE_CURVE ( ( 0.9330127018922194100, 0.9330127018922216300, 1.000000000000000000, 0.8660254037844387100, 1.000000000000000000, 0.8660254037844387100, 1.000000000000000000, 0.9330127018922163000, 0.9330127018922194100 ) ) 
 REPRESENTATION_ITEM ( '' )  );
#6202 = CARTESIAN_POINT ( 'NONE',  ( -1.154700538379280800, 1.999999999999983100, -0.02916666666666345400 ) ) ;
#6203 = CARTESIAN_POINT ( 'NONE',  ( -1.545336663013167500, -2.062628785501873700E-015, -5.074999999999987700 ) ) ;
#6204 = CARTESIAN_POINT ( 'NONE',  ( -1.545336663013166200, -2.236935443431609700E-015, -7.262499999999981500 ) ) ;
#6205 = EDGE_CURVE ( 'NONE', #4565, #2781, #5042, .T. ) ;
#6206 = ADVANCED_FACE ( 'NONE', ( #967 ), #1836, .T. ) ;
#6207 = DIRECTION ( 'NONE',  ( -0.4999999999999997800, -0.8660254037844388200, 0.0000000000000000000 ) ) ;
#6208 = ORIENTED_EDGE ( 'NONE', *, *, #7390, .T. ) ;
#6209 = DIRECTION ( 'NONE',  ( -0.0000000000000000000, -0.0000000000000000000, -1.000000000000000000 ) ) ;
#6210 = CARTESIAN_POINT ( 'NONE',  ( 1.338300807568864300, 0.7726683315066025200, -3.266666666666656400 ) ) ;
#6211 = CARTESIAN_POINT ( 'NONE',  ( 1.784401076758500100, 2.503007529540795600E-014, -20.91249999999994500 ) ) ;
#6212 = CARTESIAN_POINT ( 'NONE',  ( 1.732050807568863200, 1.000000000000024400, -16.21666666666662600 ) ) ;
#6213 = CARTESIAN_POINT ( 'NONE',  ( -1.545336663013166200, -5.258250847547030400E-015, -12.86249999999996500 ) ) ;
#6214 = CARTESIAN_POINT ( 'NONE',  ( 2.000000000000000000, 0.0000000000000000000, -22.00000000000000000 ) ) ;
#6215 = AXIS2_PLACEMENT_3D ( 'NONE', #5357, #7279, #7920 ) ;
#6216 = CARTESIAN_POINT ( 'NONE',  ( -1.999999999999998200, -3.892848693764099900E-015, -8.312499999999980500 ) ) ;
#6217 = CARTESIAN_POINT ( 'NONE',  ( 2.817678007057453700E-014, -2.000000000000000000, -12.33749999999996700 ) ) ;
#6218 = ORIENTED_EDGE ( 'NONE', *, *, #4184, .F. ) ;
#6219 = CARTESIAN_POINT ( 'NONE',  ( 0.8922005383792110900, 1.545336663013189700, -19.39583333333329000 ) ) ;
#6220 = FACE_OUTER_BOUND ( 'NONE', #6955, .T. ) ;
#6221 = CARTESIAN_POINT ( 'NONE',  ( 1.999999999999998200, -1.045839947578414800E-015, -11.46249999999997200 ) ) ;
#6222 = CARTESIAN_POINT ( 'NONE',  ( -1.545336663013167300, 0.0000000000000000000, 0.0000000000000000000 ) ) ;
#6223 = ORIENTED_EDGE ( 'NONE', *, *, #985, .F. ) ;
#6224 = FACE_OUTER_BOUND ( 'NONE', #314, .T. ) ;
#6225 = EDGE_CURVE ( 'NONE', #5466, #143, #4130, .T. ) ;
#6226 = VERTEX_POINT ( 'NONE', #1380 ) ;
#6227 = CARTESIAN_POINT ( 'NONE',  ( -1.732050807568901000, 0.9999999999999588100, -10.38333333333330600 ) ) ;
#6228 = CARTESIAN_POINT ( 'NONE',  ( 1.154700538379296500, -1.999999999999974000, -5.191666666666651300 ) ) ;
#6229 = DIRECTION ( 'NONE',  ( 1.000000000000000000, 1.776356839400250500E-015, 0.0000000000000000000 ) ) ;
#6230 = CARTESIAN_POINT ( 'NONE',  ( -1.545336663013173100, 0.4140717108885584900, -10.70626073911693700 ) ) ;
#6231 = CARTESIAN_POINT ( 'NONE',  ( 1.545336663013172000, 1.353781709920948100E-014, -18.11249999999995500 ) ) ;
#6232 = CARTESIAN_POINT ( 'NONE',  ( -1.784401076758500100, -2.524860140211269500E-014, -7.874999999999976900 ) ) ;
#6233 = CARTESIAN_POINT ( 'NONE',  ( -1.338300807568887100, 0.7726683315065631100, -6.620833333333314900 ) ) ;
#6234 = CYLINDRICAL_SURFACE ( 'NONE', #6706, 1.545336663013167300 ) ;
#6235 = CARTESIAN_POINT ( 'NONE',  ( -2.158205648456237400E-014, 1.545336663013167300, -22.83749999999994200 ) ) ;
#6236 = ORIENTED_EDGE ( 'NONE', *, *, #793, .F. ) ;
#6237 = CARTESIAN_POINT ( 'NONE',  ( -1.154700538379222800, -2.000000000000016400, -16.50833333333329000 ) ) ;
#6238 = CARTESIAN_POINT ( 'NONE',  ( 1.732050807568859200, 1.000000000000032000, -8.516666666666644400 ) ) ;
#6239 = EDGE_CURVE ( 'NONE', #1782, #1684, #3106, .T. ) ;
#6240 = CARTESIAN_POINT ( 'NONE',  ( 0.8922005383792729300, -1.545336663013154200, -2.829166666666657300 ) ) ;
#6241 = CARTESIAN_POINT ( 'NONE',  ( 1.732050807568891200, -0.9999999999999753500, -12.22083333333330100 ) ) ;
#6242 = VECTOR ( 'NONE', #6885, 1000.000000000000000 ) ;
#6243 = VERTEX_POINT ( 'NONE', #1351 ) ;
#6244 = DIRECTION ( 'NONE',  ( 0.0000000000000000000, 0.0000000000000000000, 1.000000000000000000 ) ) ;
#6245 = FACE_OUTER_BOUND ( 'NONE', #2917, .T. ) ;
#6246 = DIRECTION ( 'NONE',  ( -1.000000000000000000, 0.0000000000000000000, 0.0000000000000000000 ) ) ;
#6247 = VERTEX_POINT ( 'NONE', #6435 ) ;
#6248 = CARTESIAN_POINT ( 'NONE',  ( 2.309401076758502900, 3.239433308545619500E-014, -0.2624999999999962400 ) ) ;
#6249 = CARTESIAN_POINT ( 'NONE',  ( -2.000000000000011500, -0.5358983848622658200, -21.58123926088298100 ) ) ;
#6250 = EDGE_CURVE ( 'NONE', #5607, #7302, #7963, .T. ) ;
#6251 = CARTESIAN_POINT ( 'NONE',  ( 1.732050807568850800, 1.000000000000046200, -11.40416666666663500 ) ) ;
#6252 = ORIENTED_EDGE ( 'NONE', *, *, #1040, .F. ) ;
#6253 = VERTEX_POINT ( 'NONE', #6408 ) ;
#6254 = VERTEX_POINT ( 'NONE', #7791 ) ;
#6255 = CARTESIAN_POINT ( 'NONE',  ( -1.545336663013173100, 0.4140717108885584900, -10.79376073911693700 ) ) ;
#6256 = CARTESIAN_POINT ( 'NONE',  ( -1.500000000000000000, -2.145701662201152100E-025, -25.76794919243112100 ) ) ;
#6257 = CARTESIAN_POINT ( 'NONE',  ( -1.545336663013175500, -0.4140717108885935700, -14.23123926088300300 ) ) ;
#6258 = CARTESIAN_POINT ( 'NONE',  ( 1.545336663013168900, 9.470661747515645500E-015, -6.912499999999981000 ) ) ;
#6259 = CARTESIAN_POINT ( 'NONE',  ( 2.177130564435878800E-014, -1.545336663013167300, -7.699999999999978900 ) ) ;
#6260 = ORIENTED_EDGE ( 'NONE', *, *, #1694, .F. ) ;
#6261 = ORIENTED_EDGE ( 'NONE', *, *, #7365, .T. ) ;
#6262 = CARTESIAN_POINT ( 'NONE',  ( -3.066601615479018700E-014, 1.545336663013167300, -15.74999999999995900 ) ) ;
#6263 = EDGE_CURVE ( 'NONE', #4626, #6555, #1438, .T. ) ;
#6264 = CARTESIAN_POINT ( 'NONE',  ( -2.793185071074506100E-014, 2.000000000000000000, -2.099999999999993000 ) ) ;
#6265 =( BOUNDED_CURVE ( )  B_SPLINE_CURVE ( 2, ( #3697, #4904, #4353, #1825, #1772, #8063, #1850, #1745, #4290 ),
 .UNSPECIFIED., .F., .F. ) 
 B_SPLINE_CURVE_WITH_KNOTS ( ( 3, 2, 2, 2, 3 ),
 ( 0.1102941176470589000, 0.1127450980392156900, 0.1176470588235294100, 0.1225490196078431300, 0.1250000000000000800 ),
 .UNSPECIFIED. ) 
 CURVE ( )  GEOMETRIC_REPRESENTATION_ITEM ( )  RATIONAL_B_SPLINE_CURVE ( ( 0.9330127018922193000, 0.9330127018922214100, 1.000000000000000000, 0.8660254037844387100, 1.000000000000000000, 0.8660254037844387100, 1.000000000000000000, 0.9330127018922169700, 0.9330127018922194100 ) ) 
 REPRESENTATION_ITEM ( '' )  );
#6266 = CARTESIAN_POINT ( 'NONE',  ( 1.732050807568863200, 1.000000000000024400, -21.11666666666661400 ) ) ;
#6267 = CARTESIAN_POINT ( 'NONE',  ( 1.545336663013169500, 0.4140717108886052800, -9.593739260883012300 ) ) ;
#6268 = ORIENTED_EDGE ( 'NONE', *, *, #4680, .T. ) ;
#6269 = CARTESIAN_POINT ( 'NONE',  ( -1.545336663013166000, -5.577813053751546400E-015, -14.87499999999996100 ) ) ;
#6270 = CARTESIAN_POINT ( 'NONE',  ( -1.154700538379280800, 1.999999999999983100, -14.02916666666662900 ) ) ;
#6271 = CARTESIAN_POINT ( 'NONE',  ( 1.732050807568856800, 1.000000000000036000, -15.51666666666662700 ) ) ;
#6272 =( BOUNDED_CURVE ( )  B_SPLINE_CURVE ( 2, ( #5164, #2589, #2082, #125, #4528, #2703, #764, #186, #70 ),
 .UNSPECIFIED., .F., .F. ) 
 B_SPLINE_CURVE_WITH_KNOTS ( ( 3, 2, 2, 2, 3 ),
 ( 0.09558823529411772400, 0.09803921568627450800, 0.1029411764705882300, 0.1078431372549019700, 0.1102941176470589000 ),
 .UNSPECIFIED. ) 
 CURVE ( )  GEOMETRIC_REPRESENTATION_ITEM ( )  RATIONAL_B_SPLINE_CURVE ( ( 0.9330127018922193000, 0.9330127018922214100, 1.000000000000000000, 0.8660254037844387100, 1.000000000000000000, 0.8660254037844387100, 1.000000000000000000, 0.9330127018922171900, 0.9330127018922193000 ) ) 
 REPRESENTATION_ITEM ( '' )  );
#6273 = ORIENTED_EDGE ( 'NONE', *, *, #6457, .T. ) ;
#6274 = CARTESIAN_POINT ( 'NONE',  ( -1.545336663013168200, -0.4140717108885980700, -7.931239260883016200 ) ) ;
#6275 = CARTESIAN_POINT ( 'NONE',  ( -1.205415660855093200, -1.304658855291172400, -22.00000000000000400 ) ) ;
#6276 = CARTESIAN_POINT ( 'NONE',  ( 0.8922005383792179800, 1.545336663013185300, -6.708333333333314400 ) ) ;
#6277 = CARTESIAN_POINT ( 'NONE',  ( 1.154700538379194800, 2.000000000000032000, -7.145833333333313500 ) ) ;
#6278 = CARTESIAN_POINT ( 'NONE',  ( 3.500000000000000000, 0.0000000000000000000, -25.65000000000000200 ) ) ;
#6279 = AXIS2_PLACEMENT_3D ( 'NONE', #5610, #2693, #723 ) ;
#6280 = ORIENTED_EDGE ( 'NONE', *, *, #7594, .T. ) ;
#6281 = VECTOR ( 'NONE', #2135, 1000.000000000000000 ) ;
#6282 = CARTESIAN_POINT ( 'NONE',  ( 1.732050807568851200, 1.000000000000045500, -10.61666666666663900 ) ) ;
#6283 = CYLINDRICAL_SURFACE ( 'NONE', #5619, 1.545336663013167300 ) ;
#6284 = ADVANCED_FACE ( 'NONE', ( #1646 ), #6008, .T. ) ;
#6285 = CARTESIAN_POINT ( 'NONE',  ( 1.545336663013167300, 1.892491597964127500E-016, 0.0000000000000000000 ) ) ;
#6286 = CARTESIAN_POINT ( 'NONE',  ( -1.545336663013172000, 1.269533491921576000E-014, -14.26249999999996700 ) ) ;
#6287 = CARTESIAN_POINT ( 'NONE',  ( 2.177130564435878800E-014, -1.545336663013167300, -9.799999999999974100 ) ) ;
#6288 = EDGE_CURVE ( 'NONE', #4626, #6355, #5649, .T. ) ;
#6289 = AXIS2_PLACEMENT_3D ( 'NONE', #5842, #4029, #7738 ) ;
#6290 = CARTESIAN_POINT ( 'NONE',  ( -1.732050807568891800, 0.9999999999999742400, -1.283333333333328100 ) ) ;
#6291 = CARTESIAN_POINT ( 'NONE',  ( 1.154700538379280100, -1.999999999999983300, -21.99166666666661000 ) ) ;
#6292 = CARTESIAN_POINT ( 'NONE',  ( -2.793185071074506700E-014, 2.000000000000000000, -14.08749999999996300 ) ) ;
#6293 = EDGE_CURVE ( 'NONE', #3781, #3552, #2464, .T. ) ;
#6294 = ORIENTED_EDGE ( 'NONE', *, *, #250, .T. ) ;
#6295 = CARTESIAN_POINT ( 'NONE',  ( -2.000000000000000000, 2.449293598294706400E-016, -22.00000000000000000 ) ) ;
#6296 = CARTESIAN_POINT ( 'NONE',  ( -0.8922005383792117600, -1.545336663013189300, -7.845833333333311900 ) ) ;
#6297 = CARTESIAN_POINT ( 'NONE',  ( -1.488492148412343000, -0.8619650457298614300, -21.99999999999999300 ) ) ;
#6298 = CARTESIAN_POINT ( 'NONE',  ( 1.545336663013166200, 1.045839947578414800E-015, -16.62499999999996400 ) ) ;
#6299 = CARTESIAN_POINT ( 'NONE',  ( 6.516854117246366700E-014, -2.000000000000000000, -21.43749999999994300 ) ) ;
#6300 = ORIENTED_EDGE ( 'NONE', *, *, #2596, .T. ) ;
#6301 = CARTESIAN_POINT ( 'NONE',  ( 2.000000000000000900, 0.5358983848622807000, -20.53123926088297700 ) ) ;
#6302 = CARTESIAN_POINT ( 'NONE',  ( 2.460812997436214500E-014, -1.545336663013167300, -14.69999999999996400 ) ) ;
#6303 =( BOUNDED_CURVE ( )  B_SPLINE_CURVE ( 2, ( #1726, #475, #7964, #5437, #424, #1648, #4221, #3536, #6149 ),
 .UNSPECIFIED., .F., .F. ) 
 B_SPLINE_CURVE_WITH_KNOTS ( ( 3, 2, 2, 2, 3 ),
 ( 0.6691176470588235900, 0.6715686274509803400, 0.6764705882352941600, 0.6813725490196078600, 0.6838235294117648300 ),
 .UNSPECIFIED. ) 
 CURVE ( )  GEOMETRIC_REPRESENTATION_ITEM ( )  RATIONAL_B_SPLINE_CURVE ( ( 0.9330127018922194100, 0.9330127018922224100, 1.000000000000000000, 0.8660254037844387100, 1.000000000000000000, 0.8660254037844387100, 1.000000000000000000, 0.9330127018922163000, 0.9330127018922194100 ) ) 
 REPRESENTATION_ITEM ( '' )  );
#6304 = EDGE_CURVE ( 'NONE', #7393, #2307, #7434, .T. ) ;
#6305 = CARTESIAN_POINT ( 'NONE',  ( 1.545336663013167300, 1.892491597964127500E-016, 0.0000000000000000000 ) ) ;
#6306 = CARTESIAN_POINT ( 'NONE',  ( -2.000000000000000000, 0.5358983848622272900, -0.6437607391169603000 ) ) ;
#6307 = VERTEX_POINT ( 'NONE', #2175 ) ;
#6308 = CARTESIAN_POINT ( 'NONE',  ( -1.545336663013167300, 0.0000000000000000000, 0.0000000000000000000 ) ) ;
#6309 = CARTESIAN_POINT ( 'NONE',  ( 1.784401076758500100, 2.503007529540795900E-014, -7.524999999999979000 ) ) ;
#6310 = CARTESIAN_POINT ( 'NONE',  ( -1.264222809608504900, -1.002151428125742000, -25.86387397565809800 ) ) ;
#6311 = CARTESIAN_POINT ( 'NONE',  ( 1.154700538379223000, 2.000000000000016000, -2.158333333333326100 ) ) ;
#6312 = CARTESIAN_POINT ( 'NONE',  ( 1.338300807568864300, 0.7726683315066025200, -15.95416666666662300 ) ) ;
#6313 = VERTEX_POINT ( 'NONE', #7192 ) ;
#6314 = CARTESIAN_POINT ( 'NONE',  ( -1.154700538379280800, 1.999999999999983100, -19.54166666666661800 ) ) ;
#6315 = CARTESIAN_POINT ( 'NONE',  ( 2.000000000000006200, 1.958044790744032300E-014, -21.17499999999994400 ) ) ;
#6316 = FACE_OUTER_BOUND ( 'NONE', #7984, .T. ) ;
#6317 = AXIS2_PLACEMENT_3D ( 'NONE', #1982, #2603, #3828 ) ;
#6318 = CARTESIAN_POINT ( 'NONE',  ( 1.545336663013166200, -0.4140717108885689800, -4.056260739116952500 ) ) ;
#6319 = CARTESIAN_POINT ( 'NONE',  ( -1.732050807568891800, 0.9999999999999742400, -13.27083333333329800 ) ) ;
#6320 = ADVANCED_FACE ( 'NONE', ( #6963 ), #3708, .T. ) ;
#6321 = VERTEX_POINT ( 'NONE', #2831 ) ;
#6322 = ORIENTED_EDGE ( 'NONE', *, *, #5506, .T. ) ;
#6323 = CARTESIAN_POINT ( 'NONE',  ( -1.545336663013167500, 3.747593145489321000E-015, -2.974999999999993400 ) ) ;
#6324 = VERTEX_POINT ( 'NONE', #5345 ) ;
#6325 = DIRECTION ( 'NONE',  ( 0.0000000000000000000, 0.0000000000000000000, 1.000000000000000000 ) ) ;
#6326 = CARTESIAN_POINT ( 'NONE',  ( 0.8922005383792778200, -1.545336663013151300, -1.341666666666661200 ) ) ;
#6327 = CARTESIAN_POINT ( 'NONE',  ( -2.793185071074506700E-014, 2.000000000000000000, -0.7874999999999947600 ) ) ;
#6328 = DIRECTION ( 'NONE',  ( 1.000000000000000000, 0.0000000000000000000, 0.0000000000000000000 ) ) ;
#6329 = CARTESIAN_POINT ( 'NONE',  ( 1.999999999999998200, -5.810221930991193700E-016, -13.56249999999996400 ) ) ;
#6330 = VERTEX_POINT ( 'NONE', #1560 ) ;
#6331 = CARTESIAN_POINT ( 'NONE',  ( -1.999999999999998200, 2.265986553086565700E-014, -18.11249999999995500 ) ) ;
#6332 = CARTESIAN_POINT ( 'NONE',  ( 4.360980566237754200E-014, -2.000000000000000000, -11.54999999999997100 ) ) ;
#6333 = CARTESIAN_POINT ( 'NONE',  ( 1.545336663013167700, -2.324088772396478200E-016, -1.312499999999996700 ) ) ;
#6334 = ORIENTED_EDGE ( 'NONE', *, *, #8029, .T. ) ;
#6335 = CARTESIAN_POINT ( 'NONE',  ( 1.999999999999998200, 1.336351044127974500E-015, -16.36249999999995800 ) ) ;
#6336 = CARTESIAN_POINT ( 'NONE',  ( 3.773150102647024800E-014, -2.000000000000000000, -3.149999999999990600 ) ) ;
#6337 = CARTESIAN_POINT ( 'NONE',  ( -1.999999999999997100, 0.5358983848622117500, -16.65626073911692400 ) ) ;
#6338 = CARTESIAN_POINT ( 'NONE',  ( 1.784401076758500100, 2.503007529540795900E-014, -8.924999999999974100 ) ) ;
#6339 =( BOUNDED_CURVE ( )  B_SPLINE_CURVE ( 2, ( #5700, #2037, #3915, #6981, #6336, #1361, #2653, #741, #1921 ),
 .UNSPECIFIED., .F., .T. ) 
 B_SPLINE_CURVE_WITH_KNOTS ( ( 3, 2, 2, 2, 3 ),
 ( 0.1544117647058824400, 0.1568627450980392100, 0.1617647058823529500, 0.1666666666666666600, 0.1691176470588236200 ),
 .UNSPECIFIED. ) 
 CURVE ( )  GEOMETRIC_REPRESENTATION_ITEM ( )  RATIONAL_B_SPLINE_CURVE ( ( 0.9330127018922194100, 0.9330127018922220700, 1.000000000000000000, 0.8660254037844387100, 1.000000000000000000, 0.8660254037844387100, 1.000000000000000000, 0.9330127018922167400, 0.9330127018922194100 ) ) 
 REPRESENTATION_ITEM ( '' )  );
#6340 = CARTESIAN_POINT ( 'NONE',  ( 1.338300807568854100, 0.7726683315066206200, -14.55416666666662800 ) ) ;
#6341 = VECTOR ( 'NONE', #221, 1000.000000000000000 ) ;
#6342 = ORIENTED_EDGE ( 'NONE', *, *, #6051, .F. ) ;
#6343 = CARTESIAN_POINT ( 'NONE',  ( 1.154700538379280100, -1.999999999999983300, -2.391666666666659100 ) ) ;
#6344 = CARTESIAN_POINT ( 'NONE',  ( 1.784401076758500100, 2.503007529540795600E-014, -18.81249999999995400 ) ) ;
#6345 = CARTESIAN_POINT ( 'NONE',  ( 1.732050807568863200, 1.000000000000024400, -19.71666666666661900 ) ) ;
#6346 = EDGE_LOOP ( 'NONE', ( #1081, #2417, #2034, #4317 ) ) ;
#6347 = CARTESIAN_POINT ( 'NONE',  ( 1.545336663013169100, 4.677228654447910900E-015, -11.11249999999997200 ) ) ;
#6348 = EDGE_CURVE ( 'NONE', #7527, #3062, #972, .T. ) ;
#6349 = DIRECTION ( 'NONE',  ( 1.000000000000000000, 0.0000000000000000000, 0.0000000000000000000 ) ) ;
#6350 = ORIENTED_EDGE ( 'NONE', *, *, #4138, .F. ) ;
#6351 = CARTESIAN_POINT ( 'NONE',  ( 1.338300807568889400, -0.7726683315065595600, -4.083333333333320600 ) ) ;
#6352 = CARTESIAN_POINT ( 'NONE',  ( -2.309401076758502900, -3.267715314911616300E-014, -18.11249999999995100 ) ) ;
#6353 = ORIENTED_EDGE ( 'NONE', *, *, #4437, .T. ) ;
#6354 = B_SPLINE_CURVE_WITH_KNOTS ( 'NONE', 3,
 ( #1997, #7649, #3903, #1381, #5815, #3410, #2198, #1561, #7164, #7217, #6547, #5256, #332, #4079, #904, #305, #2832, #5283 ),
 .UNSPECIFIED., .F., .F.,
 ( 4, 2, 2, 2, 2, 2, 2, 2, 4 ),
 ( 0.0000000000000000000, 0.0005000309798622525800, 0.001000061959724505200, 0.001500092939586757800, 0.002000123919449010300, 0.002500154899311262700, 0.003000185879173515500, 0.003500216859035768300, 0.004000247838898020700 ),
 .UNSPECIFIED. ) ;
#6355 = VERTEX_POINT ( 'NONE', #210 ) ;
#6356 = CARTESIAN_POINT ( 'NONE',  ( -0.8922005383793195600, 1.545336663013127600, -17.87916666666662000 ) ) ;
#6357 = CARTESIAN_POINT ( 'NONE',  ( -1.732050807568891800, 0.9999999999999742400, -3.470833333333321700 ) ) ;
#6358 = DIRECTION ( 'NONE',  ( 0.0000000000000000000, 0.0000000000000000000, 1.000000000000000000 ) ) ;
#6359 = DIRECTION ( 'NONE',  ( 0.0000000000000000000, 0.0000000000000000000, 1.000000000000000000 ) ) ;
#6360 = CYLINDRICAL_SURFACE ( 'NONE', #6495, 1.545336663013167300 ) ;
#6361 = EDGE_CURVE ( 'NONE', #3236, #6456, #4204, .T. ) ;
#6362 =( BOUNDED_CURVE ( )  B_SPLINE_CURVE ( 2, ( #2402, #5552, #3194, #4493, #1877, #8, #1903, #1988, #2500 ),
 .UNSPECIFIED., .F., .F. ) 
 B_SPLINE_CURVE_WITH_KNOTS ( ( 3, 2, 2, 2, 3 ),
 ( 0.7132352941176471900, 0.7156862745098039300, 0.7205882352941176400, 0.7254901960784313500, 0.7279411764705883100 ),
 .UNSPECIFIED. ) 
 CURVE ( )  GEOMETRIC_REPRESENTATION_ITEM ( )  RATIONAL_B_SPLINE_CURVE ( ( 0.9330127018922194100, 0.9330127018922224100, 1.000000000000000000, 0.8660254037844387100, 1.000000000000000000, 0.8660254037844387100, 1.000000000000000000, 0.9330127018922163000, 0.9330127018922194100 ) ) 
 REPRESENTATION_ITEM ( '' )  );
#6363 =( BOUNDED_CURVE ( )  B_SPLINE_CURVE ( 2, ( #1345, #5830, #3312, #1373, #7693, #178, #4577, #808, #3195 ),
 .UNSPECIFIED., .F., .F. ) 
 B_SPLINE_CURVE_WITH_KNOTS ( ( 3, 2, 2, 2, 3 ),
 ( 0.1397058823529412600, 0.1421568627450980300, 0.1470588235294117700, 0.1519607843137254800, 0.1544117647058824400 ),
 .UNSPECIFIED. ) 
 CURVE ( )  GEOMETRIC_REPRESENTATION_ITEM ( )  RATIONAL_B_SPLINE_CURVE ( ( 0.9330127018922194100, 0.9330127018922216300, 1.000000000000000000, 0.8660254037844387100, 1.000000000000000000, 0.8660254037844387100, 1.000000000000000000, 0.9330127018922167400, 0.9330127018922194100 ) ) 
 REPRESENTATION_ITEM ( '' )  );
#6364 = ORIENTED_EDGE ( 'NONE', *, *, #1320, .T. ) ;
#6365 = DIRECTION ( 'NONE',  ( -0.0000000000000000000, -0.0000000000000000000, -1.000000000000000000 ) ) ;
#6366 = CARTESIAN_POINT ( 'NONE',  ( -3.899680531971800300E-014, 1.545336663013167300, -10.93749999999997200 ) ) ;
#6367 = PERSON_AND_ORGANIZATION ( #8118, #275 ) ;
#6368 = ADVANCED_FACE ( 'NONE', ( #1943 ), #284, .T. ) ;
#6369 = CARTESIAN_POINT ( 'NONE',  ( 1.999999999999998200, 1.911563015296102800E-014, -21.26249999999994600 ) ) ;
#6370 = CARTESIAN_POINT ( 'NONE',  ( 0.0000000000000000000, 0.0000000000000000000, 0.0000000000000000000 ) ) ;
#6371 = CARTESIAN_POINT ( 'NONE',  ( 1.338300807568892900, -0.7726683315065532300, -17.38333333333329000 ) ) ;
#6372 = CARTESIAN_POINT ( 'NONE',  ( 1.338300807568886300, -0.7726683315065647800, -11.78333333333330100 ) ) ;
#6373 = CARTESIAN_POINT ( 'NONE',  ( -1.999999999999998200, 2.265986553086565700E-014, -18.72499999999995900 ) ) ;
#6374 = ORIENTED_EDGE ( 'NONE', *, *, #1591, .T. ) ;
#6375 = CARTESIAN_POINT ( 'NONE',  ( 1.732050807568891200, -0.9999999999999753500, -0.2333333333333309500 ) ) ;
#6376 = CARTESIAN_POINT ( 'NONE',  ( -0.8922005383792724900, 1.545336663013154900, -17.87916666666662000 ) ) ;
#6377 = CARTESIAN_POINT ( 'NONE',  ( 2.817678007057453100E-014, -2.000000000000000000, -21.34999999999994500 ) ) ;
#6378 = AXIS2_PLACEMENT_3D ( 'NONE', #5463, #2919, #7303 ) ;
#6379 = DATE_AND_TIME ( #1053, #8030 ) ;
#6380 = CARTESIAN_POINT ( 'NONE',  ( -1.545336663013167300, 0.0000000000000000000, 0.0000000000000000000 ) ) ;
#6381 = CARTESIAN_POINT ( 'NONE',  ( -1.732050807568855400, -1.000000000000037700, -8.166666666666644800 ) ) ;
#6382 = ORIENTED_EDGE ( 'NONE', *, *, #6107, .T. ) ;
#6383 = CARTESIAN_POINT ( 'NONE',  ( -1.154700538379222800, -2.000000000000016400, -18.69583333333328300 ) ) ;
#6384 = FACE_OUTER_BOUND ( 'NONE', #2111, .T. ) ;
#6385 = CARTESIAN_POINT ( 'NONE',  ( -1.999999999999998200, -3.892848693764099900E-015, -8.924999999999977600 ) ) ;
#6386 = CARTESIAN_POINT ( 'NONE',  ( -1.154700538379222800, -2.000000000000016400, -1.895833333333325700 ) ) ;
#6387 = CARTESIAN_POINT ( 'NONE',  ( -6.247135340224450500E-014, 1.545336663013167300, -13.73749999999996500 ) ) ;
#6388 = CYLINDRICAL_SURFACE ( 'NONE', #4004, 1.545336663013167300 ) ;
#6389 = CARTESIAN_POINT ( 'NONE',  ( 1.545336663013169100, -0.4140717108885665900, -13.85626073911692800 ) ) ;
#6390 = CARTESIAN_POINT ( 'NONE',  ( -1.154700538379289000, 1.999999999999978500, -4.141666666666655100 ) ) ;
#6391 = CARTESIAN_POINT ( 'NONE',  ( 4.429769486096039700E-014, -1.545336663013167300, -10.49999999999997200 ) ) ;
#6392 = CARTESIAN_POINT ( 'NONE',  ( 1.545336663013166200, 1.243387493232115400E-014, -14.52499999999996300 ) ) ;
#6393 = CARTESIAN_POINT ( 'NONE',  ( 0.8922005383792283000, 1.545336663013179700, -12.30833333333329800 ) ) ;
#6394 = EDGE_CURVE ( 'NONE', #471, #4821, #1014, .T. ) ;
#6395 = CARTESIAN_POINT ( 'NONE',  ( -1.545336663013167700, 1.162044386198239100E-016, -1.574999999999996200 ) ) ;
#6396 = DIRECTION ( 'NONE',  ( -0.0000000000000000000, -0.0000000000000000000, -1.000000000000000000 ) ) ;
#6397 = EDGE_LOOP ( 'NONE', ( #7714, #8093, #7428, #2652 ) ) ;
#6398 = CARTESIAN_POINT ( 'NONE',  ( 2.309401076758502900, 3.239433308545618900E-014, -3.674999999999989600 ) ) ;
#6399 = CARTESIAN_POINT ( 'NONE',  ( 1.338300807568864300, 0.7726683315066025200, -17.35416666666662200 ) ) ;
#6400 = CARTESIAN_POINT ( 'NONE',  ( 1.154700538379221000, 2.000000000000017300, -1.458333333333327900 ) ) ;
#6401 = ORIENTED_EDGE ( 'NONE', *, *, #5495, .F. ) ;
#6402 = CARTESIAN_POINT ( 'NONE',  ( -0.8922005383792950300, 1.545336663013141300, -13.59166666666663100 ) ) ;
#6403 = CARTESIAN_POINT ( 'NONE',  ( -2.000000000000005300, 0.5358983848622107500, -20.85626073911691900 ) ) ;
#6404 = CARTESIAN_POINT ( 'NONE',  ( -1.154700538379280800, 1.999999999999983100, -17.52916666666661900 ) ) ;
#6405 = APPLICATION_PROTOCOL_DEFINITION ( 'international standard', 'config_control_design', 1994, #3899 ) ;
#6406 = ADVANCED_FACE ( 'NONE', ( #1065 ), #4318, .T. ) ;
#6407 = EDGE_CURVE ( 'NONE', #6988, #4285, #4230, .T. ) ;
#6408 = CARTESIAN_POINT ( 'NONE',  ( -2.000000000000000000, -2.672702088255949100E-015, -5.424999999999986500 ) ) ;
#6409 = CARTESIAN_POINT ( 'NONE',  ( 1.732050807568891200, -0.9999999999999753500, -3.120833333333322500 ) ) ;
#6410 = CARTESIAN_POINT ( 'NONE',  ( 1.500000000000000000, 0.8660254037844396000, -26.00000000000000000 ) ) ;
#6411 = CARTESIAN_POINT ( 'NONE',  ( 1.545336663013172000, 1.504847480126719400E-014, -20.82499999999995000 ) ) ;
#6412 = ORIENTED_EDGE ( 'NONE', *, *, #2026, .T. ) ;
#6413 = CARTESIAN_POINT ( 'NONE',  ( -1.732050807568853400, -1.000000000000041300, -13.15416666666663100 ) ) ;
#6414 = CARTESIAN_POINT ( 'NONE',  ( 1.545336663013166200, 1.467081037575276500E-014, -21.52499999999994200 ) ) ;
#6415 = CARTESIAN_POINT ( 'NONE',  ( 1.999999999999998200, 1.708205247711410800E-014, -18.46249999999995600 ) ) ;
#6416 = ORIENTED_EDGE ( 'NONE', *, *, #4508, .F. ) ;
#6417 = CARTESIAN_POINT ( 'NONE',  ( -1.545336663013168600, 0.4140717108885586500, -14.20626073911693000 ) ) ;
#6418 = CARTESIAN_POINT ( 'NONE',  ( -1.154700538379219500, -2.000000000000018200, -2.595833333333323400 ) ) ;
#6419 = CARTESIAN_POINT ( 'NONE',  ( 0.8922005383792283000, 1.545336663013179700, -11.60833333333330200 ) ) ;
#6420 = CARTESIAN_POINT ( 'NONE',  ( -1.732050807568895200, 0.9999999999999690200, -13.88333333333329700 ) ) ;
#6421 = CARTESIAN_POINT ( 'NONE',  ( -1.999999999999998200, -2.963213184805508800E-015, -7.524999999999982600 ) ) ;
#6422 = LINE ( 'NONE', #7209, #695 ) ;
#6423 = CARTESIAN_POINT ( 'NONE',  ( 1.732050807568891200, -0.9999999999999753500, -5.133333333333318600 ) ) ;
#6424 = CARTESIAN_POINT ( 'NONE',  ( -0.8922005383792279700, -1.545336663013180200, -17.64583333333329300 ) ) ;
#6425 = VERTEX_POINT ( 'NONE', #1663 ) ;
#6426 = DIRECTION ( 'NONE',  ( -1.000000000000000000, 0.0000000000000000000, 0.0000000000000000000 ) ) ;
#6427 = DIRECTION ( 'NONE',  ( 0.0000000000000000000, 0.0000000000000000000, 1.000000000000000000 ) ) ;
#6428 = CARTESIAN_POINT ( 'NONE',  ( -2.000000000000000000, 2.449293598294706400E-016, -22.00000000000000000 ) ) ;
#6429 = CARTESIAN_POINT ( 'NONE',  ( 1.154700538379223000, 2.000000000000016000, -15.45833333333329700 ) ) ;
#6430 = CARTESIAN_POINT ( 'NONE',  ( 1.154700538379171500, 2.000000000000046200, -21.05833333333328000 ) ) ;
#6431 = CARTESIAN_POINT ( 'NONE',  ( -1.732050807568891800, 0.9999999999999742400, -16.07083333333329000 ) ) ;
#6432 = FACE_OUTER_BOUND ( 'NONE', #6469, .T. ) ;
#6433 =( LENGTH_UNIT ( ) NAMED_UNIT ( * ) SI_UNIT ( .MILLI., .METRE. ) );
#6434 = VERTEX_POINT ( 'NONE', #7883 ) ;
#6435 = CARTESIAN_POINT ( 'NONE',  ( 1.999999999999998200, -5.810221930991193700E-016, -14.17499999999996700 ) ) ;
#6436 = CARTESIAN_POINT ( 'NONE',  ( -1.999999999999997300, -0.5358983848622780300, -8.893739260883014800 ) ) ;
#6437 = CARTESIAN_POINT ( 'NONE',  ( -1.732050807568862800, -1.000000000000025100, -2.654166666666656600 ) ) ;
#6438 = CARTESIAN_POINT ( 'NONE',  ( -2.896468678356530000E-014, 1.545336663013167300, -2.537499999999991700 ) ) ;
#6439 = DIRECTION ( 'NONE',  ( 1.000000000000000000, 0.0000000000000000000, 0.0000000000000000000 ) ) ;
#6440 = CIRCLE ( 'NONE', #5481, 3.500000000000000000 ) ;
#6441 = CARTESIAN_POINT ( 'NONE',  ( -1.154700538379169500, -2.000000000000047500, -13.09583333333329800 ) ) ;
#6442 = ORIENTED_EDGE ( 'NONE', *, *, #2288, .F. ) ;
#6443 = EDGE_CURVE ( 'NONE', #5324, #6307, #6780, .T. ) ;
#6444 = LINE ( 'NONE', #5547, #131 ) ;
#6445 = ORIENTED_EDGE ( 'NONE', *, *, #5991, .F. ) ;
#6446 = CARTESIAN_POINT ( 'NONE',  ( 1.338300807568861600, 0.7726683315066073000, -6.154166666666649900 ) ) ;
#6447 =( BOUNDED_CURVE ( )  B_SPLINE_CURVE ( 2, ( #3514, #2778, #7893, #380, #4733, #4701, #4787, #995, #5419 ),
 .UNSPECIFIED., .F., .F. ) 
 B_SPLINE_CURVE_WITH_KNOTS ( ( 3, 2, 2, 2, 3 ),
 ( 0.7426470588235295500, 0.7450980392156862900, 0.7500000000000000000, 0.7549019607843137100, 0.7573529411764706700 ),
 .UNSPECIFIED. ) 
 CURVE ( )  GEOMETRIC_REPRESENTATION_ITEM ( )  RATIONAL_B_SPLINE_CURVE ( ( 0.9330127018922194100, 0.9330127018922224100, 1.000000000000000000, 0.8660254037844387100, 1.000000000000000000, 0.8660254037844387100, 1.000000000000000000, 0.9330127018922163000, 0.9330127018922194100 ) ) 
 REPRESENTATION_ITEM ( '' )  );
#6448 = ADVANCED_FACE ( 'NONE', ( #481 ), #5692, .T. ) ;
#6449 = EDGE_LOOP ( 'NONE', ( #7004, #2300, #4094 ) ) ;
#6450 = CARTESIAN_POINT ( 'NONE',  ( -2.158205648456237700E-014, 1.545336663013167300, -14.34999999999996200 ) ) ;
#6451 = EDGE_LOOP ( 'NONE', ( #1102, #2112, #4813, #3541 ) ) ;
#6452 = CARTESIAN_POINT ( 'NONE',  ( 1.732050807568843000, 1.000000000000060000, -14.11666666666663200 ) ) ;
#6453 = CARTESIAN_POINT ( 'NONE',  ( -1.732050807568862800, -1.000000000000025100, -5.366666666666651200 ) ) ;
#6454 = CARTESIAN_POINT ( 'NONE',  ( -1.732050807568861200, -1.000000000000028200, -1.954166666666658800 ) ) ;
#6455 = CARTESIAN_POINT ( 'NONE',  ( -0.8922005383792724900, 1.545336663013154900, -11.57916666666663700 ) ) ;
#6456 = VERTEX_POINT ( 'NONE', #6038 ) ;
#6457 = EDGE_CURVE ( 'NONE', #2474, #4008, #5049, .T. ) ;
#6458 = CARTESIAN_POINT ( 'NONE',  ( -3.150000000000003000, 4.071950607164951400E-016, -26.00000000000000000 ) ) ;
#6459 = CARTESIAN_POINT ( 'NONE',  ( 0.0000000000000000000, 0.0000000000000000000, 0.0000000000000000000 ) ) ;
#6460 = VERTEX_POINT ( 'NONE', #2951 ) ;
#6461 = CARTESIAN_POINT ( 'NONE',  ( 1.154700538379280100, -1.999999999999983300, -14.29166666666662900 ) ) ;
#6462 = CARTESIAN_POINT ( 'NONE',  ( -1.732050807568908700, 0.9999999999999451500, -12.48333333333330100 ) ) ;
#6463 = ORIENTED_EDGE ( 'NONE', *, *, #250, .F. ) ;
#6464 = CARTESIAN_POINT ( 'NONE',  ( 1.154700538379223000, 2.000000000000016000, -16.94583333333328700 ) ) ;
#6465 = LINE ( 'NONE', #1594, #5574 ) ;
#6466 = CARTESIAN_POINT ( 'NONE',  ( -1.545336663013166200, -2.963213184805508800E-015, -8.574999999999978000 ) ) ;
#6467 = CARTESIAN_POINT ( 'NONE',  ( -1.540275286705206700, 0.3376062432037004200, -22.00000000000000000 ) ) ;
#6468 = CARTESIAN_POINT ( 'NONE',  ( -1.732050807568891800, 0.9999999999999742400, -4.870833333333319400 ) ) ;
#6469 = EDGE_LOOP ( 'NONE', ( #1384, #1891, #1050, #1256 ) ) ;
#6470 = CARTESIAN_POINT ( 'NONE',  ( 1.154700538379189100, 2.000000000000035500, -16.15833333333329200 ) ) ;
#6471 = CARTESIAN_POINT ( 'NONE',  ( 0.8922005383793151200, -1.545336663013130000, -19.62916666666661300 ) ) ;
#6472 = EDGE_CURVE ( 'NONE', #4248, #5073, #7701, .T. ) ;
#6473 = ORIENTED_EDGE ( 'NONE', *, *, #1015, .F. ) ;
#6475 = DIRECTION ( 'NONE',  ( -0.0000000000000000000, -0.0000000000000000000, -1.000000000000000000 ) ) ;
#6474 = LINE ( 'NONE', #480, #5194 ) ;
#6476 = DIRECTION ( 'NONE',  ( 0.0000000000000000000, 0.0000000000000000000, 1.000000000000000000 ) ) ;
#6477 = CARTESIAN_POINT ( 'NONE',  ( 0.8922005383792283000, 1.545336663013179700, -10.90833333333330500 ) ) ;
#6478 = CARTESIAN_POINT ( 'NONE',  ( 1.999999999999998200, 0.5358983848622903600, -14.23123926088300300 ) ) ;
#6479 = ORIENTED_EDGE ( 'NONE', *, *, #5172, .T. ) ;
#6480 = CARTESIAN_POINT ( 'NONE',  ( 2.177130564435878500E-014, -1.545336663013167300, -13.38749999999996600 ) ) ;
#6481 = LINE ( 'NONE', #6999, #657 ) ;
#6482 = ORIENTED_EDGE ( 'NONE', *, *, #2012, .T. ) ;
#6483 = DIRECTION ( 'NONE',  ( -0.0000000000000000000, -0.0000000000000000000, -1.000000000000000000 ) ) ;
#6484 = CARTESIAN_POINT ( 'NONE',  ( 1.732050807568843400, 1.000000000000059300, -12.10416666666663400 ) ) ;
#6485 = CARTESIAN_POINT ( 'NONE',  ( 1.732050807568863200, 1.000000000000024400, -14.11666666666663200 ) ) ;
#6486 = CARTESIAN_POINT ( 'NONE',  ( -1.732050807568851700, -1.000000000000044600, -19.36666666666661700 ) ) ;
#6487 = CARTESIAN_POINT ( 'NONE',  ( 2.309401076758502900, 3.239433308545619500E-014, -19.86249999999994400 ) ) ;
#6488 = APPROVAL_ROLE ( '' ) ;
#6489 = CARTESIAN_POINT ( 'NONE',  ( -2.000000000000000000, 2.449293598294706400E-016, -22.00000000000000000 ) ) ;
#6490 = ADVANCED_FACE ( 'NONE', ( #2620 ), #7255, .T. ) ;
#6491 = CARTESIAN_POINT ( 'NONE',  ( 1.784401076758500100, 2.503007529540795600E-014, -1.312499999999994900 ) ) ;
#6492 = CARTESIAN_POINT ( 'NONE',  ( -1.545336663013166200, -8.599128457866965900E-015, -20.47499999999994800 ) ) ;
#6493 = CARTESIAN_POINT ( 'NONE',  ( -1.732050807568862800, -1.000000000000025100, -4.754166666666651300 ) ) ;
#6494 = CARTESIAN_POINT ( 'NONE',  ( 0.0000000000000000000, 0.0000000000000000000, -22.00000000000000000 ) ) ;
#6495 = AXIS2_PLACEMENT_3D ( 'NONE', #3551, #2882, #1665 ) ;
#6496 = CARTESIAN_POINT ( 'NONE',  ( -1.999999999999998200, -2.399621657499362800E-014, -15.92499999999996000 ) ) ;
#6497 = ORIENTED_EDGE ( 'NONE', *, *, #5370, .T. ) ;
#6498 =( BOUNDED_CURVE ( )  B_SPLINE_CURVE ( 2, ( #362, #7878, #5400, #1612, #6661, #7267, #3525, #834, #5119 ),
 .UNSPECIFIED., .F., .F. ) 
 B_SPLINE_CURVE_WITH_KNOTS ( ( 3, 2, 2, 2, 3 ),
 ( 0.6691176470588235900, 0.6715686274509803400, 0.6764705882352941600, 0.6813725490196078600, 0.6838235294117648300 ),
 .UNSPECIFIED. ) 
 CURVE ( )  GEOMETRIC_REPRESENTATION_ITEM ( )  RATIONAL_B_SPLINE_CURVE ( ( 0.9330127018922194100, 0.9330127018922224100, 1.000000000000000000, 0.8660254037844387100, 1.000000000000000000, 0.8660254037844387100, 1.000000000000000000, 0.9330127018922163000, 0.9330127018922194100 ) ) 
 REPRESENTATION_ITEM ( '' )  );
#6499 = CARTESIAN_POINT ( 'NONE',  ( 0.0000000000000000000, 0.0000000000000000000, -22.00000000000000000 ) ) ;
#6500 = ORIENTED_EDGE ( 'NONE', *, *, #2916, .T. ) ;
#6501 = CARTESIAN_POINT ( 'NONE',  ( -0.8922005383792796000, 1.545336663013150200, -5.279166666666651700 ) ) ;
#6502 = DIRECTION ( 'NONE',  ( -0.0000000000000000000, -0.0000000000000000000, -1.000000000000000000 ) ) ;
#6503 = CARTESIAN_POINT ( 'NONE',  ( -1.338300807568886700, 0.7726683315065640000, -17.73333333333328800 ) ) ;
#6504 = EDGE_CURVE ( 'NONE', #7549, #4073, #6265, .T. ) ;
#6505 = CARTESIAN_POINT ( 'NONE',  ( 0.0000000000000000000, 0.0000000000000000000, -22.00000000000000000 ) ) ;
#6506 = CARTESIAN_POINT ( 'NONE',  ( -1.154700538379221000, -2.000000000000017300, -1.108333333333328700 ) ) ;
#6507 = CARTESIAN_POINT ( 'NONE',  ( -0.8922005383792279700, -1.545336663013180200, -10.64583333333330700 ) ) ;
#6508 = DIRECTION ( 'NONE',  ( -0.0000000000000000000, -0.0000000000000000000, -1.000000000000000000 ) ) ;
#6509 = ORIENTED_EDGE ( 'NONE', *, *, #8106, .T. ) ;
#6510 = CARTESIAN_POINT ( 'NONE',  ( -1.999999999999998200, -1.121372832681300300E-014, -20.82499999999995000 ) ) ;
#6511 = CARTESIAN_POINT ( 'NONE',  ( 2.309401076758502900, 3.239433308545618900E-014, -13.47499999999996600 ) ) ;
#6512 = CARTESIAN_POINT ( 'NONE',  ( -0.8922005383791838900, -1.545336663013205500, -19.04583333333328100 ) ) ;
#6513 = CARTESIAN_POINT ( 'NONE',  ( 2.817678007057453700E-014, -2.000000000000000000, -21.43749999999994300 ) ) ;
#6514 = CARTESIAN_POINT ( 'NONE',  ( 1.999999999999998200, 0.0000000000000000000, -13.47499999999996800 ) ) ;
#6515 = EDGE_CURVE ( 'NONE', #2681, #6874, #3600, .T. ) ;
#6516 =( BOUNDED_CURVE ( )  B_SPLINE_CURVE ( 2, ( #4575, #5214, #3252, #5915, #2099, #840, #3369, #4545, #4011 ),
 .UNSPECIFIED., .F., .F. ) 
 B_SPLINE_CURVE_WITH_KNOTS ( ( 3, 2, 2, 2, 3 ),
 ( 0.7573529411764706700, 0.7598039215686274200, 0.7647058823529411200, 0.7696078431372549400, 0.7720588235294119100 ),
 .UNSPECIFIED. ) 
 CURVE ( )  GEOMETRIC_REPRESENTATION_ITEM ( )  RATIONAL_B_SPLINE_CURVE ( ( 0.9330127018922194100, 0.9330127018922224100, 1.000000000000000000, 0.8660254037844387100, 1.000000000000000000, 0.8660254037844387100, 1.000000000000000000, 0.9330127018922163000, 0.9330127018922194100 ) ) 
 REPRESENTATION_ITEM ( '' )  );
#6517 = EDGE_LOOP ( 'NONE', ( #2970, #7583 ) ) ;
#6518 = CARTESIAN_POINT ( 'NONE',  ( 1.338300807568886300, -0.7726683315065647800, -0.6708333333333295100 ) ) ;
#6519 = CARTESIAN_POINT ( 'NONE',  ( -1.545336663013160900, -0.4140717108886150000, -20.44373926088298900 ) ) ;
#6520 = VECTOR ( 'NONE', #2939, 1000.000000000000000 ) ;
#6521 = CARTESIAN_POINT ( 'NONE',  ( -1.545336663013168600, -0.4140717108885972300, -6.443739260883020000 ) ) ;
#6522 = CARTESIAN_POINT ( 'NONE',  ( 2.309401076758502900, 3.239433308545619500E-014, -6.562499999999981300 ) ) ;
#6523 = CARTESIAN_POINT ( 'NONE',  ( 2.953243426295453800E-014, -1.545336663013167300, -3.587499999999989300 ) ) ;
#6524 = VERTEX_POINT ( 'NONE', #2401 ) ;
#6525 = VERTEX_POINT ( 'NONE', #4262 ) ;
#6526 =( BOUNDED_SURFACE ( )  B_SPLINE_SURFACE ( 1, 2, ( 
 ( #3041, #598, #8050, #2509, #6847, #5666, #6922, #3709, #3095, #3652, #553, #4955, #3067, #4299, #8097, #576, #527, #4934, #1143, #4978, #5558, #1780, #4365, #6202, #1189, #1837, #2408, #6248, #6822, #2450, #7435, #7477, #3735, #8125, #5166, #3173, #6327, #1264, #5138, #4504, #1912, #3790, #3203, #5816, #5691, #1352, #4413, #1382, #4475, #3904, #4443, #7026, #677, #2559, #1998, #6386, #7623, #7055, #5082, #7560, #94, #705, #7536, #2031, #3875, #126, #3816, #7000, #6437, #731, #2533, #1325, #4529, #44, #5786, #7592, #6409, #6948, #2617, #17, #7650, #1291, #6357, #3266, #5719, #1941, #3843, #6975, #72, #5753, #649, #2645, #766, #5052, #5109, #1966, #2591, #3234, #877, #7707, #212, #1444, #3994, #1533, #6493, #2149, #6468, #7080, #1471, #5868, #5284, #7165, #4558, #2056, #7794, #5929, #4051, #5317, #906, #2672, #4023, #3354, #6581, #850, #4620, #2084, #7734, #3323, #245, #7674, #5959, #820, #1502, #279, #7105, #6522, #6548, #3961, #188, #5225, #4686, #5257, #5897, #2767, #3411, #2176, #2705, #2797, #789, #4652, #3293, #2120, #2735, #3934, #7138, #5841, #3383, #156, #7765, #4589, #5198, #1413, #2833, #5986, #933, #4906, #4268, #1562, #3443, #2955, #6796, #1751, #1084, #1114, #4081, #4929, #4243, #3648, #4112, #3016, #334, #2324, #6173, #6146, #7369, #6817, #4851, #7218, #8020, #473, #7193, #1775, #3632, #8047, #3469, #6773, #6198, #497, #2200, #5504, #4294, #7859, #5528, #7345, #2378, #6611, #7400, #7829, #524, #1066, #6120, #1137, #5479, #1692, #3605, #6745, #7990, #1724, #307, #2405, #5555, #4718, #5347, #4877, #2353, #2994, #615, #7454, #8115, #1185, #3730, #1258, #6241, #1879, #6217, #6843, #1210, #5604, #5016, #6917, #4320, #1799, #7530, #5658, #3785, #5046, #643, #2427, #3753, #3089, #6319, #594, #4358, #1830, #7473, #3063, #8143, #7427, #5688, #573, #1237, #11, #6869, #6270, #6292, #3703, #8091, #4973, #4406, #4999, #5628, #2504, #3138, #1908, #2446, #2529, #548, #4386, #3038, #1853, #2473, #3673, #6892, #5581, #3115, #8067, #7502, #4334, #4951, #1162, #2555, #5714, #673, #4525, #3898, #1285, #3162, #2583, #6431, #1376, #725, #760, #3811, #4551, #3867, #3284, #3836, #2640, #67, #1963, #5810, #5782, #7020, #6464, #4470, #6969, #7646, #92, #6945, #1407, #3257, #7669, #3199, #6404, #5834, #118, #1935, #5131, #3930, #7585, #5159, #6995, #2023, #6352, #7049, #7557, #153, #697, #5746, #784, #5106, #1318, #3230, #6383, #7617, #1349, #39, #2051, #5193, #4435, #5075, #4497, #1991, #2612, #272, #7097, #7757, #844, #3375, #926, #5893, #1526, #5859, #6487, #870, #5246, #4676, #6575, #3955, #1437, #7186, #5312, #3435, #4712, #297, #2076, #3405, #2730, #5981, #237, #4018, #1464, #7132, #2697, #7786, #7077, #5338, #205, #897, #7823, #6513, #5921, #5949, #3346, #7729, #4615, #4072, #4642, #5279, #2170, #2792, #1555, #2108, #2194, #182, #4043, #2665, #1494, #2140 ),
 ( #3319, #7698, #5220, #4582, #6539, #813, #3983, #2759, #7159, #3462, #4208, #3523, #2924, #3494, #6089, #7877, #1611, #1033, #5428, #6688, #6112, #4137, #6632, #7284, #7903, #6602, #1058, #2901, #7310, #2225, #6061, #5470, #7928, #1579, #390, #3565, #2850, #4820, #2250, #3545, #5367, #5445, #2824, #6712, #7241, #5396, #4179, #361, #4766, #2874, #983, #6033, #4795, #7851, #1682, #2292, #416, #7954, #6659, #436, #4844, #1659, #7266, #4159, #1003, #1636, #7211, #2273, #4104, #6007, #325, #4741, #954, #4310, #6210, #3594, #1077, #6831, #4943, #3052, #4329, #8082, #5494, #3028, #2367, #5596, #8034, #3643, #487, #6787, #1713, #7414, #6734, #563, #8009, #8058, #7447, #6163, #5543, #535, #2339, #6762, #4256, #3690, #3007, #7386, #1154, #5569, #1789, #1101, #4961, #7978, #3663, #2416, #4283, #512, #1174, #5520, #4866, #4919, #1820, #1128, #6135, #7358, #2317, #2980, #3620, #4234, #2945, #7335, #4896, #464, #1764, #1738, #6185, #2392, #6805, #3078, #3826, #3131, #2543, #3102, #5703, #7489, #1229, #664, #5036, #6309, #5731, #3744, #6259, #6936, #7518, #6232, #686, #2519, #6959, #1846, #5677, #5093, #7548, #1200, #1, #3186, #2462, #4425, #1869, #3149, #4988, #5065, #2439, #6338, #6884, #5009, #3800, #8137, #4376, #2493, #605, #5644, #4400, #7465, #1306, #1924, #27, #7572, #6287, #55, #4457, #1274, #6907, #3770, #635, #1247, #6856, #1895, #3720, #5621, #8104, #4347, #585, #3944, #5849, #3218, #714, #6477, #4567, #2682, #3970, #7720, #5120, #2655, #2011, #5233, #7659, #3274, #107, #6419, #1338, #7064, #6372, #197, #7633, #7686, #7089, #5800, #5179, #167, #1980, #6393, #3888, #3334, #2629, #7039, #799, #5211, #1425, #744, #4601, #7604, #3306, #2066, #3917, #138, #832, #5146, #4486, #4538, #1456, #775, #5770, #7007, #1951, #2601, #3244, #3854, #2569, #6983, #4512, #80, #1393, #1363, #5822, #2040, #6450, #2716, #3480, #2777, #2211, #2745, #5355, #7146, #887, #315, #4700, #5968, #5385, #3393, #5909, #6591, #7174, #5879, #346, #2183, #6620, #1481, #5327, #4756, #7202, #859, #7807, #2842, #2130, #4090, #1515, #2810, #4632, #4732, #2094, #5994, #6530, #4664, #3452, #7774, #4035, #2160, #259, #5297, #4061, #7118, #973, #1570, #7840, #7228, #5939, #7865, #4125, #943, #6561, #3422, #286, #916, #6503, #1543, #3364, #5267, #7743, #4006, #225, #3582, #5485, #2862, #379, #6127, #4227, #2330, #3610, #7350, #4784, #2309, #1653, #4883, #7299, #2915, #7918, #6079, #994, #6722, #6020, #7996, #7277, #7324, #6753, #5439, #4834, #7966, #1628, #6050, #3540, #2963, #2284, #6703, #456, #4857, #1069, #406, #4247, #7259, #2936, #1699, #3557, #7948, #479, #4810, #4151, #4198, #1089, #428, #5418, #6680, #1597, #2264, #2888, #3512, #2241, #6649, #4170, #7892, #1047, #1019, #5458, #1673, #6102, #5510, #6798, #4275, #2384, #3002, #6178, #7375, #3636, #1754, #500, #4915, #1730, #8025, #1121, #5534, #6151 ) ),
 .UNSPECIFIED., .F., .F., .F. ) 
 B_SPLINE_SURFACE_WITH_KNOTS ( ( 2, 2 ),
 ( 3, 2, 2, 2, 2, 2, 2, 2, 2, 2, 2, 2, 2, 2, 2, 2, 2, 2, 2, 2, 2, 2, 2, 2, 2, 2, 2, 2, 2, 2, 2, 2, 2, 2, 2, 2, 2, 2, 2, 2, 2, 2, 2, 2, 2, 2, 2, 2, 2, 2, 2, 2, 2, 2, 2, 2, 2, 2, 2, 2, 2, 2, 2, 2, 2, 2, 2, 2, 2, 2, 2, 2, 2, 2, 2, 2, 2, 2, 2, 2, 2, 2, 2, 2, 2, 2, 2, 2, 2, 2, 2, 2, 2, 2, 2, 2, 2, 2, 2, 2, 2, 2, 2, 2, 2, 2, 2, 2, 2, 2, 2, 2, 2, 2, 2, 2, 2, 2, 2, 2, 2, 2, 2, 2, 2, 2, 2, 2, 2, 2, 2, 2, 2, 2, 2, 2, 2, 2, 2, 2, 2, 2, 2, 2, 2, 2, 2, 2, 2, 2, 2, 2, 2, 2, 2, 2, 2, 2, 2, 2, 2, 2, 2, 2, 2, 2, 2, 2, 2, 2, 2, 2, 2, 2, 2, 2, 2, 2, 2, 2, 2, 2, 2, 2, 2, 2, 2, 2, 2, 2, 2, 2, 2, 2, 2, 2, 2, 2, 2, 2, 2, 2, 2, 2, 3 ),
 ( 0.0000000000000000000, 1.000000000000000000 ),
 ( 0.0000000000000000000, 0.004901960784313725400, 0.009803921568627450800, 0.01470588235294117600, 0.01960784313725490200, 0.02450980392156862700, 0.02941176470588235300, 0.03431372549019608100, 0.03921568627450980300, 0.04411764705882353200, 0.04901960784313725400, 0.05392156862745098300, 0.05882352941176470500, 0.06372549019607842700, 0.06862745098039216300, 0.07352941176470588500, 0.07843137254901960700, 0.08333333333333332900, 0.08823529411764706500, 0.09313725490196078600, 0.09803921568627450800, 0.1029411764705882300, 0.1078431372549019700, 0.1127450980392156900, 0.1176470588235294100, 0.1225490196078431300, 0.1274509803921568500, 0.1323529411764705900, 0.1372549019607843300, 0.1421568627450980300, 0.1470588235294117700, 0.1519607843137254800, 0.1568627450980392100, 0.1617647058823529500, 0.1666666666666666600, 0.1715686274509803900, 0.1764705882352941300, 0.1813725490196078400, 0.1862745098039215700, 0.1911764705882352800, 0.1960784313725490200, 0.2009803921568627500, 0.2058823529411764600, 0.2107843137254902000, 0.2156862745098039300, 0.2205882352941176400, 0.2254901960784313800, 0.2303921568627450800, 0.2352941176470588200, 0.2401960784313725600, 0.2450980392156862600, 0.2500000000000000000, 0.2549019607843137100, 0.2598039215686274700, 0.2647058823529411800, 0.2696078431372548900, 0.2745098039215686500, 0.2794117647058823600, 0.2843137254901960700, 0.2892156862745098300, 0.2941176470588235400, 0.2990196078431372500, 0.3039215686274509600, 0.3088235294117647200, 0.3137254901960784300, 0.3186274509803921400, 0.3235294117647059000, 0.3284313725490196100, 0.3333333333333333100, 0.3382352941176470800, 0.3431372549019607900, 0.3480392156862744900, 0.3529411764705882600, 0.3578431372549019700, 0.3627450980392156700, 0.3676470588235294400, 0.3725490196078431500, 0.3774509803921568500, 0.3823529411764705600, 0.3872549019607843300, 0.3921568627450980300, 0.3970588235294117400, 0.4019607843137255100, 0.4068627450980392100, 0.4117647058823529200, 0.4166666666666666900, 0.4215686274509803900, 0.4264705882352941000, 0.4313725490196078600, 0.4362745098039215700, 0.4411764705882352800, 0.4460784313725490400, 0.4509803921568627500, 0.4558823529411764600, 0.4607843137254901700, 0.4656862745098039300, 0.4705882352941176400, 0.4754901960784313500, 0.4803921568627451100, 0.4852941176470588200, 0.4901960784313725300, 0.4950980392156862900, 0.5000000000000000000, 0.5049019607843137100, 0.5098039215686274200, 0.5147058823529411200, 0.5196078431372549400, 0.5245098039215686500, 0.5294117647058823600, 0.5343137254901960700, 0.5392156862745097800, 0.5441176470588234800, 0.5490196078431373000, 0.5539215686274510100, 0.5588235294117647200, 0.5637254901960784300, 0.5686274509803921400, 0.5735294117647058400, 0.5784313725490196600, 0.5833333333333333700, 0.5882352941176470800, 0.5931372549019607900, 0.5980392156862744900, 0.6029411764705882000, 0.6078431372549019100, 0.6127450980392157300, 0.6176470588235294400, 0.6225490196078431500, 0.6274509803921568500, 0.6323529411764705600, 0.6372549019607842700, 0.6421568627450980900, 0.6470588235294118000, 0.6519607843137255100, 0.6568627450980392100, 0.6617647058823529200, 0.6666666666666666300, 0.6715686274509803400, 0.6764705882352941600, 0.6813725490196078600, 0.6862745098039215700, 0.6911764705882352800, 0.6960784313725489900, 0.7009803921568627000, 0.7058823529411765200, 0.7107843137254902200, 0.7156862745098039300, 0.7205882352941176400, 0.7254901960784313500, 0.7303921568627450600, 0.7352941176470588800, 0.7401960784313725800, 0.7450980392156862900, 0.7500000000000000000, 0.7549019607843137100, 0.7598039215686274200, 0.7647058823529411200, 0.7696078431372549400, 0.7745098039215686500, 0.7794117647058823600, 0.7843137254901960700, 0.7892156862745097800, 0.7941176470588234800, 0.7990196078431373000, 0.8039215686274510100, 0.8088235294117647200, 0.8137254901960784300, 0.8186274509803921400, 0.8235294117647058400, 0.8284313725490196600, 0.8333333333333333700, 0.8382352941176470800, 0.8431372549019607900, 0.8480392156862744900, 0.8529411764705882000, 0.8578431372549019100, 0.8627450980392157300, 0.8676470588235294400, 0.8725490196078431500, 0.8774509803921568500, 0.8823529411764705600, 0.8872549019607842700, 0.8921568627450980900, 0.8970588235294118000, 0.9019607843137255100, 0.9068627450980392100, 0.9117647058823529200, 0.9166666666666666300, 0.9215686274509803400, 0.9264705882352941600, 0.9313725490196078600, 0.9362745098039215700, 0.9411764705882352800, 0.9460784313725489900, 0.9509803921568627000, 0.9558823529411765200, 0.9607843137254902200, 0.9656862745098039300, 0.9705882352941176400, 0.9754901960784313500, 0.9803921568627450600, 0.9852941176470588800, 0.9901960784313725800, 0.9950980392156862900, 1.000000000000000000 ),
 .UNSPECIFIED. ) 
 GEOMETRIC_REPRESENTATION_ITEM ( )  RATIONAL_B_SPLINE_SURFACE ( (
 ( 1.000000000000000000, 0.8660254037844387100, 1.000000000000000000, 0.8660254037844387100, 1.000000000000000000, 0.8660254037844387100, 1.000000000000000000, 0.8660254037844387100, 1.000000000000000000, 0.8660254037844387100, 1.000000000000000000, 0.8660254037844387100, 1.000000000000000000, 0.8660254037844387100, 1.000000000000000000, 0.8660254037844387100, 1.000000000000000000, 0.8660254037844387100, 1.000000000000000000, 0.8660254037844387100, 1.000000000000000000, 0.8660254037844387100, 1.000000000000000000, 0.8660254037844387100, 1.000000000000000000, 0.8660254037844387100, 1.000000000000000000, 0.8660254037844387100, 1.000000000000000000, 0.8660254037844387100, 1.000000000000000000, 0.8660254037844387100, 1.000000000000000000, 0.8660254037844387100, 1.000000000000000000, 0.8660254037844387100, 1.000000000000000000, 0.8660254037844387100, 1.000000000000000000, 0.8660254037844387100, 1.000000000000000000, 0.8660254037844387100, 1.000000000000000000, 0.8660254037844387100, 1.000000000000000000, 0.8660254037844387100, 1.000000000000000000, 0.8660254037844387100, 1.000000000000000000, 0.8660254037844387100, 1.000000000000000000, 0.8660254037844387100, 1.000000000000000000, 0.8660254037844387100, 1.000000000000000000, 0.8660254037844387100, 1.000000000000000000, 0.8660254037844387100, 1.000000000000000000, 0.8660254037844387100, 1.000000000000000000, 0.8660254037844387100, 1.000000000000000000, 0.8660254037844387100, 1.000000000000000000, 0.8660254037844387100, 1.000000000000000000, 0.8660254037844387100, 1.000000000000000000, 0.8660254037844387100, 1.000000000000000000, 0.8660254037844387100, 1.000000000000000000, 0.8660254037844387100, 1.000000000000000000, 0.8660254037844387100, 1.000000000000000000, 0.8660254037844387100, 1.000000000000000000, 0.8660254037844387100, 1.000000000000000000, 0.8660254037844387100, 1.000000000000000000, 0.8660254037844387100, 1.000000000000000000, 0.8660254037844387100, 1.000000000000000000, 0.8660254037844387100, 1.000000000000000000, 0.8660254037844387100, 1.000000000000000000, 0.8660254037844387100, 1.000000000000000000, 0.8660254037844387100, 1.000000000000000000, 0.8660254037844387100, 1.000000000000000000, 0.8660254037844387100, 1.000000000000000000, 0.8660254037844387100, 1.000000000000000000, 0.8660254037844387100, 1.000000000000000000, 0.8660254037844387100, 1.000000000000000000, 0.8660254037844387100, 1.000000000000000000, 0.8660254037844387100, 1.000000000000000000, 0.8660254037844387100, 1.000000000000000000, 0.8660254037844387100, 1.000000000000000000, 0.8660254037844387100, 1.000000000000000000, 0.8660254037844387100, 1.000000000000000000, 0.8660254037844387100, 1.000000000000000000, 0.8660254037844387100, 1.000000000000000000, 0.8660254037844387100, 1.000000000000000000, 0.8660254037844387100, 1.000000000000000000, 0.8660254037844387100, 1.000000000000000000, 0.8660254037844387100, 1.000000000000000000, 0.8660254037844387100, 1.000000000000000000, 0.8660254037844387100, 1.000000000000000000, 0.8660254037844387100, 1.000000000000000000, 0.8660254037844387100, 1.000000000000000000, 0.8660254037844387100, 1.000000000000000000, 0.8660254037844387100, 1.000000000000000000, 0.8660254037844387100, 1.000000000000000000, 0.8660254037844387100, 1.000000000000000000, 0.8660254037844387100, 1.000000000000000000, 0.8660254037844387100, 1.000000000000000000, 0.8660254037844387100, 1.000000000000000000, 0.8660254037844387100, 1.000000000000000000, 0.8660254037844387100, 1.000000000000000000, 0.8660254037844387100, 1.000000000000000000, 0.8660254037844387100, 1.000000000000000000, 0.8660254037844387100, 1.000000000000000000, 0.8660254037844387100, 1.000000000000000000, 0.8660254037844387100, 1.000000000000000000, 0.8660254037844387100, 1.000000000000000000, 0.8660254037844387100, 1.000000000000000000, 0.8660254037844387100, 1.000000000000000000, 0.8660254037844387100, 1.000000000000000000, 0.8660254037844387100, 1.000000000000000000, 0.8660254037844387100, 1.000000000000000000, 0.8660254037844387100, 1.000000000000000000, 0.8660254037844387100, 1.000000000000000000, 0.8660254037844387100, 1.000000000000000000, 0.8660254037844387100, 1.000000000000000000, 0.8660254037844387100, 1.000000000000000000, 0.8660254037844387100, 1.000000000000000000, 0.8660254037844387100, 1.000000000000000000, 0.8660254037844387100, 1.000000000000000000, 0.8660254037844387100, 1.000000000000000000, 0.8660254037844387100, 1.000000000000000000, 0.8660254037844387100, 1.000000000000000000, 0.8660254037844387100, 1.000000000000000000, 0.8660254037844387100, 1.000000000000000000, 0.8660254037844387100, 1.000000000000000000, 0.8660254037844387100, 1.000000000000000000, 0.8660254037844387100, 1.000000000000000000, 0.8660254037844387100, 1.000000000000000000, 0.8660254037844387100, 1.000000000000000000, 0.8660254037844387100, 1.000000000000000000, 0.8660254037844387100, 1.000000000000000000, 0.8660254037844387100, 1.000000000000000000, 0.8660254037844387100, 1.000000000000000000, 0.8660254037844387100, 1.000000000000000000, 0.8660254037844387100, 1.000000000000000000, 0.8660254037844387100, 1.000000000000000000, 0.8660254037844387100, 1.000000000000000000, 0.8660254037844387100, 1.000000000000000000, 0.8660254037844387100, 1.000000000000000000, 0.8660254037844387100, 1.000000000000000000, 0.8660254037844387100, 1.000000000000000000, 0.8660254037844387100, 1.000000000000000000, 0.8660254037844387100, 1.000000000000000000, 0.8660254037844387100, 1.000000000000000000, 0.8660254037844387100, 1.000000000000000000, 0.8660254037844387100, 1.000000000000000000, 0.8660254037844387100, 1.000000000000000000, 0.8660254037844387100, 1.000000000000000000, 0.8660254037844387100, 1.000000000000000000, 0.8660254037844387100, 1.000000000000000000, 0.8660254037844387100, 1.000000000000000000, 0.8660254037844387100, 1.000000000000000000, 0.8660254037844387100, 1.000000000000000000, 0.8660254037844387100, 1.000000000000000000, 0.8660254037844387100, 1.000000000000000000, 0.8660254037844387100, 1.000000000000000000, 0.8660254037844387100, 1.000000000000000000, 0.8660254037844387100, 1.000000000000000000, 0.8660254037844387100, 1.000000000000000000, 0.8660254037844387100, 1.000000000000000000, 0.8660254037844387100, 1.000000000000000000, 0.8660254037844387100, 1.000000000000000000, 0.8660254037844387100, 1.000000000000000000, 0.8660254037844387100, 1.000000000000000000, 0.8660254037844387100, 1.000000000000000000, 0.8660254037844387100, 1.000000000000000000, 0.8660254037844387100, 1.000000000000000000, 0.8660254037844387100, 1.000000000000000000, 0.8660254037844387100, 1.000000000000000000, 0.8660254037844387100, 1.000000000000000000, 0.8660254037844387100, 1.000000000000000000, 0.8660254037844387100, 1.000000000000000000, 0.8660254037844387100, 1.000000000000000000, 0.8660254037844387100, 1.000000000000000000, 0.8660254037844387100, 1.000000000000000000, 0.8660254037844387100, 1.000000000000000000, 0.8660254037844387100, 1.000000000000000000, 0.8660254037844387100, 1.000000000000000000, 0.8660254037844387100, 1.000000000000000000, 0.8660254037844387100, 1.000000000000000000, 0.8660254037844387100, 1.000000000000000000, 0.8660254037844387100, 1.000000000000000000, 0.8660254037844387100, 1.000000000000000000, 0.8660254037844387100, 1.000000000000000000, 0.8660254037844387100, 1.000000000000000000, 0.8660254037844387100, 1.000000000000000000, 0.8660254037844387100, 1.000000000000000000, 0.8660254037844387100, 1.000000000000000000, 0.8660254037844387100, 1.000000000000000000, 0.8660254037844387100, 1.000000000000000000, 0.8660254037844387100, 1.000000000000000000, 0.8660254037844387100, 1.000000000000000000, 0.8660254037844387100, 1.000000000000000000, 0.8660254037844387100, 1.000000000000000000, 0.8660254037844387100, 1.000000000000000000, 0.8660254037844387100, 1.000000000000000000, 0.8660254037844387100, 1.000000000000000000, 0.8660254037844387100, 1.000000000000000000, 0.8660254037844387100, 1.000000000000000000, 0.8660254037844387100, 1.000000000000000000, 0.8660254037844387100, 1.000000000000000000, 0.8660254037844387100, 1.000000000000000000, 0.8660254037844387100, 1.000000000000000000, 0.8660254037844387100, 1.000000000000000000, 0.8660254037844387100, 1.000000000000000000, 0.8660254037844387100, 1.000000000000000000, 0.8660254037844387100, 1.000000000000000000, 0.8660254037844387100, 1.000000000000000000, 0.8660254037844387100, 1.000000000000000000, 0.8660254037844387100, 1.000000000000000000, 0.8660254037844387100, 1.000000000000000000, 0.8660254037844387100, 1.000000000000000000, 0.8660254037844387100, 1.000000000000000000, 0.8660254037844387100, 1.000000000000000000, 0.8660254037844387100, 1.000000000000000000, 0.8660254037844387100, 1.000000000000000000, 0.8660254037844387100, 1.000000000000000000, 0.8660254037844387100, 1.000000000000000000, 0.8660254037844387100, 1.000000000000000000, 0.8660254037844387100, 1.000000000000000000, 0.8660254037844387100, 1.000000000000000000, 0.8660254037844387100, 1.000000000000000000, 0.8660254037844387100, 1.000000000000000000, 0.8660254037844387100, 1.000000000000000000, 0.8660254037844387100, 1.000000000000000000, 0.8660254037844387100, 1.000000000000000000, 0.8660254037844387100, 1.000000000000000000),
 ( 1.000000000000000000, 0.8660254037844387100, 1.000000000000000000, 0.8660254037844387100, 1.000000000000000000, 0.8660254037844387100, 1.000000000000000000, 0.8660254037844387100, 1.000000000000000000, 0.8660254037844387100, 1.000000000000000000, 0.8660254037844387100, 1.000000000000000000, 0.8660254037844387100, 1.000000000000000000, 0.8660254037844387100, 1.000000000000000000, 0.8660254037844387100, 1.000000000000000000, 0.8660254037844387100, 1.000000000000000000, 0.8660254037844387100, 1.000000000000000000, 0.8660254037844387100, 1.000000000000000000, 0.8660254037844387100, 1.000000000000000000, 0.8660254037844387100, 1.000000000000000000, 0.8660254037844387100, 1.000000000000000000, 0.8660254037844387100, 1.000000000000000000, 0.8660254037844387100, 1.000000000000000000, 0.8660254037844387100, 1.000000000000000000, 0.8660254037844387100, 1.000000000000000000, 0.8660254037844387100, 1.000000000000000000, 0.8660254037844387100, 1.000000000000000000, 0.8660254037844387100, 1.000000000000000000, 0.8660254037844387100, 1.000000000000000000, 0.8660254037844387100, 1.000000000000000000, 0.8660254037844387100, 1.000000000000000000, 0.8660254037844387100, 1.000000000000000000, 0.8660254037844387100, 1.000000000000000000, 0.8660254037844387100, 1.000000000000000000, 0.8660254037844387100, 1.000000000000000000, 0.8660254037844387100, 1.000000000000000000, 0.8660254037844387100, 1.000000000000000000, 0.8660254037844387100, 1.000000000000000000, 0.8660254037844387100, 1.000000000000000000, 0.8660254037844387100, 1.000000000000000000, 0.8660254037844387100, 1.000000000000000000, 0.8660254037844387100, 1.000000000000000000, 0.8660254037844387100, 1.000000000000000000, 0.8660254037844387100, 1.000000000000000000, 0.8660254037844387100, 1.000000000000000000, 0.8660254037844387100, 1.000000000000000000, 0.8660254037844387100, 1.000000000000000000, 0.8660254037844387100, 1.000000000000000000, 0.8660254037844387100, 1.000000000000000000, 0.8660254037844387100, 1.000000000000000000, 0.8660254037844387100, 1.000000000000000000, 0.8660254037844387100, 1.000000000000000000, 0.8660254037844387100, 1.000000000000000000, 0.8660254037844387100, 1.000000000000000000, 0.8660254037844387100, 1.000000000000000000, 0.8660254037844387100, 1.000000000000000000, 0.8660254037844387100, 1.000000000000000000, 0.8660254037844387100, 1.000000000000000000, 0.8660254037844387100, 1.000000000000000000, 0.8660254037844387100, 1.000000000000000000, 0.8660254037844387100, 1.000000000000000000, 0.8660254037844387100, 1.000000000000000000, 0.8660254037844387100, 1.000000000000000000, 0.8660254037844387100, 1.000000000000000000, 0.8660254037844387100, 1.000000000000000000, 0.8660254037844387100, 1.000000000000000000, 0.8660254037844387100, 1.000000000000000000, 0.8660254037844387100, 1.000000000000000000, 0.8660254037844387100, 1.000000000000000000, 0.8660254037844387100, 1.000000000000000000, 0.8660254037844387100, 1.000000000000000000, 0.8660254037844387100, 1.000000000000000000, 0.8660254037844387100, 1.000000000000000000, 0.8660254037844387100, 1.000000000000000000, 0.8660254037844387100, 1.000000000000000000, 0.8660254037844387100, 1.000000000000000000, 0.8660254037844387100, 1.000000000000000000, 0.8660254037844387100, 1.000000000000000000, 0.8660254037844387100, 1.000000000000000000, 0.8660254037844387100, 1.000000000000000000, 0.8660254037844387100, 1.000000000000000000, 0.8660254037844387100, 1.000000000000000000, 0.8660254037844387100, 1.000000000000000000, 0.8660254037844387100, 1.000000000000000000, 0.8660254037844387100, 1.000000000000000000, 0.8660254037844387100, 1.000000000000000000, 0.8660254037844387100, 1.000000000000000000, 0.8660254037844387100, 1.000000000000000000, 0.8660254037844387100, 1.000000000000000000, 0.8660254037844387100, 1.000000000000000000, 0.8660254037844387100, 1.000000000000000000, 0.8660254037844387100, 1.000000000000000000, 0.8660254037844387100, 1.000000000000000000, 0.8660254037844387100, 1.000000000000000000, 0.8660254037844387100, 1.000000000000000000, 0.8660254037844387100, 1.000000000000000000, 0.8660254037844387100, 1.000000000000000000, 0.8660254037844387100, 1.000000000000000000, 0.8660254037844387100, 1.000000000000000000, 0.8660254037844387100, 1.000000000000000000, 0.8660254037844387100, 1.000000000000000000, 0.8660254037844387100, 1.000000000000000000, 0.8660254037844387100, 1.000000000000000000, 0.8660254037844387100, 1.000000000000000000, 0.8660254037844387100, 1.000000000000000000, 0.8660254037844387100, 1.000000000000000000, 0.8660254037844387100, 1.000000000000000000, 0.8660254037844387100, 1.000000000000000000, 0.8660254037844387100, 1.000000000000000000, 0.8660254037844387100, 1.000000000000000000, 0.8660254037844387100, 1.000000000000000000, 0.8660254037844387100, 1.000000000000000000, 0.8660254037844387100, 1.000000000000000000, 0.8660254037844387100, 1.000000000000000000, 0.8660254037844387100, 1.000000000000000000, 0.8660254037844387100, 1.000000000000000000, 0.8660254037844387100, 1.000000000000000000, 0.8660254037844387100, 1.000000000000000000, 0.8660254037844387100, 1.000000000000000000, 0.8660254037844387100, 1.000000000000000000, 0.8660254037844387100, 1.000000000000000000, 0.8660254037844387100, 1.000000000000000000, 0.8660254037844387100, 1.000000000000000000, 0.8660254037844387100, 1.000000000000000000, 0.8660254037844387100, 1.000000000000000000, 0.8660254037844387100, 1.000000000000000000, 0.8660254037844387100, 1.000000000000000000, 0.8660254037844387100, 1.000000000000000000, 0.8660254037844387100, 1.000000000000000000, 0.8660254037844387100, 1.000000000000000000, 0.8660254037844387100, 1.000000000000000000, 0.8660254037844387100, 1.000000000000000000, 0.8660254037844387100, 1.000000000000000000, 0.8660254037844387100, 1.000000000000000000, 0.8660254037844387100, 1.000000000000000000, 0.8660254037844387100, 1.000000000000000000, 0.8660254037844387100, 1.000000000000000000, 0.8660254037844387100, 1.000000000000000000, 0.8660254037844387100, 1.000000000000000000, 0.8660254037844387100, 1.000000000000000000, 0.8660254037844387100, 1.000000000000000000, 0.8660254037844387100, 1.000000000000000000, 0.8660254037844387100, 1.000000000000000000, 0.8660254037844387100, 1.000000000000000000, 0.8660254037844387100, 1.000000000000000000, 0.8660254037844387100, 1.000000000000000000, 0.8660254037844387100, 1.000000000000000000, 0.8660254037844387100, 1.000000000000000000, 0.8660254037844387100, 1.000000000000000000, 0.8660254037844387100, 1.000000000000000000, 0.8660254037844387100, 1.000000000000000000, 0.8660254037844387100, 1.000000000000000000, 0.8660254037844387100, 1.000000000000000000, 0.8660254037844387100, 1.000000000000000000, 0.8660254037844387100, 1.000000000000000000, 0.8660254037844387100, 1.000000000000000000, 0.8660254037844387100, 1.000000000000000000, 0.8660254037844387100, 1.000000000000000000, 0.8660254037844387100, 1.000000000000000000, 0.8660254037844387100, 1.000000000000000000, 0.8660254037844387100, 1.000000000000000000, 0.8660254037844387100, 1.000000000000000000, 0.8660254037844387100, 1.000000000000000000, 0.8660254037844387100, 1.000000000000000000, 0.8660254037844387100, 1.000000000000000000, 0.8660254037844387100, 1.000000000000000000, 0.8660254037844387100, 1.000000000000000000, 0.8660254037844387100, 1.000000000000000000, 0.8660254037844387100, 1.000000000000000000, 0.8660254037844387100, 1.000000000000000000, 0.8660254037844387100, 1.000000000000000000, 0.8660254037844387100, 1.000000000000000000, 0.8660254037844387100, 1.000000000000000000, 0.8660254037844387100, 1.000000000000000000, 0.8660254037844387100, 1.000000000000000000, 0.8660254037844387100, 1.000000000000000000, 0.8660254037844387100, 1.000000000000000000, 0.8660254037844387100, 1.000000000000000000, 0.8660254037844387100, 1.000000000000000000, 0.8660254037844387100, 1.000000000000000000, 0.8660254037844387100, 1.000000000000000000, 0.8660254037844387100, 1.000000000000000000, 0.8660254037844387100, 1.000000000000000000, 0.8660254037844387100, 1.000000000000000000, 0.8660254037844387100, 1.000000000000000000, 0.8660254037844387100, 1.000000000000000000, 0.8660254037844387100, 1.000000000000000000, 0.8660254037844387100, 1.000000000000000000, 0.8660254037844387100, 1.000000000000000000, 0.8660254037844387100, 1.000000000000000000, 0.8660254037844387100, 1.000000000000000000, 0.8660254037844387100, 1.000000000000000000, 0.8660254037844387100, 1.000000000000000000, 0.8660254037844387100, 1.000000000000000000, 0.8660254037844387100, 1.000000000000000000, 0.8660254037844387100, 1.000000000000000000, 0.8660254037844387100, 1.000000000000000000, 0.8660254037844387100, 1.000000000000000000, 0.8660254037844387100, 1.000000000000000000, 0.8660254037844387100, 1.000000000000000000, 0.8660254037844387100, 1.000000000000000000, 0.8660254037844387100, 1.000000000000000000, 0.8660254037844387100, 1.000000000000000000, 0.8660254037844387100, 1.000000000000000000, 0.8660254037844387100, 1.000000000000000000, 0.8660254037844387100, 1.000000000000000000, 0.8660254037844387100, 1.000000000000000000, 0.8660254037844387100, 1.000000000000000000, 0.8660254037844387100, 1.000000000000000000, 0.8660254037844387100, 1.000000000000000000) ) ) 
 REPRESENTATION_ITEM ( '' )  SURFACE ( )  );
#6527 = ORIENTED_EDGE ( 'NONE', *, *, #7967, .F. ) ;
#6528 = ORIENTED_EDGE ( 'NONE', *, *, #7647, .F. ) ;
#6529 = CARTESIAN_POINT ( 'NONE',  ( 1.545336663013167500, 0.4140717108886014500, -5.481239260883020500 ) ) ;
#6530 = CARTESIAN_POINT ( 'NONE',  ( -2.158205648456237700E-014, 1.545336663013167300, -16.44999999999995700 ) ) ;
#6531 = CARTESIAN_POINT ( 'NONE',  ( -2.000000000000000400, -0.5358983848622622700, -1.193739260883031900 ) ) ;
#6532 = CARTESIAN_POINT ( 'NONE',  ( 1.784401076758500100, 2.503007529540795600E-014, -12.51249999999996700 ) ) ;
#6533 = CARTESIAN_POINT ( 'NONE',  ( -1.732050807568907800, 0.9999999999999469300, -9.070833333333309800 ) ) ;
#6534 = ORIENTED_EDGE ( 'NONE', *, *, #460, .F. ) ;
#6535 = CARTESIAN_POINT ( 'NONE',  ( 1.500000000000000000, -0.8660254037844387100, -23.75000000000000000 ) ) ;
#6536 = DIRECTION ( 'NONE',  ( -0.0000000000000000000, -0.0000000000000000000, -1.000000000000000000 ) ) ;
#6537 = CARTESIAN_POINT ( 'NONE',  ( -2.793185071074506100E-014, 2.000000000000000000, -14.69999999999996400 ) ) ;
#6538 = CARTESIAN_POINT ( 'NONE',  ( -1.545336663013166200, -9.441610637860690400E-015, -19.16249999999995500 ) ) ;
#6539 = CARTESIAN_POINT ( 'NONE',  ( 1.338300807568886300, -0.7726683315065647800, 0.8166666666666671000 ) ) ;
#6540 = EDGE_LOOP ( 'NONE', ( #4801, #3400, #7672, #7170 ) ) ;
#6541 = CARTESIAN_POINT ( 'NONE',  ( -1.338300807568852700, -0.7726683315066226200, -8.516666666666644400 ) ) ;
#6542 = ORIENTED_EDGE ( 'NONE', *, *, #6715, .F. ) ;
#6543 = CARTESIAN_POINT ( 'NONE',  ( 0.8922005383792283000, 1.545336663013179700, -1.895833333333327000 ) ) ;
#6544 = CC_DESIGN_PERSON_AND_ORGANIZATION_ASSIGNMENT ( #4593, #5811, ( #6133 ) ) ;
#6545 = ORIENTED_EDGE ( 'NONE', *, *, #1544, .T. ) ;
#6546 = CARTESIAN_POINT ( 'NONE',  ( -2.000000000000003600, -0.5358983848622709300, -16.68123926088299300 ) ) ;
#6547 = CARTESIAN_POINT ( 'NONE',  ( 1.184127308482082300, -1.488754486090636300, -0.4225980568055494600 ) ) ;
#6548 = CARTESIAN_POINT ( 'NONE',  ( 1.732050807568891200, -0.9999999999999753500, -6.620833333333314000 ) ) ;
#6549 = CARTESIAN_POINT ( 'NONE',  ( 1.154700538379317600, -1.999999999999961800, -14.99166666666662600 ) ) ;
#6550 = CARTESIAN_POINT ( 'NONE',  ( -0.8982285030258848600, 1.363397345346625300, -0.2364724620113570800 ) ) ;
#6551 = FACE_OUTER_BOUND ( 'NONE', #3713, .T. ) ;
#6552 = ORIENTED_EDGE ( 'NONE', *, *, #5121, .T. ) ;
#6553 = CARTESIAN_POINT ( 'NONE',  ( -0.8922005383792244200, -1.545336663013182200, -5.045833333333319200 ) ) ;
#6554 = CARTESIAN_POINT ( 'NONE',  ( 1.784401076758500100, 2.503007529540795600E-014, -8.312499999999978700 ) ) ;
#6555 = VERTEX_POINT ( 'NONE', #2444 ) ;
#6556 = EDGE_CURVE ( 'NONE', #294, #5383, #1022, .T. ) ;
#6557 = CARTESIAN_POINT ( 'NONE',  ( -1.999999999999998200, -1.121372832681300300E-014, -20.82499999999995000 ) ) ;
#6558 = VECTOR ( 'NONE', #6244, 1000.000000000000000 ) ;
#6559 = CARTESIAN_POINT ( 'NONE',  ( -1.338300807568893100, 0.7726683315065525600, -8.720833333333310100 ) ) ;
#6560 = CARTESIAN_POINT ( 'NONE',  ( 1.545336663013167500, 2.295037662741521500E-015, -4.724999999999987200 ) ) ;
#6561 = CARTESIAN_POINT ( 'NONE',  ( 2.177130564435878800E-014, -1.545336663013167300, -17.49999999999995700 ) ) ;
#6562 = CARTESIAN_POINT ( 'NONE',  ( -1.999999999999991600, -0.5358983848622835800, -17.38123926088298900 ) ) ;
#6563 = CARTESIAN_POINT ( 'NONE',  ( 1.545336663013172000, 1.199810828749681400E-014, -15.31249999999996100 ) ) ;
#6564 = CARTESIAN_POINT ( 'NONE',  ( -2.000000000000000400, 5.229199737892076000E-016, -1.224999999999997000 ) ) ;
#6565 = ORIENTED_EDGE ( 'NONE', *, *, #7320, .F. ) ;
#6566 = CARTESIAN_POINT ( 'NONE',  ( -1.784401076758500100, -2.524860140211269200E-014, -12.86249999999996500 ) ) ;
#6567 = CYLINDRICAL_SURFACE ( 'NONE', #3289, 2.000000000000000000 ) ;
#6568 = CARTESIAN_POINT ( 'NONE',  ( -1.291336663013167500, 0.0000000000000000000, 0.0000000000000000000 ) ) ;
#6569 = EDGE_CURVE ( 'NONE', #583, #2801, #1146, .T. ) ;
#6570 = CARTESIAN_POINT ( 'NONE',  ( 1.732050807568895200, -0.9999999999999690200, -3.733333333333321800 ) ) ;
#6571 = CARTESIAN_POINT ( 'NONE',  ( 2.000000000000002200, 5.171097518582162600E-015, -9.974999999999974800 ) ) ;
#6572 = CARTESIAN_POINT ( 'NONE',  ( 1.545336663013168900, 9.470661747515645500E-015, -6.824999999999980600 ) ) ;
#6573 = CARTESIAN_POINT ( 'NONE',  ( -1.999999999999998200, -5.868324150301105800E-015, -11.72499999999997100 ) ) ;
#6574 = CARTESIAN_POINT ( 'NONE',  ( -2.793185071074506100E-014, 2.000000000000000000, -9.099999999999976600 ) ) ;
#6575 = CARTESIAN_POINT ( 'NONE',  ( -1.154700538379222800, -2.000000000000016400, -20.09583333333327500 ) ) ;
#6576 = ADVANCED_FACE ( 'NONE', ( #4140 ), #3630, .F. ) ;
#6577 = CARTESIAN_POINT ( 'NONE',  ( 0.8922005383792722700, -1.545336663013154900, -2.829166666666657300 ) ) ;
#6578 = CARTESIAN_POINT ( 'NONE',  ( -1.545336663013167700, 4.648177544792956300E-016, -0.9624999999999974700 ) ) ;
#6579 = CARTESIAN_POINT ( 'NONE',  ( 4.202670494340343800E-014, -1.545336663013167300, -6.299999999999982900 ) ) ;
#6580 = CARTESIAN_POINT ( 'NONE',  ( 0.4908700901641200300, -1.448646828875487000, -25.76730941577313800 ) ) ;
#6581 = CARTESIAN_POINT ( 'NONE',  ( 1.732050807568863200, 1.000000000000024400, -5.804166666666650300 ) ) ;
#6582 = DIRECTION ( 'NONE',  ( -1.000000000000000000, 0.0000000000000000000, 0.0000000000000000000 ) ) ;
#6583 = ORIENTED_EDGE ( 'NONE', *, *, #2369, .F. ) ;
#6584 = LINE ( 'NONE', #5975, #2514 ) ;
#6585 = EDGE_CURVE ( 'NONE', #6670, #2381, #2425, .T. ) ;
#6586 = CYLINDRICAL_SURFACE ( 'NONE', #4683, 2.000000000000000000 ) ;
#6587 = CARTESIAN_POINT ( 'NONE',  ( 1.545336663013166200, 1.313110156404009800E-014, -18.72499999999995500 ) ) ;
#6588 = CARTESIAN_POINT ( 'NONE',  ( 0.8922005383792283000, 1.545336663013179700, -6.795833333333314700 ) ) ;
#6589 = CARTESIAN_POINT ( 'NONE',  ( 9.261053316354980600E-014, -2.000000000000000000, -20.64999999999994900 ) ) ;
#6590 = VECTOR ( 'NONE', #3628, 1000.000000000000000 ) ;
#6591 = CARTESIAN_POINT ( 'NONE',  ( 1.784401076758500100, 2.503007529540795900E-014, -15.22499999999995900 ) ) ;
#6592 = CARTESIAN_POINT ( 'NONE',  ( 2.000000000000000400, -0.5358983848622269600, -1.606260739116958800 ) ) ;
#6593 = CARTESIAN_POINT ( 'NONE',  ( 1.154700538379283000, -1.999999999999981800, -0.9916666666666623700 ) ) ;
#6594 = AXIS2_PLACEMENT_3D ( 'NONE', #5923, #3349, #4617 ) ;
#6595 = CARTESIAN_POINT ( 'NONE',  ( -0.8922005383792279700, -1.545336663013180200, -14.14583333333329700 ) ) ;
#6596 = DIRECTION ( 'NONE',  ( 0.0000000000000000000, 0.0000000000000000000, 1.000000000000000000 ) ) ;
#6597 = CARTESIAN_POINT ( 'NONE',  ( 1.545336663013166400, 0.4140717108885999000, -1.893739260883029200 ) ) ;
#6598 =( BOUNDED_CURVE ( )  B_SPLINE_CURVE ( 2, ( #603, #3767, #5006, #3100, #8158, #1818, #5643, #6257, #6286 ),
 .UNSPECIFIED., .F., .F. ) 
 B_SPLINE_CURVE_WITH_KNOTS ( ( 3, 2, 2, 2, 3 ),
 ( 0.6250000000000001100, 0.6274509803921568500, 0.6323529411764705600, 0.6372549019607842700, 0.6397058823529413500 ),
 .UNSPECIFIED. ) 
 CURVE ( )  GEOMETRIC_REPRESENTATION_ITEM ( )  RATIONAL_B_SPLINE_CURVE ( ( 0.9330127018922194100, 0.9330127018922224100, 1.000000000000000000, 0.8660254037844387100, 1.000000000000000000, 0.8660254037844387100, 1.000000000000000000, 0.9330127018922147500, 0.9330127018922193000 ) ) 
 REPRESENTATION_ITEM ( '' )  );
#6599 = DIRECTION ( 'NONE',  ( -0.0000000000000000000, -0.0000000000000000000, -1.000000000000000000 ) ) ;
#6600 = CARTESIAN_POINT ( 'NONE',  ( 1.893867654794374700, -0.6428571428580690500, -22.00000000000000400 ) ) ;
#6601 = CARTESIAN_POINT ( 'NONE',  ( 1.154700538379280100, -1.999999999999983300, -6.591666666666649000 ) ) ;
#6602 = CARTESIAN_POINT ( 'NONE',  ( 0.8922005383792283000, 1.545336663013179700, -0.4083333333333297700 ) ) ;
#6603 = ORIENTED_EDGE ( 'NONE', *, *, #3971, .F. ) ;
#6604 = CARTESIAN_POINT ( 'NONE',  ( 0.8922005383792869200, -1.545336663013146200, -8.341666666666643700 ) ) ;
#6605 = CARTESIAN_POINT ( 'NONE',  ( -1.338300807568886700, 0.7726683315065640000, -0.3208333333333303100 ) ) ;
#6606 = CARTESIAN_POINT ( 'NONE',  ( 1.545336663013166200, -8.134310703387671400E-016, -11.81249999999997000 ) ) ;
#6607 = ORIENTED_EDGE ( 'NONE', *, *, #1813, .F. ) ;
#6608 = DIRECTION ( 'NONE',  ( -0.0000000000000000000, -0.0000000000000000000, -1.000000000000000000 ) ) ;
#6609 = EDGE_CURVE ( 'NONE', #3781, #6866, #7343, .T. ) ;
#6610 = CARTESIAN_POINT ( 'NONE',  ( -1.545336663013166200, -7.901901826148023500E-015, -16.36249999999996200 ) ) ;
#6611 = CARTESIAN_POINT ( 'NONE',  ( 1.154700538379223000, 2.000000000000016000, -10.64583333333330400 ) ) ;
#6612 = CARTESIAN_POINT ( 'NONE',  ( 1.545336663013167500, 4.764381983412778700E-015, -1.924999999999994500 ) ) ;
#6613 = CARTESIAN_POINT ( 'NONE',  ( -1.548689837561388000, 0.1481573394664617000, -0.1824130613129117100 ) ) ;
#6614 = CARTESIAN_POINT ( 'NONE',  ( -1.732050807568852800, -1.000000000000042900, -16.56666666666662400 ) ) ;
#6615 = CARTESIAN_POINT ( 'NONE',  ( -0.8922005383792279700, -1.545336663013180200, -5.745833333333316700 ) ) ;
#6616 =( BOUNDED_CURVE ( )  B_SPLINE_CURVE ( 2, ( #4392, #1190, #1886, #8072, #6299, #3736, #8051, #6249, #4323 ),
 .UNSPECIFIED., .F., .F. ) 
 B_SPLINE_CURVE_WITH_KNOTS ( ( 3, 2, 2, 2, 3 ),
 ( 0.9485294117647059500, 0.9509803921568627000, 0.9558823529411765200, 0.9607843137254902200, 0.9632352941176473000 ),
 .UNSPECIFIED. ) 
 CURVE ( )  GEOMETRIC_REPRESENTATION_ITEM ( )  RATIONAL_B_SPLINE_CURVE ( ( 0.9330127018922194100, 0.9330127018922224100, 1.000000000000000000, 0.8660254037844387100, 1.000000000000000000, 0.8660254037844387100, 1.000000000000000000, 0.9330127018922133000, 0.9330127018922194100 ) ) 
 REPRESENTATION_ITEM ( '' )  );
#6617 = CARTESIAN_POINT ( 'NONE',  ( 1.545336663013166200, 1.467081037575276500E-014, -21.61249999999994700 ) ) ;
#6618 = ADVANCED_FACE ( 'NONE', ( #4729 ), #5590, .T. ) ;
#6619 = EDGE_LOOP ( 'NONE', ( #757, #685, #1214, #4359 ) ) ;
#6620 = CARTESIAN_POINT ( 'NONE',  ( -1.338300807568864000, -0.7726683315066029700, -15.51666666666662500 ) ) ;
#6621 = EDGE_CURVE ( 'NONE', #3090, #4565, #3588, .T. ) ;
#6622 = DIRECTION ( 'NONE',  ( -0.0000000000000000000, -0.0000000000000000000, -1.000000000000000000 ) ) ;
#6623 = VECTOR ( 'NONE', #5971, 1000.000000000000100 ) ;
#6624 = CARTESIAN_POINT ( 'NONE',  ( 1.338300807568864300, 0.7726683315066025200, -14.55416666666662800 ) ) ;
#6625 = CARTESIAN_POINT ( 'NONE',  ( 2.964635622955136500E-014, -2.000000000000000000, -1.137499999999994000 ) ) ;
#6626 = CARTESIAN_POINT ( 'NONE',  ( -1.545336663013167700, 4.648177544792956300E-016, -0.9624999999999974700 ) ) ;
#6627 = CARTESIAN_POINT ( 'NONE',  ( 0.0000000000000000000, 0.0000000000000000000, 0.0000000000000000000 ) ) ;
#6628 = ORIENTED_EDGE ( 'NONE', *, *, #2142, .T. ) ;
#6629 = CARTESIAN_POINT ( 'NONE',  ( 1.732050807568859900, 1.000000000000030900, -6.416666666666649200 ) ) ;
#6630 = CARTESIAN_POINT ( 'NONE',  ( 0.9943116040267406800, 1.449414013717712700, -22.00000000000001100 ) ) ;
#6631 = CARTESIAN_POINT ( 'NONE',  ( 1.154700538379223000, 2.000000000000016000, -8.458333333333310800 ) ) ;
#6632 = CARTESIAN_POINT ( 'NONE',  ( -1.338300807568886700, 0.7726683315065640000, -0.2333333333333301700 ) ) ;
#6633 = VERTEX_POINT ( 'NONE', #6967 ) ;
#6634 = CARTESIAN_POINT ( 'NONE',  ( -1.545336663013167300, 0.0000000000000000000, 0.0000000000000000000 ) ) ;
#6635 = EDGE_CURVE ( 'NONE', #1623, #700, #2334, .T. ) ;
#6636 = CARTESIAN_POINT ( 'NONE',  ( 0.8922005383792283000, 1.545336663013179700, -4.695833333333319500 ) ) ;
#6637 = CARTESIAN_POINT ( 'NONE',  ( -1.338300807568849200, -0.7726683315066286100, -21.20416666666661600 ) ) ;
#6638 = AXIS2_PLACEMENT_3D ( 'NONE', #5241, #6427, #2690 ) ;
#6639 = CARTESIAN_POINT ( 'NONE',  ( 3.822135974612918900E-014, -2.000000000000000000, -3.237499999999989200 ) ) ;
#6640 = CARTESIAN_POINT ( 'NONE',  ( 1.500000000000000000, -0.8660254037844389300, -26.00000000000000000 ) ) ;
#6641 = VERTEX_POINT ( 'NONE', #6347 ) ;
#6642 = CARTESIAN_POINT ( 'NONE',  ( 0.8922005383792779300, -1.545336663013151300, -2.041666666666659400 ) ) ;
#6643 = CONICAL_SURFACE ( 'NONE', #6594, 1.732050807568877400, 0.7853981633974500600 ) ;
#6644 = CARTESIAN_POINT ( 'NONE',  ( 1.732050807568851700, 1.000000000000044600, -9.216666666666643700 ) ) ;
#6645 = CARTESIAN_POINT ( 'NONE',  ( 0.8922005383792722700, -1.545336663013154900, -6.329166666666648800 ) ) ;
#6646 = VERTEX_POINT ( 'NONE', #7498 ) ;
#6647 = AXIS2_PLACEMENT_3D ( 'NONE', #4036, #3336, #4757 ) ;
#6648 = CARTESIAN_POINT ( 'NONE',  ( 1.999999999999998200, 1.615241696815551800E-014, -14.26249999999996200 ) ) ;
#6649 = CARTESIAN_POINT ( 'NONE',  ( 0.8922005383792283000, 1.545336663013179700, -21.40833333333327800 ) ) ;
#6650 = CARTESIAN_POINT ( 'NONE',  ( -1.338300807568886700, 0.7726683315065640000, -15.02083333333329500 ) ) ;
#6651 = VERTEX_POINT ( 'NONE', #3834 ) ;
#6652 = CARTESIAN_POINT ( 'NONE',  ( 1.732050807568904900, -0.9999999999999519300, -10.82083333333330400 ) ) ;
#6653 = CARTESIAN_POINT ( 'NONE',  ( -1.338300807568891800, 0.7726683315065552300, -3.120833333333323400 ) ) ;
#6654 = ORIENTED_EDGE ( 'NONE', *, *, #2624, .T. ) ;
#6655 = CARTESIAN_POINT ( 'NONE',  ( -1.545336663013167700, 4.648177544792956300E-016, -0.8749999999999974500 ) ) ;
#6656 = CARTESIAN_POINT ( 'NONE',  ( 0.8922005383792051000, 1.545336663013193300, -10.20833333333330700 ) ) ;
#6657 = CARTESIAN_POINT ( 'NONE',  ( -1.732050807568862800, -1.000000000000025100, -6.066666666666649600 ) ) ;
#6658 = EDGE_LOOP ( 'NONE', ( #7057, #5033 ) ) ;
#6659 = CARTESIAN_POINT ( 'NONE',  ( -1.338300807568886700, 0.7726683315065640000, -2.333333333333325500 ) ) ;
#6660 = EDGE_CURVE ( 'NONE', #1810, #5144, #431, .T. ) ;
#6661 = CARTESIAN_POINT ( 'NONE',  ( -4.126779523727495600E-014, 1.545336663013167300, -15.13749999999996200 ) ) ;
#6662 = VECTOR ( 'NONE', #369, 1000.000000000000000 ) ;
#6663 = VERTEX_POINT ( 'NONE', #5711 ) ;
#6664 = CARTESIAN_POINT ( 'NONE',  ( -1.338300807568886700, 0.7726683315065640000, -4.520833333333320600 ) ) ;
#6665 = CARTESIAN_POINT ( 'NONE',  ( -0.8922005383792774900, 1.545336663013151800, -1.079166666666661900 ) ) ;
#6666 = DIRECTION ( 'NONE',  ( -1.000000000000000000, 0.0000000000000000000, 0.0000000000000000000 ) ) ;
#6667 = CARTESIAN_POINT ( 'NONE',  ( 1.999999999999998200, -0.5358983848622255200, -4.406260739116952200 ) ) ;
#6668 = ORIENTED_EDGE ( 'NONE', *, *, #5397, .T. ) ;
#6669 = CARTESIAN_POINT ( 'NONE',  ( 1.154700538379200800, 2.000000000000029300, -19.04583333333328100 ) ) ;
#6670 = VERTEX_POINT ( 'NONE', #5653 ) ;
#6671 = DIRECTION ( 'NONE',  ( -0.0000000000000000000, -0.0000000000000000000, -1.000000000000000000 ) ) ;
#6672 = CARTESIAN_POINT ( 'NONE',  ( 1.338300807568886300, -0.7726683315065647800, -7.670833333333312100 ) ) ;
#6673 = FACE_OUTER_BOUND ( 'NONE', #4395, .T. ) ;
#6674 = EDGE_CURVE ( 'NONE', #7909, #3801, #3952, .T. ) ;
#6675 = CARTESIAN_POINT ( 'NONE',  ( 1.338300807568861200, 0.7726683315066081900, -8.166666666666644800 ) ) ;
#6676 = CARTESIAN_POINT ( 'NONE',  ( -1.545336663013169100, 9.877377282685029400E-016, -12.16249999999996800 ) ) ;
#6677 = ORIENTED_EDGE ( 'NONE', *, *, #2907, .T. ) ;
#6678 = CARTESIAN_POINT ( 'NONE',  ( -1.154700538379199100, -2.000000000000030200, -12.30833333333330200 ) ) ;
#6679 = CALENDAR_DATE ( 2021, 9, 9 ) ;
#6680 = CARTESIAN_POINT ( 'NONE',  ( -0.8922005383792279700, -1.545336663013180200, -21.05833333333328000 ) ) ;
#6681 = CARTESIAN_POINT ( 'NONE',  ( 1.338300807568889800, -0.7726683315065584500, -6.270833333333316200 ) ) ;
#6682 = ORIENTED_EDGE ( 'NONE', *, *, #7053, .F. ) ;
#6683 = VECTOR ( 'NONE', #5752, 1000.000000000000000 ) ;
#6684 = DIRECTION ( 'NONE',  ( 1.000000000000000000, 0.0000000000000000000, 0.0000000000000000000 ) ) ;
#6685 = EDGE_CURVE ( 'NONE', #2568, #4667, #2155, .T. ) ;
#6686 = CARTESIAN_POINT ( 'NONE',  ( 1.545336663013167500, -2.817957636530729900E-015, -4.112499999999990100 ) ) ;
#6687 = CARTESIAN_POINT ( 'NONE',  ( -1.154700538379222800, -2.000000000000016400, -8.108333333333311200 ) ) ;
#6688 = CARTESIAN_POINT ( 'NONE',  ( -0.8922005383792279700, -1.545336663013180200, -0.05833333333333059300 ) ) ;
#6689 = ORIENTED_EDGE ( 'NONE', *, *, #4302, .F. ) ;
#6690 = LINE ( 'NONE', #3865, #8129 ) ;
#6691 = CARTESIAN_POINT ( 'NONE',  ( 1.545336663013175700, -0.4140717108885424400, -18.05626073911691900 ) ) ;
#6692 = CYLINDRICAL_SURFACE ( 'NONE', #2146, 2.000000000000000000 ) ;
#6693 = CARTESIAN_POINT ( 'NONE',  ( -0.8922005383791944400, -1.545336663013199300, -19.65833333333328900 ) ) ;
#6694 = EDGE_LOOP ( 'NONE', ( #2992, #5055, #4415, #4861 ) ) ;
#6695 = CARTESIAN_POINT ( 'NONE',  ( -1.545336663013166200, -5.258250847547030400E-015, -12.77499999999997000 ) ) ;
#6696 = CARTESIAN_POINT ( 'NONE',  ( -1.999999999999999100, -0.5358983848622667100, -4.693739260883023500 ) ) ;
#6697 = CARTESIAN_POINT ( 'NONE',  ( -0.8922005383792258600, -1.545336663013181100, -2.158333333333326100 ) ) ;
#6698 = EDGE_CURVE ( 'NONE', #3657, #6254, #5432, .T. ) ;
#6699 = CARTESIAN_POINT ( 'NONE',  ( 0.8922005383792283000, 1.545336663013179700, -8.895833333333309100 ) ) ;
#6700 = CARTESIAN_POINT ( 'NONE',  ( -1.545336663013167500, -1.655913250332490200E-015, -4.374999999999989300 ) ) ;
#6701 = CARTESIAN_POINT ( 'NONE',  ( 1.545336663013166200, 0.4140717108886063400, -13.18123926088300400 ) ) ;
#6702 = CARTESIAN_POINT ( 'NONE',  ( 0.0000000000000000000, 0.0000000000000000000, -22.00000000000000000 ) ) ;
#6703 = CARTESIAN_POINT ( 'NONE',  ( 0.8922005383792283000, 1.545336663013179700, -20.00833333333328700 ) ) ;
#6704 = CARTESIAN_POINT ( 'NONE',  ( -1.154700538379214800, -2.000000000000020900, -9.595833333333306600 ) ) ;
#6705 = ORIENTED_EDGE ( 'NONE', *, *, #2331, .T. ) ;
#6706 = AXIS2_PLACEMENT_3D ( 'NONE', #4444, #5110, #1353 ) ;
#6707 = ORIENTED_EDGE ( 'NONE', *, *, #3030, .T. ) ;
#6708 = DIRECTION ( 'NONE',  ( 0.0000000000000000000, 0.0000000000000000000, 1.000000000000000000 ) ) ;
#6709 = CARTESIAN_POINT ( 'NONE',  ( 1.545336663013167700, -2.324088772396478200E-016, -1.224999999999996300 ) ) ;
#6710 = CARTESIAN_POINT ( 'NONE',  ( -1.545336663013167700, 1.162044386198239100E-016, -1.662499999999996100 ) ) ;
#6711 = CARTESIAN_POINT ( 'NONE',  ( -1.732050807568891800, 0.9999999999999742400, -10.38333333333330600 ) ) ;
#6712 = CARTESIAN_POINT ( 'NONE',  ( -0.8922005383792279700, -1.545336663013180200, -1.458333333333327300 ) ) ;
#6713 = DIRECTION ( 'NONE',  ( -0.0000000000000000000, -0.0000000000000000000, -1.000000000000000000 ) ) ;
#6714 = DIRECTION ( 'NONE',  ( 1.000000000000000000, 0.0000000000000000000, 0.0000000000000000000 ) ) ;
#6715 = EDGE_CURVE ( 'NONE', #4269, #5612, #1749, .T. ) ;
#6716 = CARTESIAN_POINT ( 'NONE',  ( 1.545336663013167700, -0.4140717108885659800, -5.543760739116948800 ) ) ;
#6717 = CARTESIAN_POINT ( 'NONE',  ( -1.338300807568886700, 0.7726683315065640000, -9.420833333333309400 ) ) ;
#6718 = ORIENTED_EDGE ( 'NONE', *, *, #5473, .F. ) ;
#6719 = B_SPLINE_CURVE_WITH_KNOTS ( 'NONE', 3,
 ( #1967, #4476, #1913, #706, #1265, #5167, #127, #6410 ),
 .UNSPECIFIED., .F., .F.,
 ( 4, 2, 2, 4 ),
 ( 2.544365555421931900E-007, 0.0004475380576734573000, 0.0008948216787913724700, 0.001789388921027202700 ),
 .UNSPECIFIED. ) ;
#6720 = CARTESIAN_POINT ( 'NONE',  ( 1.545336663013172000, 1.504847480126719400E-014, -20.91249999999994800 ) ) ;
#6721 = FACE_OUTER_BOUND ( 'NONE', #5190, .T. ) ;
#6722 = CARTESIAN_POINT ( 'NONE',  ( -0.8922005383792724900, 1.545336663013154900, -19.19166666666661700 ) ) ;
#6723 = EDGE_CURVE ( 'NONE', #1220, #2322, #4430, .T. ) ;
#6724 = VERTEX_POINT ( 'NONE', #779 ) ;
#6725 = ORIENTED_EDGE ( 'NONE', *, *, #7441, .T. ) ;
#6726 = CARTESIAN_POINT ( 'NONE',  ( -1.999999999999996200, 0.5358983848622228500, -9.743760739116938300 ) ) ;
#6727 = ORIENTED_EDGE ( 'NONE', *, *, #1641, .T. ) ;
#6728 = CARTESIAN_POINT ( 'NONE',  ( -1.545336663013167300, 0.0000000000000000000, 0.0000000000000000000 ) ) ;
#6729 = EDGE_LOOP ( 'NONE', ( #7991, #6552, #5442, #3731 ) ) ;
#6730 = CARTESIAN_POINT ( 'NONE',  ( -1.154700538379203300, -2.000000000000028000, -6.008333333333316900 ) ) ;
#6731 = CARTESIAN_POINT ( 'NONE',  ( -1.732050807568845700, -1.000000000000054800, -15.86666666666662600 ) ) ;
#6732 = CARTESIAN_POINT ( 'NONE',  ( -1.545336663013167700, 1.162044386198239100E-016, -1.662499999999996100 ) ) ;
#6733 = CARTESIAN_POINT ( 'NONE',  ( 2.817678007057453100E-014, -2.000000000000000000, -11.54999999999997100 ) ) ;
#6734 = CARTESIAN_POINT ( 'NONE',  ( -1.338300807568864000, -0.7726683315066029700, -4.316666666666654000 ) ) ;
#6735 = CARTESIAN_POINT ( 'NONE',  ( 1.999999999999990500, 0.5358983848622893600, -15.63123926088299400 ) ) ;
#6736 = CYLINDRICAL_SURFACE ( 'NONE', #3267, 2.000000000000000000 ) ;
#6737 = EDGE_CURVE ( 'NONE', #3778, #4691, #5097, .T. ) ;
#6738 = CARTESIAN_POINT ( 'NONE',  ( -1.545336663013167700, -0.4140717108886081700, -19.74373926088299000 ) ) ;
#6739 = ORIENTED_EDGE ( 'NONE', *, *, #1746, .F. ) ;
#6740 = CARTESIAN_POINT ( 'NONE',  ( 1.545336663013166200, 1.051650169509406100E-014, -12.51249999999996900 ) ) ;
#6741 = CARTESIAN_POINT ( 'NONE',  ( 7.693010228937096800E-014, -2.000000000000000000, -18.54999999999995100 ) ) ;
#6742 = CARTESIAN_POINT ( 'NONE',  ( 1.500000000000000000, -0.8660254037844389300, -26.00000000000000000 ) ) ;
#6743 = VERTEX_POINT ( 'NONE', #3193 ) ;
#6744 = CARTESIAN_POINT ( 'NONE',  ( 2.000000000000000000, -8.192412922697582800E-015, -6.474999999999985400 ) ) ;
#6745 = CARTESIAN_POINT ( 'NONE',  ( -1.154700538379280800, 1.999999999999983100, -11.22916666666663600 ) ) ;
#6746 = EDGE_LOOP ( 'NONE', ( #4452, #5685, #8105, #3766 ) ) ;
#6747 = ADVANCED_FACE ( 'NONE', ( #6105 ), #3436, .T. ) ;
#6748 = ORIENTED_EDGE ( 'NONE', *, *, #5615, .F. ) ;
#6749 = CARTESIAN_POINT ( 'NONE',  ( 1.545336663013163300, 0.4140717108886169400, -12.48123926088300600 ) ) ;
#6750 = LINE ( 'NONE', #6295, #7814 ) ;
#6751 = ORIENTED_EDGE ( 'NONE', *, *, #2282, .T. ) ;
#6752 = CARTESIAN_POINT ( 'NONE',  ( -1.154700538379194800, -2.000000000000032000, -17.90833333333328900 ) ) ;
#6753 = CARTESIAN_POINT ( 'NONE',  ( 1.338300807568886300, -0.7726683315065647800, -19.48333333333328500 ) ) ;
#6754 =( BOUNDED_CURVE ( )  B_SPLINE_CURVE ( 2, ( #3219, #81, #1231, #57, #4427, #5094, #4487, #7120, #4633 ),
 .UNSPECIFIED., .F., .F. ) 
 B_SPLINE_CURVE_WITH_KNOTS ( ( 3, 2, 2, 2, 3 ),
 ( 0.9044117647058824700, 0.9068627450980392100, 0.9117647058823529200, 0.9166666666666666300, 0.9191176470588235900 ),
 .UNSPECIFIED. ) 
 CURVE ( )  GEOMETRIC_REPRESENTATION_ITEM ( )  RATIONAL_B_SPLINE_CURVE ( ( 0.9330127018922194100, 0.9330127018922224100, 1.000000000000000000, 0.8660254037844387100, 1.000000000000000000, 0.8660254037844387100, 1.000000000000000000, 0.9330127018922163000, 0.9330127018922194100 ) ) 
 REPRESENTATION_ITEM ( '' )  );
#6755 = CARTESIAN_POINT ( 'NONE',  ( -0.5277854099220596900, 1.486970764632704400, -22.00000000000000000 ) ) ;
#6756 = LINE ( 'NONE', #2232, #6662 ) ;
#6757 = CARTESIAN_POINT ( 'NONE',  ( -1.732050807568861400, -1.000000000000027800, -1.254166666666660400 ) ) ;
#6758 = CARTESIAN_POINT ( 'NONE',  ( 4.458952310169542300E-014, -2.000000000000000000, -12.94999999999996700 ) ) ;
#6759 = CARTESIAN_POINT ( 'NONE',  ( 0.8922005383792194200, 1.545336663013185100, -3.995833333333321600 ) ) ;
#6760 = CARTESIAN_POINT ( 'NONE',  ( -1.545336663013164400, -0.4140717108886249300, -15.54373926088299900 ) ) ;
#6761 = CARTESIAN_POINT ( 'NONE',  ( 1.154700538379223000, 2.000000000000016000, -9.858333333333305900 ) ) ;
#6762 = CARTESIAN_POINT ( 'NONE',  ( 0.8922005383792722700, -1.545336663013154900, -4.841666666666652600 ) ) ;
#6763 =( BOUNDED_CURVE ( )  B_SPLINE_CURVE ( 2, ( #66, #2639, #1348, #4580, #812, #1317, #5780, #5745, #1436 ),
 .UNSPECIFIED., .F., .T. ) 
 B_SPLINE_CURVE_WITH_KNOTS ( ( 3, 2, 2, 2, 3 ),
 ( 0.6544117647058824700, 0.6568627450980392100, 0.6617647058823529200, 0.6666666666666666300, 0.6691176470588235900 ),
 .UNSPECIFIED. ) 
 CURVE ( )  GEOMETRIC_REPRESENTATION_ITEM ( )  RATIONAL_B_SPLINE_CURVE ( ( 0.9330127018922194100, 0.9330127018922224100, 1.000000000000000000, 0.8660254037844387100, 1.000000000000000000, 0.8660254037844387100, 1.000000000000000000, 0.9330127018922163000, 0.9330127018922194100 ) ) 
 REPRESENTATION_ITEM ( '' )  );
#6764 = ORIENTED_EDGE ( 'NONE', *, *, #707, .T. ) ;
#6765 = AXIS2_PLACEMENT_3D ( 'NONE', #4360, #7457, #1139 ) ;
#6766 = CARTESIAN_POINT ( 'NONE',  ( 1.732050807568841000, 1.000000000000063300, -19.71666666666661900 ) ) ;
#6767 = CARTESIAN_POINT ( 'NONE',  ( -1.545336663013168600, 0.4140717108885669800, -4.406260739116951300 ) ) ;
#6768 = CARTESIAN_POINT ( 'NONE',  ( 0.8922005383792722700, -1.545336663013154900, -19.62916666666661300 ) ) ;
#6769 = CARTESIAN_POINT ( 'NONE',  ( 1.732050807568891200, -0.9999999999999753500, -17.73333333333328800 ) ) ;
#6770 = CARTESIAN_POINT ( 'NONE',  ( -1.999999999999998200, 1.080701279164362200E-014, -8.224999999999980100 ) ) ;
#6771 = CARTESIAN_POINT ( 'NONE',  ( -1.999999999999998200, 1.080701279164362200E-014, -7.612499999999981200 ) ) ;
#6772 = CARTESIAN_POINT ( 'NONE',  ( -1.154700538379202800, -2.000000000000028400, -6.708333333333316200 ) ) ;
#6773 = CARTESIAN_POINT ( 'NONE',  ( 2.309401076758502900, 3.239433308545619500E-014, -10.06249999999997200 ) ) ;
#6774 = EDGE_CURVE ( 'NONE', #143, #4190, #3023, .T. ) ;
#6775 = EDGE_LOOP ( 'NONE', ( #5535, #4328, #7587, #1093, #4060, #391, #7916 ) ) ;
#6776 = LINE ( 'NONE', #8033, #4312 ) ;
#6777 = CARTESIAN_POINT ( 'NONE',  ( 1.732050807568899800, -0.9999999999999603700, -17.73333333333328800 ) ) ;
#6778 = CARTESIAN_POINT ( 'NONE',  ( 1.545336663013167300, -6.362193014435357400E-015, -6.124999999999984900 ) ) ;
#6779 =( BOUNDED_CURVE ( )  B_SPLINE_CURVE ( 2, ( #323, #951, #4817, #1054, #3521, #6759, #2975, #1607, #6686 ),
 .UNSPECIFIED., .F., .F. ) 
 B_SPLINE_CURVE_WITH_KNOTS ( ( 3, 2, 2, 2, 3 ),
 ( 0.1985294117647059800, 0.2009803921568627500, 0.2058823529411764600, 0.2107843137254902000, 0.2132352941176471600 ),
 .UNSPECIFIED. ) 
 CURVE ( )  GEOMETRIC_REPRESENTATION_ITEM ( )  RATIONAL_B_SPLINE_CURVE ( ( 0.9330127018922194100, 0.9330127018922220700, 1.000000000000000000, 0.8660254037844387100, 1.000000000000000000, 0.8660254037844387100, 1.000000000000000000, 0.9330127018922167400, 0.9330127018922194100 ) ) 
 REPRESENTATION_ITEM ( '' )  );
#6780 = LINE ( 'NONE', #2930, #7439 ) ;
#6781 = CARTESIAN_POINT ( 'NONE',  ( 2.000000000000000000, 1.394453263437886600E-015, -0.8749999999999980000 ) ) ;
#6782 = EDGE_CURVE ( 'NONE', #3315, #7905, #8045, .T. ) ;
#6783 = ADVANCED_FACE ( 'NONE', ( #871 ), #7160, .T. ) ;
#6784 = CARTESIAN_POINT ( 'NONE',  ( 1.545336663013167500, -2.817957636530729900E-015, -4.024999999999990600 ) ) ;
#6785 = CARTESIAN_POINT ( 'NONE',  ( 7.497066741073520500E-014, -2.000000000000000000, -15.13749999999996200 ) ) ;
#6786 = DIRECTION ( 'NONE',  ( -0.0000000000000000000, -0.0000000000000000000, -1.000000000000000000 ) ) ;
#6787 = CARTESIAN_POINT ( 'NONE',  ( 0.8922005383792722700, -1.545336663013154900, -4.141666666666654200 ) ) ;
#6788 = CARTESIAN_POINT ( 'NONE',  ( -3.672581540216105100E-014, 1.545336663013167300, -6.737499999999981200 ) ) ;
#6789 = CARTESIAN_POINT ( 'NONE',  ( 2.000000000000000000, -5.868324150301105800E-015, -2.274999999999995000 ) ) ;
#6790 = CARTESIAN_POINT ( 'NONE',  ( 0.8922005383792283000, 1.545336663013179700, -20.79583333333327700 ) ) ;
#6791 = CARTESIAN_POINT ( 'NONE',  ( -1.154700538379222800, -2.000000000000016400, -19.30833333333328400 ) ) ;
#6792 = CARTESIAN_POINT ( 'NONE',  ( -1.338300807568898900, 0.7726683315065426800, -9.333333333333307300 ) ) ;
#6793 = CARTESIAN_POINT ( 'NONE',  ( 1.999999999999997300, -0.5358983848622259600, -7.293760739116944300 ) ) ;
#6794 = AXIS2_PLACEMENT_3D ( 'NONE', #2571, #687, #5011 ) ;
#6795 = ORIENTED_EDGE ( 'NONE', *, *, #353, .T. ) ;
#6796 = CARTESIAN_POINT ( 'NONE',  ( 1.732050807568863200, 1.000000000000024400, -8.604166666666643000 ) ) ;
#6797 = ORIENTED_EDGE ( 'NONE', *, *, #2189, .T. ) ;
#6798 = CARTESIAN_POINT ( 'NONE',  ( -1.338300807568886700, 0.7726683315065640000, -21.93333333333327700 ) ) ;
#6799 = CARTESIAN_POINT ( 'NONE',  ( 1.999999999999998200, -4.125257571003748100E-015, -19.86249999999995500 ) ) ;
#6800 = CARTESIAN_POINT ( 'NONE',  ( -1.154700538379293200, 1.999999999999976200, -10.44166666666664200 ) ) ;
#6801 = CARTESIAN_POINT ( 'NONE',  ( -1.154700538379218200, -2.000000000000019100, -5.308333333333318500 ) ) ;
#6802 = ORIENTED_EDGE ( 'NONE', *, *, #168, .F. ) ;
#6803 = CARTESIAN_POINT ( 'NONE',  ( -2.000000000000006200, 2.120731004811785500E-014, -21.61249999999994700 ) ) ;
#6804 = DIRECTION ( 'NONE',  ( -0.0000000000000000000, -0.0000000000000000000, -1.000000000000000000 ) ) ;
#6805 = CARTESIAN_POINT ( 'NONE',  ( 1.338300807568886300, -0.7726683315065647800, -6.883333333333313300 ) ) ;
#6806 = CYLINDRICAL_SURFACE ( 'NONE', #6317, 2.000000000000000000 ) ;
#6807 = CARTESIAN_POINT ( 'NONE',  ( -1.545336663013166600, 0.4140717108885639800, -7.206260739116944900 ) ) ;
#6808 = CARTESIAN_POINT ( 'NONE',  ( 1.154700538379211700, 2.000000000000022600, -3.645833333333321500 ) ) ;
#6809 = CARTESIAN_POINT ( 'NONE',  ( -1.784401076758500100, -2.524860140211269200E-014, -21.96249999999994900 ) ) ;
#6810 = EDGE_LOOP ( 'NONE', ( #7144, #2178, #6668, #2468 ) ) ;
#6811 = CARTESIAN_POINT ( 'NONE',  ( -1.732050807568891800, 0.9999999999999742400, -18.08333333333329000 ) ) ;
#6812 = CARTESIAN_POINT ( 'NONE',  ( -1.338300807568851600, -0.7726683315066247300, -12.80416666666663300 ) ) ;
#6813 = EDGE_CURVE ( 'NONE', #4471, #610, #6516, .T. ) ;
#6814 = CARTESIAN_POINT ( 'NONE',  ( -0.8922005383792929200, 1.545336663013142900, -9.391666666666644400 ) ) ;
#6815 = VERTEX_POINT ( 'NONE', #3924 ) ;
#6816 = CARTESIAN_POINT ( 'NONE',  ( 0.0000000000000000000, 0.0000000000000000000, -22.35000000000000100 ) ) ;
#6817 = CARTESIAN_POINT ( 'NONE',  ( 1.154700538379280100, -1.999999999999983300, -9.479166666666639400 ) ) ;
#6818 = ADVANCED_FACE ( 'NONE', ( #7538 ), #6388, .T. ) ;
#6819 = B_SPLINE_CURVE_WITH_KNOTS ( 'NONE', 3,
 ( #6129, #6755, #2967, #7352, #6104, #5443, #2871, #6630, #7821, #1553, #4177, #1608, #4070, #2847, #388, #6600 ),
 .UNSPECIFIED., .F., .F.,
 ( 4, 2, 2, 2, 2, 2, 2, 4 ),
 ( 1.124415404551634800E-016, 0.0005214774455541101100, 0.001042954891108107900, 0.001564432336662105200, 0.002085909782216103000, 0.003128864673324097700, 0.003650342118878095300, 0.004171819564432093300 ),
 .UNSPECIFIED. ) ;
#6820 = ORIENTED_EDGE ( 'NONE', *, *, #1755, .F. ) ;
#6821 = LINE ( 'NONE', #5139, #4173 ) ;
#6822 = CARTESIAN_POINT ( 'NONE',  ( 1.732050807568891200, -0.9999999999999753500, -0.3208333333333294200 ) ) ;
#6823 = ORIENTED_EDGE ( 'NONE', *, *, #4335, .F. ) ;
#6824 = EDGE_CURVE ( 'NONE', #1728, #3249, #5503, .T. ) ;
#6825 = CARTESIAN_POINT ( 'NONE',  ( -1.999999999999998200, -5.868324150301105800E-015, -11.11249999999997100 ) ) ;
#6826 = LINE ( 'NONE', #658, #5149 ) ;
#6827 = CARTESIAN_POINT ( 'NONE',  ( 0.0000000000000000000, 0.0000000000000000000, 0.0000000000000000000 ) ) ;
#6828 = CARTESIAN_POINT ( 'NONE',  ( -0.8922005383792823700, 1.545336663013148900, -10.17916666666664000 ) ) ;
#6829 = CARTESIAN_POINT ( 'NONE',  ( -2.000000000000006200, 2.120731004811785500E-014, -21.61249999999994700 ) ) ;
#6830 = CARTESIAN_POINT ( 'NONE',  ( 1.154700538379185100, 2.000000000000037700, -21.75833333333328000 ) ) ;
#6831 = CARTESIAN_POINT ( 'NONE',  ( 0.8922005383792722700, -1.545336663013154900, -3.441666666666656200 ) ) ;
#6832 = CARTESIAN_POINT ( 'NONE',  ( -1.545336663013166200, 9.180150650966086200E-015, -6.562499999999984000 ) ) ;
#6833 = ORIENTED_EDGE ( 'NONE', *, *, #1705, .T. ) ;
#6834 = CARTESIAN_POINT ( 'NONE',  ( 0.8922005383792283000, 1.545336663013179700, -20.09583333333328200 ) ) ;
#6835 = CARTESIAN_POINT ( 'NONE',  ( -1.154700538379280800, 1.999999999999983100, -16.74166666666662500 ) ) ;
#6836 = AXIS2_PLACEMENT_3D ( 'NONE', #1038, #6094, #6666 ) ;
#6837 = VERTEX_POINT ( 'NONE', #753 ) ;
#6838 = CARTESIAN_POINT ( 'NONE',  ( -1.999999999999995300, 0.5358983848622328500, -8.256260739116944700 ) ) ;
#6839 = DIRECTION ( 'NONE',  ( 0.0000000000000000000, 0.0000000000000000000, 1.000000000000000000 ) ) ;
#6840 = CARTESIAN_POINT ( 'NONE',  ( 0.0000000000000000000, 0.0000000000000000000, -26.00000000000000000 ) ) ;
#6841 = ORIENTED_EDGE ( 'NONE', *, *, #7270, .F. ) ;
#6842 = VECTOR ( 'NONE', #2380, 1000.000000000000000 ) ;
#6843 = CARTESIAN_POINT ( 'NONE',  ( -1.154700538379222800, -2.000000000000016400, -12.39583333333330000 ) ) ;
#6844 = ORIENTED_EDGE ( 'NONE', *, *, #6774, .F. ) ;
#6845 = ORIENTED_EDGE ( 'NONE', *, *, #3030, .F. ) ;
#6846 = ORIENTED_EDGE ( 'NONE', *, *, #6585, .F. ) ;
#6847 = CARTESIAN_POINT ( 'NONE',  ( 1.732050807568891200, -0.9999999999999753500, 1.079166666666667100 ) ) ;
#6848 = CARTESIAN_POINT ( 'NONE',  ( 2.953243426295453800E-014, -1.545336663013167300, -3.499999999999989300 ) ) ;
#6849 = CARTESIAN_POINT ( 'NONE',  ( 1.999999999999998700, 0.5358983848622730400, -11.43123926088300700 ) ) ;
#6850 =( BOUNDED_CURVE ( )  B_SPLINE_CURVE ( 2, ( #6578, #2879, #7826, #6665, #7215, #4076, #2228, #5955, #6065 ),
 .UNSPECIFIED., .F., .F. ) 
 B_SPLINE_CURVE_WITH_KNOTS ( ( 3, 2, 2, 2, 3 ),
 ( 0.08088235294117654400, 0.08333333333333332900, 0.08823529411764706500, 0.09313725490196078600, 0.09558823529411772400 ),
 .UNSPECIFIED. ) 
 CURVE ( )  GEOMETRIC_REPRESENTATION_ITEM ( )  RATIONAL_B_SPLINE_CURVE ( ( 0.9330127018922193000, 0.9330127018922214100, 1.000000000000000000, 0.8660254037844387100, 1.000000000000000000, 0.8660254037844387100, 1.000000000000000000, 0.9330127018922171900, 0.9330127018922193000 ) ) 
 REPRESENTATION_ITEM ( '' )  );
#6851 = VERTEX_POINT ( 'NONE', #7015 ) ;
#6852 = CARTESIAN_POINT ( 'NONE',  ( 1.154700538379193100, 2.000000000000033300, -10.55833333333330900 ) ) ;
#6853 = APPROVAL_DATE_TIME ( #3528, #5403 ) ;
#6854 = ADVANCED_FACE ( 'NONE', ( #1340 ), #4506, .T. ) ;
#6855 = CARTESIAN_POINT ( 'NONE',  ( 1.545336663013169100, -0.4140717108885676500, -2.043760739116957700 ) ) ;
#6856 = CARTESIAN_POINT ( 'NONE',  ( 1.338300807568864300, 0.7726683315066025200, -10.26666666666663700 ) ) ;
#6857 = EDGE_CURVE ( 'NONE', #6456, #6874, #6197, .T. ) ;
#6858 = EDGE_LOOP ( 'NONE', ( #7003, #3290, #7493, #5624 ) ) ;
#6859 = VECTOR ( 'NONE', #2691, 1000.000000000000000 ) ;
#6860 = AXIS2_PLACEMENT_3D ( 'NONE', #1865, #3680, #8098 ) ;
#6861 = CARTESIAN_POINT ( 'NONE',  ( 1.732050807568891200, -0.9999999999999753500, -2.333333333333325900 ) ) ;
#6862 = CARTESIAN_POINT ( 'NONE',  ( 2.817678007057453100E-014, -2.000000000000000000, -17.14999999999995600 ) ) ;
#6863 = CARTESIAN_POINT ( 'NONE',  ( 0.0000000000000000000, 0.0000000000000000000, -26.00000000000000000 ) ) ;
#6864 = CARTESIAN_POINT ( 'NONE',  ( 2.915393594336171700E-014, -1.545336663013167300, -2.887499999999990900 ) ) ;
#6865 = CARTESIAN_POINT ( 'NONE',  ( 1.732050807568915800, -0.9999999999999332800, -21.93333333333327700 ) ) ;
#6866 = VERTEX_POINT ( 'NONE', #5331 ) ;
#6867 = VECTOR ( 'NONE', #3225, 1000.000000000000000 ) ;
#6868 = CARTESIAN_POINT ( 'NONE',  ( -1.338300807568863200, -0.7726683315066044100, -0.2041666666666639200 ) ) ;
#6869 = CARTESIAN_POINT ( 'NONE',  ( -1.732050807568891800, 0.9999999999999742400, -13.97083333333329800 ) ) ;
#6870 = CIRCLE ( 'NONE', #4346, 1.732050807568877400 ) ;
#6871 = EDGE_CURVE ( 'NONE', #1916, #6321, #4827, .T. ) ;
#6872 = DIRECTION ( 'NONE',  ( 0.0000000000000000000, 0.0000000000000000000, 1.000000000000000000 ) ) ;
#6873 =( BOUNDED_CURVE ( )  B_SPLINE_CURVE ( 2, ( #5664, #675, #8095, #1884, #648, #6296, #4339, #6274, #5050 ),
 .UNSPECIFIED., .F., .F. ) 
 B_SPLINE_CURVE_WITH_KNOTS ( ( 3, 2, 2, 2, 3 ),
 ( 0.3602941176470589300, 0.3627450980392156700, 0.3676470588235294400, 0.3725490196078431500, 0.3750000000000001100 ),
 .UNSPECIFIED. ) 
 CURVE ( )  GEOMETRIC_REPRESENTATION_ITEM ( )  RATIONAL_B_SPLINE_CURVE ( ( 0.9330127018922194100, 0.9330127018922224100, 1.000000000000000000, 0.8660254037844387100, 1.000000000000000000, 0.8660254037844387100, 1.000000000000000000, 0.9330127018922163000, 0.9330127018922194100 ) ) 
 REPRESENTATION_ITEM ( '' )  );
#6874 = VERTEX_POINT ( 'NONE', #977 ) ;
#6875 = CARTESIAN_POINT ( 'NONE',  ( 1.338300807568853200, 0.7726683315066220600, -17.26666666666662300 ) ) ;
#6876 = CARTESIAN_POINT ( 'NONE',  ( -3.672581540216105100E-014, 1.545336663013167300, -6.649999999999981700 ) ) ;
#6877 = CARTESIAN_POINT ( 'NONE',  ( -1.545336663013167500, 3.340877610319937100E-015, -3.674999999999991800 ) ) ;
#6878 = CARTESIAN_POINT ( 'NONE',  ( 0.8922005383793012400, -1.545336663013138000, -14.64166666666662800 ) ) ;
#6879 = EDGE_CURVE ( 'NONE', #5302, #2304, #6584, .T. ) ;
#6880 = DIRECTION ( 'NONE',  ( -0.0000000000000000000, -0.0000000000000000000, -1.000000000000000000 ) ) ;
#6881 = CARTESIAN_POINT ( 'NONE',  ( 1.338300807568889800, -0.7726683315065587800, -5.483333333333317400 ) ) ;
#6882 = CARTESIAN_POINT ( 'NONE',  ( -1.338300807568888700, 0.7726683315065605600, -1.720833333333326800 ) ) ;
#6883 = ORIENTED_EDGE ( 'NONE', *, *, #5411, .F. ) ;
#6884 = CARTESIAN_POINT ( 'NONE',  ( 1.338300807568886300, -0.7726683315065647800, -8.983333333333307600 ) ) ;
#6885 = DIRECTION ( 'NONE',  ( -0.0000000000000000000, -0.0000000000000000000, -1.000000000000000000 ) ) ;
#6886 = ORIENTED_EDGE ( 'NONE', *, *, #4426, .T. ) ;
#6887 = CARTESIAN_POINT ( 'NONE',  ( 2.309401076758502900, 3.239433308545618900E-014, -0.1749999999999977400 ) ) ;
#6888 = CARTESIAN_POINT ( 'NONE',  ( 1.154700538379280100, -1.999999999999983300, -21.29166666666661800 ) ) ;
#6889 = CARTESIAN_POINT ( 'NONE',  ( -1.545336663013167300, 0.4140717108885617100, -11.40626073911693400 ) ) ;
#6890 = CARTESIAN_POINT ( 'NONE',  ( 2.000000000000005800, 1.760497245090331600E-014, -18.37499999999995700 ) ) ;
#6891 = CARTESIAN_POINT ( 'NONE',  ( -1.338300807568857200, -0.7726683315066149600, -12.01666666666663400 ) ) ;
#6892 = CARTESIAN_POINT ( 'NONE',  ( 2.817678007057453700E-014, -2.000000000000000000, -15.13749999999996200 ) ) ;
#6893 = ADVANCED_FACE ( 'NONE', ( #4396 ), #5086, .T. ) ;
#6894 = CARTESIAN_POINT ( 'NONE',  ( 4.556924054101331000E-014, -2.000000000000000000, -14.34999999999996400 ) ) ;
#6895 = CARTESIAN_POINT ( 'NONE',  ( 1.545336663013166200, 1.397358374403382100E-014, -17.41249999999995200 ) ) ;
#6896 = CARTESIAN_POINT ( 'NONE',  ( 0.7084036507288608000, -1.859716369100052400, -21.99999999999998600 ) ) ;
#6897 = ORIENTED_EDGE ( 'NONE', *, *, #3554, .F. ) ;
#6898 = CARTESIAN_POINT ( 'NONE',  ( -1.999999999999999600, 0.5358983848622161900, -11.14376073911693500 ) ) ;
#6899 =( BOUNDED_CURVE ( )  B_SPLINE_CURVE ( 2, ( #4109, #276, #329, #987, #5402, #1615, #6036, #7933, #7315 ),
 .UNSPECIFIED., .F., .F. ) 
 B_SPLINE_CURVE_WITH_KNOTS ( ( 3, 2, 2, 2, 3 ),
 ( 0.8750000000000002200, 0.8774509803921568500, 0.8823529411764705600, 0.8872549019607842700, 0.8897058823529413500 ),
 .UNSPECIFIED. ) 
 CURVE ( )  GEOMETRIC_REPRESENTATION_ITEM ( )  RATIONAL_B_SPLINE_CURVE ( ( 0.9330127018922194100, 0.9330127018922254000, 1.000000000000000000, 0.8660254037844387100, 1.000000000000000000, 0.8660254037844387100, 1.000000000000000000, 0.9330127018922147500, 0.9330127018922193000 ) ) 
 REPRESENTATION_ITEM ( '' )  );
#6900 = EDGE_LOOP ( 'NONE', ( #5647, #7337, #3510, #149 ) ) ;
#6901 = CARTESIAN_POINT ( 'NONE',  ( -1.154700538379295000, 1.999999999999974500, -12.62916666666663300 ) ) ;
#6902 = CARTESIAN_POINT ( 'NONE',  ( -1.154700538379199900, -2.000000000000029300, -10.29583333333330600 ) ) ;
#6903 = CARTESIAN_POINT ( 'NONE',  ( 1.999999999999998200, 1.708205247711410800E-014, -18.46249999999995200 ) ) ;
#6904 = ORIENTED_EDGE ( 'NONE', *, *, #2379, .F. ) ;
#6905 = CARTESIAN_POINT ( 'NONE',  ( 1.893867654794374700, -0.6428571428580690500, -22.00000000000000400 ) ) ;
#6906 = CARTESIAN_POINT ( 'NONE',  ( 1.732050807568833200, 1.000000000000077000, -21.81666666666661300 ) ) ;
#6907 = CARTESIAN_POINT ( 'NONE',  ( -1.338300807568886700, 0.7726683315065640000, -10.03333333333330500 ) ) ;
#6908 = CARTESIAN_POINT ( 'NONE',  ( 1.338300807568890700, -0.7726683315065571200, -9.070833333333309800 ) ) ;
#6909 = VERTEX_POINT ( 'NONE', #6568 ) ;
#6910 = CARTESIAN_POINT ( 'NONE',  ( 2.817678007057453100E-014, -2.000000000000000000, -1.049999999999995600 ) ) ;
#6911 = VERTEX_POINT ( 'NONE', #4038 ) ;
#6912 = CARTESIAN_POINT ( 'NONE',  ( -2.793185071074506100E-014, 2.000000000000000000, -21.69999999999994600 ) ) ;
#6913 = CARTESIAN_POINT ( 'NONE',  ( 2.000000000000002200, -1.196905717784185900E-014, -6.562499999999984000 ) ) ;
#6914 = EDGE_CURVE ( 'NONE', #2322, #610, #4495, .T. ) ;
#6915 = CARTESIAN_POINT ( 'NONE',  ( -1.338300807568858300, -0.7726683315066128500, -7.816666666666645100 ) ) ;
#6916 = CARTESIAN_POINT ( 'NONE',  ( 0.8922005383792847000, -1.545336663013147500, -4.141666666666655100 ) ) ;
#6917 = CARTESIAN_POINT ( 'NONE',  ( -1.154700538379280800, 1.999999999999983100, -12.62916666666663300 ) ) ;
#6918 = ORIENTED_EDGE ( 'NONE', *, *, #2254, .F. ) ;
#6919 = CARTESIAN_POINT ( 'NONE',  ( 1.545336663013168200, 0.4140717108886098900, -18.08123926088299500 ) ) ;
#6920 = EDGE_LOOP ( 'NONE', ( #6118, #5787, #708, #833 ) ) ;
#6921 = CARTESIAN_POINT ( 'NONE',  ( -1.624897247096011900, -0.3544596130650285400, -22.00000000000000700 ) ) ;
#6922 = CARTESIAN_POINT ( 'NONE',  ( 2.817678007057453700E-014, -2.000000000000000000, 0.9625000000000006900 ) ) ;
#6923 = CARTESIAN_POINT ( 'NONE',  ( 1.999999999999999600, 0.5358983848622704800, -7.231239260883016900 ) ) ;
#6924 = EDGE_CURVE ( 'NONE', #3919, #5899, #2128, .T. ) ;
#6925 = ORIENTED_EDGE ( 'NONE', *, *, #1801, .T. ) ;
#6926 = DIRECTION ( 'NONE',  ( 1.000000000000000000, 0.0000000000000000000, 0.0000000000000000000 ) ) ;
#6927 = ORIENTED_EDGE ( 'NONE', *, *, #4849, .T. ) ;
#6928 = CYLINDRICAL_SURFACE ( 'NONE', #1091, 1.545336663013167300 ) ;
#6929 = LINE ( 'NONE', #5757, #3596 ) ;
#6930 = CARTESIAN_POINT ( 'NONE',  ( 2.000000000000001800, 6.100733027540754000E-015, -11.37499999999997300 ) ) ;
#6931 = ORIENTED_EDGE ( 'NONE', *, *, #5143, .F. ) ;
#6932 = CARTESIAN_POINT ( 'NONE',  ( -0.8922005383792724900, 1.545336663013154900, 0.3208333333333346900 ) ) ;
#6933 = ADVANCED_FACE ( 'NONE', ( #2719 ), #1447, .T. ) ;
#6934 = CARTESIAN_POINT ( 'NONE',  ( -2.309604976293367500E-014, 1.545336663013167300, -1.837499999999993200 ) ) ;
#6935 = CARTESIAN_POINT ( 'NONE',  ( 1.545336663013166200, 1.397358374403382100E-014, -17.32499999999995700 ) ) ;
#6936 = CARTESIAN_POINT ( 'NONE',  ( -0.8922005383792279700, -1.545336663013180200, -7.758333333333312400 ) ) ;
#6937 = DIRECTION ( 'NONE',  ( 0.0000000000000000000, 0.0000000000000000000, 1.000000000000000000 ) ) ;
#6938 = CARTESIAN_POINT ( 'NONE',  ( -2.793185071074506100E-014, 2.000000000000000000, -1.399999999999994600 ) ) ;
#6939 = CARTESIAN_POINT ( 'NONE',  ( 1.338300807568864300, 0.7726683315066025200, -18.75416666666662000 ) ) ;
#6940 = CYLINDRICAL_SURFACE ( 'NONE', #1103, 1.545336663013167300 ) ;
#6941 = CARTESIAN_POINT ( 'NONE',  ( 2.309401076758502900, 3.239433308545618900E-014, -21.87499999999994700 ) ) ;
#6942 = CARTESIAN_POINT ( 'NONE',  ( -0.8922005383792796000, 1.545336663013150200, -5.191666666666651300 ) ) ;
#6943 = CARTESIAN_POINT ( 'NONE',  ( -1.732050807568843900, -1.000000000000058400, -21.46666666666661200 ) ) ;
#6944 = EDGE_LOOP ( 'NONE', ( #5938, #5922, #2287, #1479 ) ) ;
#6945 = CARTESIAN_POINT ( 'NONE',  ( 2.817678007057453700E-014, -2.000000000000000000, -17.23749999999995500 ) ) ;
#6946 = DATE_AND_TIME ( #858, #2511 ) ;
#6947 = VERTEX_POINT ( 'NONE', #4066 ) ;
#6948 = CARTESIAN_POINT ( 'NONE',  ( 1.154700538379280100, -1.999999999999983300, -3.179166666666656500 ) ) ;
#6949 = CARTESIAN_POINT ( 'NONE',  ( 1.545336663013167500, -3.544235377904629100E-015, -2.712499999999994100 ) ) ;
#6950 = CARTESIAN_POINT ( 'NONE',  ( 0.0000000000000000000, 0.0000000000000000000, 0.0000000000000000000 ) ) ;
#6951 = DIRECTION ( 'NONE',  ( 0.7071067811865483500, 0.0000000000000000000, 0.7071067811865465700 ) ) ;
#6952 =( BOUNDED_CURVE ( )  B_SPLINE_CURVE ( 2, ( #597, #5021, #7622, #3960, #3353, #5840, #2083, #1324, #3322 ),
 .UNSPECIFIED., .F., .F. ) 
 B_SPLINE_CURVE_WITH_KNOTS ( ( 3, 2, 2, 2, 3 ),
 ( 0.8602941176470589900, 0.8627450980392157300, 0.8676470588235294400, 0.8725490196078431500, 0.8750000000000002200 ),
 .UNSPECIFIED. ) 
 CURVE ( )  GEOMETRIC_REPRESENTATION_ITEM ( )  RATIONAL_B_SPLINE_CURVE ( ( 0.9330127018922193000, 0.9330127018922238500, 1.000000000000000000, 0.8660254037844387100, 1.000000000000000000, 0.8660254037844387100, 1.000000000000000000, 0.9330127018922133000, 0.9330127018922194100 ) ) 
 REPRESENTATION_ITEM ( '' )  );
#6953 = LINE ( 'NONE', #5005, #7627 ) ;
#6954 =( BOUNDED_CURVE ( )  B_SPLINE_CURVE ( 2, ( #8112, #3699, #544, #6240, #6864, #4925, #1747, #593, #3751 ),
 .UNSPECIFIED., .F., .F. ) 
 B_SPLINE_CURVE_WITH_KNOTS ( ( 3, 2, 2, 2, 3 ),
 ( 0.1544117647058824400, 0.1568627450980392100, 0.1617647058823529500, 0.1666666666666666600, 0.1691176470588236200 ),
 .UNSPECIFIED. ) 
 CURVE ( )  GEOMETRIC_REPRESENTATION_ITEM ( )  RATIONAL_B_SPLINE_CURVE ( ( 0.9330127018922194100, 0.9330127018922220700, 1.000000000000000000, 0.8660254037844387100, 1.000000000000000000, 0.8660254037844387100, 1.000000000000000000, 0.9330127018922167400, 0.9330127018922194100 ) ) 
 REPRESENTATION_ITEM ( '' )  );
#6955 = EDGE_LOOP ( 'NONE', ( #6322, #785, #8113, #5465 ) ) ;
#6956 = CYLINDRICAL_SURFACE ( 'NONE', #2159, 1.545336663013167300 ) ;
#6957 = CARTESIAN_POINT ( 'NONE',  ( -1.732050807568904900, 0.9999999999999519300, -20.97083333333327800 ) ) ;
#6958 = DIRECTION ( 'NONE',  ( -1.000000000000000000, 0.0000000000000000000, -0.0000000000000000000 ) ) ;
#6959 = CARTESIAN_POINT ( 'NONE',  ( -2.158205648456237700E-014, 1.545336663013167300, -8.049999999999977600 ) ) ;
#6960 = EDGE_CURVE ( 'NONE', #7393, #7549, #3343, .T. ) ;
#6961 = AXIS2_PLACEMENT_3D ( 'NONE', #825, #3387, #5904 ) ;
#6962 = CARTESIAN_POINT ( 'NONE',  ( -1.009129909835880400, -1.149429382477829000, -25.76730941577313400 ) ) ;
#6963 = FACE_OUTER_BOUND ( 'NONE', #2743, .T. ) ;
#6964 = CARTESIAN_POINT ( 'NONE',  ( -1.732050807568891800, 0.9999999999999742400, 0.1166666666666682400 ) ) ;
#6965 = CARTESIAN_POINT ( 'NONE',  ( 0.8922005383792722700, -1.545336663013154900, -18.22916666666662200 ) ) ;
#6966 = CARTESIAN_POINT ( 'NONE',  ( -1.732050807568891800, 0.9999999999999742400, -21.58333333333328200 ) ) ;
#6967 = CARTESIAN_POINT ( 'NONE',  ( -1.545336663013166200, -7.117521865464212500E-015, -17.76249999999995300 ) ) ;
#6968 = CARTESIAN_POINT ( 'NONE',  ( 4.505469150014604600E-014, -1.545336663013167300, -11.89999999999997000 ) ) ;
#6969 = CARTESIAN_POINT ( 'NONE',  ( 2.309401076758502900, 3.239433308545619500E-014, -17.06249999999995400 ) ) ;
#6970 = ADVANCED_FACE ( 'NONE', ( #5497 ), #7338, .T. ) ;
#6971 = EDGE_CURVE ( 'NONE', #6434, #2307, #651, .T. ) ;
#6972 = CARTESIAN_POINT ( 'NONE',  ( 1.154700538379331400, -1.999999999999954000, -14.29166666666663100 ) ) ;
#6973 = DIRECTION ( 'NONE',  ( 0.0000000000000000000, 0.0000000000000000000, 1.000000000000000000 ) ) ;
#6974 = DIRECTION ( 'NONE',  ( 0.0000000000000000000, 0.0000000000000000000, 1.000000000000000000 ) ) ;
#6975 = CARTESIAN_POINT ( 'NONE',  ( 2.309401076758502900, 3.239433308545619500E-014, -3.762499999999987300 ) ) ;
#6976 = ORIENTED_EDGE ( 'NONE', *, *, #5029, .F. ) ;
#6977 = CARTESIAN_POINT ( 'NONE',  ( -1.463331560924265600, 0.4967153559692238400, -22.00000000000000400 ) ) ;
#6978 = CARTESIAN_POINT ( 'NONE',  ( -1.545336663013167500, 3.340877610319937100E-015, -3.762499999999991300 ) ) ;
#6979 = EDGE_CURVE ( 'NONE', #7074, #7944, #654, .T. ) ;
#6980 = CARTESIAN_POINT ( 'NONE',  ( 1.338300807568891100, -0.7726683315065564500, -10.38333333333330600 ) ) ;
#6981 = CARTESIAN_POINT ( 'NONE',  ( 1.154700538379281000, -1.999999999999982500, -3.091666666666657000 ) ) ;
#6982 = ORIENTED_EDGE ( 'NONE', *, *, #218, .T. ) ;
#6983 = CARTESIAN_POINT ( 'NONE',  ( 0.8922005383792722700, -1.545336663013154900, -13.94166666666662900 ) ) ;
#6984 = CARTESIAN_POINT ( 'NONE',  ( -0.8922005383792110900, -1.545336663013189700, -9.245833333333308700 ) ) ;
#6985 = CARTESIAN_POINT ( 'NONE',  ( -1.154700538379327400, 1.999999999999955800, -18.84166666666662200 ) ) ;
#6986 = CARTESIAN_POINT ( 'NONE',  ( -2.793185071074506100E-014, 2.000000000000000000, -5.599999999999984500 ) ) ;
#6987 = CARTESIAN_POINT ( 'NONE',  ( -1.338300807568864000, -0.7726683315066029700, -19.10416666666661800 ) ) ;
#6988 = VERTEX_POINT ( 'NONE', #1051 ) ;
#6989 = CARTESIAN_POINT ( 'NONE',  ( -2.793185071074506100E-014, 2.000000000000000000, -20.29999999999995100 ) ) ;
#6990 = DIRECTION ( 'NONE',  ( -0.0000000000000000000, -0.0000000000000000000, -1.000000000000000000 ) ) ;
#6991 = CARTESIAN_POINT ( 'NONE',  ( -0.8922005383791981000, -1.545336663013197300, -12.65833333333330100 ) ) ;
#6992 = DIRECTION ( 'NONE',  ( 1.000000000000000000, 0.0000000000000000000, 0.0000000000000000000 ) ) ;
#6993 = CYLINDRICAL_SURFACE ( 'NONE', #3087, 2.000000000000000000 ) ;
#6994 =( BOUNDED_CURVE ( )  B_SPLINE_CURVE ( 2, ( #1257, #2528, #5074, #4357, #5603, #8142, #7529, #7584, #614 ),
 .UNSPECIFIED., .F., .F. ) 
 B_SPLINE_CURVE_WITH_KNOTS ( ( 3, 2, 2, 2, 3 ),
 ( 0.2279411764705883100, 0.2303921568627450800, 0.2352941176470588200, 0.2401960784313725600, 0.2426470588235294900 ),
 .UNSPECIFIED. ) 
 CURVE ( )  GEOMETRIC_REPRESENTATION_ITEM ( )  RATIONAL_B_SPLINE_CURVE ( ( 0.9330127018922194100, 0.9330127018922216300, 1.000000000000000000, 0.8660254037844387100, 1.000000000000000000, 0.8660254037844387100, 1.000000000000000000, 0.9330127018922170800, 0.9330127018922194100 ) ) 
 REPRESENTATION_ITEM ( '' )  );
#6995 = CARTESIAN_POINT ( 'NONE',  ( -1.154700538379222800, -2.000000000000016400, -17.99583333333328400 ) ) ;
#6996 = ORIENTED_EDGE ( 'NONE', *, *, #1116, .T. ) ;
#6997 = ORIENTED_EDGE ( 'NONE', *, *, #6635, .T. ) ;
#6998 = CARTESIAN_POINT ( 'NONE',  ( 2.000000000000000400, -4.009053132383925200E-015, -3.062499999999992000 ) ) ;
#6999 = CARTESIAN_POINT ( 'NONE',  ( 1.545336663013167300, 1.892491597964127500E-016, 0.0000000000000000000 ) ) ;
#7000 = CARTESIAN_POINT ( 'NONE',  ( -1.154700538379222800, -2.000000000000016400, -2.595833333333323400 ) ) ;
#7001 = DIRECTION ( 'NONE',  ( -0.0000000000000000000, -0.0000000000000000000, -1.000000000000000000 ) ) ;
#7002 = EDGE_CURVE ( 'NONE', #3586, #7811, #160, .T. ) ;
#7003 = ORIENTED_EDGE ( 'NONE', *, *, #5010, .T. ) ;
#7004 = ORIENTED_EDGE ( 'NONE', *, *, #4539, .F. ) ;
#7005 = ADVANCED_FACE ( 'NONE', ( #1933 ), #3325, .T. ) ;
#7006 =( BOUNDED_CURVE ( )  B_SPLINE_CURVE ( 2, ( #4308, #509, #1172, #5566, #483, #7486, #560, #1197, #4280 ),
 .UNSPECIFIED., .F., .F. ) 
 B_SPLINE_CURVE_WITH_KNOTS ( ( 3, 2, 2, 2, 3 ),
 ( 0.6691176470588235900, 0.6715686274509803400, 0.6764705882352941600, 0.6813725490196078600, 0.6838235294117648300 ),
 .UNSPECIFIED. ) 
 CURVE ( )  GEOMETRIC_REPRESENTATION_ITEM ( )  RATIONAL_B_SPLINE_CURVE ( ( 0.9330127018922194100, 0.9330127018922224100, 1.000000000000000000, 0.8660254037844387100, 1.000000000000000000, 0.8660254037844387100, 1.000000000000000000, 0.9330127018922163000, 0.9330127018922194100 ) ) 
 REPRESENTATION_ITEM ( '' )  );
#7007 = CARTESIAN_POINT ( 'NONE',  ( -0.8922005383792724900, 1.545336663013154900, -13.59166666666663100 ) ) ;
#7008 = CARTESIAN_POINT ( 'NONE',  ( 5.421010862427522200E-016, 1.732050807568877600, -26.00000000000000000 ) ) ;
#7009 = CARTESIAN_POINT ( 'NONE',  ( -3.500000000000000000, 0.0000000000000000000, -22.35000000000000100 ) ) ;
#7010 = CYLINDRICAL_SURFACE ( 'NONE', #4338, 1.545336663013167300 ) ;
#7011 = CARTESIAN_POINT ( 'NONE',  ( 1.154700538379280100, -1.999999999999983300, -5.191666666666651300 ) ) ;
#7012 = CARTESIAN_POINT ( 'NONE',  ( -2.158205648456237400E-014, 1.545336663013167300, -19.33749999999995200 ) ) ;
#7013 = LINE ( 'NONE', #5280, #5854 ) ;
#7014 = CARTESIAN_POINT ( 'NONE',  ( -2.000000000000008400, -0.5358983848622772600, -18.08123926088299200 ) ) ;
#7015 = CARTESIAN_POINT ( 'NONE',  ( 1.545336663013166200, -3.108468733080288500E-015, -7.612499999999981200 ) ) ;
#7016 = EDGE_CURVE ( 'NONE', #1268, #7800, #171, .T. ) ;
#7017 = CARTESIAN_POINT ( 'NONE',  ( 1.545336663013166200, 1.051650169509406100E-014, -12.42499999999996900 ) ) ;
#7018 = CARTESIAN_POINT ( 'NONE',  ( 1.338300807568841000, 0.7726683315066430500, -21.46666666666661200 ) ) ;
#7019 = CARTESIAN_POINT ( 'NONE',  ( -2.000000000000002200, 1.162044386198238700E-015, -12.42499999999996900 ) ) ;
#7020 = CARTESIAN_POINT ( 'NONE',  ( -2.793185071074506700E-014, 2.000000000000000000, -16.88749999999995300 ) ) ;
#7021 = EDGE_LOOP ( 'NONE', ( #7997, #7690, #6139, #4694 ) ) ;
#7022 = VERTEX_POINT ( 'NONE', #7924 ) ;
#7023 = CARTESIAN_POINT ( 'NONE',  ( 1.545336663013166600, 0.4140717108886041700, -8.893739260883014800 ) ) ;
#7024 = ORIENTED_EDGE ( 'NONE', *, *, #3698, .T. ) ;
#7025 = CARTESIAN_POINT ( 'NONE',  ( 2.000000000000001800, 4.125257571003747400E-015, -8.574999999999981500 ) ) ;
#7026 = CARTESIAN_POINT ( 'NONE',  ( 2.309401076758502900, 3.239433308545619500E-014, -1.662499999999993000 ) ) ;
#7027 = CARTESIAN_POINT ( 'NONE',  ( 0.0000000000000000000, 0.0000000000000000000, 0.0000000000000000000 ) ) ;
#7028 = LINE ( 'NONE', #4799, #4697 ) ;
#7029 = EDGE_CURVE ( 'NONE', #6022, #2803, #2452, .T. ) ;
#7030 = ORIENTED_EDGE ( 'NONE', *, *, #692, .F. ) ;
#7031 = CARTESIAN_POINT ( 'NONE',  ( 1.999999999999998200, -0.5358983848622219700, -12.89376073911693000 ) ) ;
#7032 = EDGE_LOOP ( 'NONE', ( #1626, #4989, #6927, #6883 ) ) ;
#7033 = ORIENTED_EDGE ( 'NONE', *, *, #4609, .F. ) ;
#7034 = CARTESIAN_POINT ( 'NONE',  ( -1.545336663013169100, 0.4140717108885662600, -5.893760739116947500 ) ) ;
#7035 =( BOUNDED_CURVE ( )  B_SPLINE_CURVE ( 2, ( #2161, #288, #2843, #7919, #347, #7229, #5298, #6562, #6021 ),
 .UNSPECIFIED., .F., .F. ) 
 B_SPLINE_CURVE_WITH_KNOTS ( ( 3, 2, 2, 2, 3 ),
 ( 0.7720588235294119100, 0.7745098039215686500, 0.7794117647058823600, 0.7843137254901960700, 0.7867647058823530300 ),
 .UNSPECIFIED. ) 
 CURVE ( )  GEOMETRIC_REPRESENTATION_ITEM ( )  RATIONAL_B_SPLINE_CURVE ( ( 0.9330127018922194100, 0.9330127018922224100, 1.000000000000000000, 0.8660254037844387100, 1.000000000000000000, 0.8660254037844387100, 1.000000000000000000, 0.9330127018922163000, 0.9330127018922194100 ) ) 
 REPRESENTATION_ITEM ( '' )  );
#7036 = CYLINDRICAL_SURFACE ( 'NONE', #5563, 1.545336663013167300 ) ;
#7037 = CARTESIAN_POINT ( 'NONE',  ( -3.500000000000000000, 4.286263797015736600E-016, -22.35000000000000100 ) ) ;
#7038 = CARTESIAN_POINT ( 'NONE',  ( -2.000000000000000000, 4.764381983412779500E-015, -2.712499999999992800 ) ) ;
#7039 = CARTESIAN_POINT ( 'NONE',  ( 0.8922005383792722700, -1.545336663013154900, -12.54166666666663200 ) ) ;
#7040 = CARTESIAN_POINT ( 'NONE',  ( 1.545336663013165700, 0.4140717108886188800, -14.58123926088300100 ) ) ;
#7041 = ORIENTED_EDGE ( 'NONE', *, *, #7, .F. ) ;
#7042 = CARTESIAN_POINT ( 'NONE',  ( -1.154700538379280800, 1.999999999999983100, -3.441666666666656200 ) ) ;
#7043 = CARTESIAN_POINT ( 'NONE',  ( -1.338300807568886700, 0.7726683315065640000, -17.12083333333328700 ) ) ;
#7044 = CARTESIAN_POINT ( 'NONE',  ( 1.545336663013167300, 1.892491597964127500E-016, 0.0000000000000000000 ) ) ;
#7045 = CARTESIAN_POINT ( 'NONE',  ( -2.000000000000004000, 0.5358983848622166400, -11.84376073911693300 ) ) ;
#7046 = ORIENTED_EDGE ( 'NONE', *, *, #3754, .F. ) ;
#7047 = FACE_OUTER_BOUND ( 'NONE', #1514, .T. ) ;
#7048 = CARTESIAN_POINT ( 'NONE',  ( -1.732050807568862800, -1.000000000000025100, -13.76666666666663200 ) ) ;
#7049 = CARTESIAN_POINT ( 'NONE',  ( -1.732050807568891800, 0.9999999999999742400, -18.17083333333328500 ) ) ;
#7050 = ADVANCED_FACE ( 'NONE', ( #7528 ), #2836, .T. ) ;
#7051 = CARTESIAN_POINT ( 'NONE',  ( -1.545336663013166600, 0.4140717108885632000, -8.606260739116940800 ) ) ;
#7052 = CARTESIAN_POINT ( 'NONE',  ( 1.999999999999998200, -0.5358983848622260700, -3.093760739116954400 ) ) ;
#7053 = EDGE_CURVE ( 'NONE', #3589, #700, #7346, .T. ) ;
#7054 = CARTESIAN_POINT ( 'NONE',  ( 2.000000000000002200, 5.171097518582162600E-015, -9.362499999999977600 ) ) ;
#7055 = CARTESIAN_POINT ( 'NONE',  ( -2.309401076758502900, -3.267715314911616300E-014, -2.012499999999992200 ) ) ;
#7056 = CARTESIAN_POINT ( 'NONE',  ( 1.545336663013166200, -2.295037662741521500E-015, -8.924999999999977600 ) ) ;
#7057 = ORIENTED_EDGE ( 'NONE', *, *, #4039, .T. ) ;
#7058 = VECTOR ( 'NONE', #4519, 1000.000000000000000 ) ;
#7059 = LINE ( 'NONE', #4905, #769 ) ;
#7060 = EDGE_LOOP ( 'NONE', ( #7282, #1400, #2043, #1417 ) ) ;
#7061 = CARTESIAN_POINT ( 'NONE',  ( 1.545336663013168900, 9.470661747515645500E-015, -6.824999999999980600 ) ) ;
#7062 = CARTESIAN_POINT ( 'NONE',  ( -1.154700538379166000, -2.000000000000049300, -18.69583333333328300 ) ) ;
#7063 = CARTESIAN_POINT ( 'NONE',  ( 2.000000000000000000, 3.428030939284804100E-015, -5.774999999999985300 ) ) ;
#7064 = CARTESIAN_POINT ( 'NONE',  ( 1.784401076758500100, 2.503007529540795900E-014, -11.72499999999996800 ) ) ;
#7065 = EDGE_CURVE ( 'NONE', #4448, #4122, #5925, .T. ) ;
#7066 = DIRECTION ( 'NONE',  ( -0.0000000000000000000, -0.0000000000000000000, -1.000000000000000000 ) ) ;
#7067 = CARTESIAN_POINT ( 'NONE',  ( -1.154700538379280800, 1.999999999999983100, -5.541666666666651900 ) ) ;
#7068 = CARTESIAN_POINT ( 'NONE',  ( 1.999999999999998700, -0.5358983848622295200, -1.693760739116958000 ) ) ;
#7069 = CARTESIAN_POINT ( 'NONE',  ( -1.338300807568886700, 0.7726683315065640000, -12.22083333333330100 ) ) ;
#7070 = CARTESIAN_POINT ( 'NONE',  ( -2.940142686972189500E-014, 2.000000000000000000, -1.399999999999994600 ) ) ;
#7071 = CARTESIAN_POINT ( 'NONE',  ( 1.795544095158371100E-016, 1.732050807568877400, -23.75000000000000000 ) ) ;
#7072 = DIRECTION ( 'NONE',  ( 0.0000000000000000000, 0.0000000000000000000, -1.000000000000000000 ) ) ;
#7073 = CARTESIAN_POINT ( 'NONE',  ( 0.0000000000000000000, 0.0000000000000000000, -26.00000000000000000 ) ) ;
#7074 = VERTEX_POINT ( 'NONE', #1170 ) ;
#7075 = CARTESIAN_POINT ( 'NONE',  ( -1.154700538379280800, 1.999999999999983100, -14.64166666666663000 ) ) ;
#7076 = CARTESIAN_POINT ( 'NONE',  ( 1.999999999999998200, 1.708205247711410800E-014, -19.07499999999995300 ) ) ;
#7077 = CARTESIAN_POINT ( 'NONE',  ( 1.154700538379223000, 2.000000000000016000, -21.14583333333327900 ) ) ;
#7078 = ORIENTED_EDGE ( 'NONE', *, *, #2811, .T. ) ;
#7079 = EDGE_CURVE ( 'NONE', #2678, #6851, #5663, .T. ) ;
#7080 = CARTESIAN_POINT ( 'NONE',  ( -1.154700538379280800, 1.999999999999983100, -4.929166666666651200 ) ) ;
#7081 = CARTESIAN_POINT ( 'NONE',  ( 4.354069822177474200E-014, -1.545336663013167300, -9.099999999999976600 ) ) ;
#7082 = DIRECTION ( 'NONE',  ( -0.0000000000000000000, -0.0000000000000000000, -1.000000000000000000 ) ) ;
#7083 = CARTESIAN_POINT ( 'NONE',  ( 1.999999999999990000, 0.5358983848622912400, -18.43123926088299300 ) ) ;
#7084 = ADVANCED_FACE ( 'NONE', ( #7945 ), #4822, .T. ) ;
#7085 = CARTESIAN_POINT ( 'NONE',  ( -2.000000000000008400, 0.5358983848621991000, -16.74376073911691500 ) ) ;
#7086 = ORIENTED_EDGE ( 'NONE', *, *, #6569, .F. ) ;
#7087 = CARTESIAN_POINT ( 'NONE',  ( -1.338300807568850700, -0.7726683315066259500, -15.60416666666662500 ) ) ;
#7088 = DIRECTION ( 'NONE',  ( -0.7071067811865487900, 0.0000000000000000000, -0.7071067811865463500 ) ) ;
#7089 = CARTESIAN_POINT ( 'NONE',  ( -1.338300807568864000, -0.7726683315066029700, -12.01666666666663400 ) ) ;
#7090 = FACE_OUTER_BOUND ( 'NONE', #1616, .T. ) ;
#7091 = CARTESIAN_POINT ( 'NONE',  ( -1.154700538379219900, -2.000000000000017800, -1.895833333333325700 ) ) ;
#7092 = CARTESIAN_POINT ( 'NONE',  ( 1.784401076758500100, 2.503007529540795600E-014, -9.712499999999973700 ) ) ;
#7093 = CARTESIAN_POINT ( 'NONE',  ( -1.545336663013167300, 0.0000000000000000000, 0.0000000000000000000 ) ) ;
#7094 = CARTESIAN_POINT ( 'NONE',  ( 1.999999999999998200, 1.377022597644913000E-014, -12.16249999999996800 ) ) ;
#7095 = CARTESIAN_POINT ( 'NONE',  ( 1.154700538379280100, -1.999999999999983300, -12.19166666666663400 ) ) ;
#7096 = CARTESIAN_POINT ( 'NONE',  ( -1.732050807568911600, 0.9999999999999401600, -20.88333333333328300 ) ) ;
#7097 = CARTESIAN_POINT ( 'NONE',  ( -1.154700538379222800, -2.000000000000016400, -19.39583333333328200 ) ) ;
#7098 = ORIENTED_EDGE ( 'NONE', *, *, #1476, .T. ) ;
#7099 = APPLICATION_CONTEXT ( 'configuration controlled 3d designs of mechanical parts and assemblies' ) ;
#7100 = CARTESIAN_POINT ( 'NONE',  ( 2.000000000000000000, 2.963213184805508800E-015, -5.074999999999987700 ) ) ;
#7101 = ORIENTED_EDGE ( 'NONE', *, *, #6205, .F. ) ;
#7102 =( BOUNDED_CURVE ( )  B_SPLINE_CURVE ( 2, ( #1433, #1990, #809, #6402, #117, #3953, #782, #1403, #4611 ),
 .UNSPECIFIED., .F., .F. ) 
 B_SPLINE_CURVE_WITH_KNOTS ( ( 3, 2, 2, 2, 3 ),
 ( 0.6102941176470589900, 0.6127450980392157300, 0.6176470588235294400, 0.6225490196078431500, 0.6250000000000001100 ),
 .UNSPECIFIED. ) 
 CURVE ( )  GEOMETRIC_REPRESENTATION_ITEM ( )  RATIONAL_B_SPLINE_CURVE ( ( 0.9330127018922193000, 0.9330127018922238500, 1.000000000000000000, 0.8660254037844387100, 1.000000000000000000, 0.8660254037844387100, 1.000000000000000000, 0.9330127018922163000, 0.9330127018922194100 ) ) 
 REPRESENTATION_ITEM ( '' )  );
#7103 = CARTESIAN_POINT ( 'NONE',  ( -1.338300807568864000, -0.7726683315066029700, -3.004166666666656700 ) ) ;
#7104 = CARTESIAN_POINT ( 'NONE',  ( -1.154700538379215700, -2.000000000000020400, -8.808333333333310500 ) ) ;
#7105 = CARTESIAN_POINT ( 'NONE',  ( 1.732050807568863200, 1.000000000000024400, -6.504166666666647800 ) ) ;
#7106 = CARTESIAN_POINT ( 'NONE',  ( -3.218000943316148400E-014, 1.545336663013167300, -18.54999999999995100 ) ) ;
#7107 = FACE_OUTER_BOUND ( 'NONE', #4544, .T. ) ;
#7108 = ORIENTED_EDGE ( 'NONE', *, *, #1167, .F. ) ;
#7109 = EDGE_CURVE ( 'NONE', #3583, #2568, #7110, .T. ) ;
#7110 =( BOUNDED_CURVE ( )  B_SPLINE_CURVE ( 2, ( #8154, #5638, #2487, #6901, #1147, #3124, #7440, #4397, #630 ),
 .UNSPECIFIED., .F., .F. ) 
 B_SPLINE_CURVE_WITH_KNOTS ( ( 3, 2, 2, 2, 3 ),
 ( 0.5808823529411766300, 0.5833333333333333700, 0.5882352941176470800, 0.5931372549019607900, 0.5955882352941177500 ),
 .UNSPECIFIED. ) 
 CURVE ( )  GEOMETRIC_REPRESENTATION_ITEM ( )  RATIONAL_B_SPLINE_CURVE ( ( 0.9330127018922194100, 0.9330127018922224100, 1.000000000000000000, 0.8660254037844387100, 1.000000000000000000, 0.8660254037844387100, 1.000000000000000000, 0.9330127018922163000, 0.9330127018922194100 ) ) 
 REPRESENTATION_ITEM ( '' )  );
#7111 = ORIENTED_EDGE ( 'NONE', *, *, #6871, .T. ) ;
#7112 = CARTESIAN_POINT ( 'NONE',  ( -3.634731708256822900E-014, 1.545336663013167300, -6.037499999999982800 ) ) ;
#7113 = CARTESIAN_POINT ( 'NONE',  ( 1.154700538379285200, -1.999999999999980500, -8.779166666666641900 ) ) ;
#7114 = CARTESIAN_POINT ( 'NONE',  ( 0.8922005383792165300, 1.545336663013186600, -9.595833333333306600 ) ) ;
#7115 = ORIENTED_EDGE ( 'NONE', *, *, #218, .F. ) ;
#7116 = EDGE_LOOP ( 'NONE', ( #5474, #6045, #2964, #5136 ) ) ;
#7117 = CARTESIAN_POINT ( 'NONE',  ( 1.545336663013168200, -0.4140717108885578800, -8.343760739116941500 ) ) ;
#7118 = CARTESIAN_POINT ( 'NONE',  ( -1.784401076758500100, -2.524860140211269500E-014, -16.97499999999995500 ) ) ;
#7119 = VERTEX_POINT ( 'NONE', #532 ) ;
#7120 = CARTESIAN_POINT ( 'NONE',  ( 1.545336663013168000, 0.4140717108886112800, -20.79373926088298300 ) ) ;
#7121 = CARTESIAN_POINT ( 'NONE',  ( 1.999999999999998200, 1.336351044127974500E-015, -16.97499999999995900 ) ) ;
#7122 = CARTESIAN_POINT ( 'NONE',  ( -2.000000000000000000, 2.614599868946037200E-015, -2.012499999999994400 ) ) ;
#7123 = CARTESIAN_POINT ( 'NONE',  ( -1.338300807568864000, -0.7726683315066029700, -11.40416666666663700 ) ) ;
#7124 = CYLINDRICAL_SURFACE ( 'NONE', #2625, 1.545336663013167300 ) ;
#7125 = ORIENTED_EDGE ( 'NONE', *, *, #7691, .T. ) ;
#7126 = CARTESIAN_POINT ( 'NONE',  ( -5.536889085673848500E-014, 2.000000000000000000, -17.58749999999995200 ) ) ;
#7127 = EDGE_CURVE ( 'NONE', #588, #2267, #4816, .T. ) ;
#7128 = CARTESIAN_POINT ( 'NONE',  ( -2.000000000000006200, 1.626862140677534200E-014, -13.91249999999996600 ) ) ;
#7129 = CARTESIAN_POINT ( 'NONE',  ( -1.545336663013166200, -2.236935443431609700E-015, -7.174999999999983800 ) ) ;
#7130 = CARTESIAN_POINT ( 'NONE',  ( -1.732050807568862800, -1.000000000000025100, -12.36666666666663300 ) ) ;
#7131 = DIRECTION ( 'NONE',  ( 0.0000000000000000000, 0.0000000000000000000, 1.000000000000000000 ) ) ;
#7132 = CARTESIAN_POINT ( 'NONE',  ( -1.732050807568891800, 0.9999999999999742400, -20.97083333333327800 ) ) ;
#7133 = CYLINDRICAL_SURFACE ( 'NONE', #6765, 1.545336663013167300 ) ;
#7134 = ADVANCED_FACE ( 'NONE', ( #4721 ), #1548, .T. ) ;
#7135 = CARTESIAN_POINT ( 'NONE',  ( -1.784401076758500100, -2.524860140211269200E-014, -2.362499999999992300 ) ) ;
#7136 = CARTESIAN_POINT ( 'NONE',  ( -1.338300807568856700, -0.7726683315066154000, -13.41666666666663200 ) ) ;
#7137 = CARTESIAN_POINT ( 'NONE',  ( 0.0000000000000000000, 0.0000000000000000000, -22.35000000000000100 ) ) ;
#7138 = CARTESIAN_POINT ( 'NONE',  ( -1.732050807568891800, 0.9999999999999742400, -7.670833333333312100 ) ) ;
#7139 = ORIENTED_EDGE ( 'NONE', *, *, #1267, .T. ) ;
#7140 = CARTESIAN_POINT ( 'NONE',  ( -1.338300807568859600, -0.7726683315066109600, -3.704166666666655100 ) ) ;
#7141 = CARTESIAN_POINT ( 'NONE',  ( 1.711483610408947700, 0.5348123664922178600, -0.3490218146308186600 ) ) ;
#7142 = EDGE_CURVE ( 'NONE', #5873, #7936, #5998, .T. ) ;
#7143 = CARTESIAN_POINT ( 'NONE',  ( 1.732050807568834100, 1.000000000000075100, -18.40416666666661900 ) ) ;
#7144 = ORIENTED_EDGE ( 'NONE', *, *, #6879, .F. ) ;
#7145 = CARTESIAN_POINT ( 'NONE',  ( -1.545336663013167500, 2.033577675846917700E-015, -2.274999999999994600 ) ) ;
#7146 = CARTESIAN_POINT ( 'NONE',  ( -0.8922005383792279700, -1.545336663013180200, -14.75833333333329600 ) ) ;
#7147 =( BOUNDED_CURVE ( )  B_SPLINE_CURVE ( 2, ( #5448, #418, #1037, #6093, #3567, #4825, #2296, #4214, #2276 ),
 .UNSPECIFIED., .F., .F. ) 
 B_SPLINE_CURVE_WITH_KNOTS ( ( 3, 2, 2, 2, 3 ),
 ( 0.2573529411764706700, 0.2598039215686274700, 0.2647058823529411800, 0.2696078431372548900, 0.2720588235294118500 ),
 .UNSPECIFIED. ) 
 CURVE ( )  GEOMETRIC_REPRESENTATION_ITEM ( )  RATIONAL_B_SPLINE_CURVE ( ( 0.9330127018922194100, 0.9330127018922216300, 1.000000000000000000, 0.8660254037844387100, 1.000000000000000000, 0.8660254037844387100, 1.000000000000000000, 0.9330127018922170800, 0.9330127018922194100 ) ) 
 REPRESENTATION_ITEM ( '' )  );
#7148 = DIRECTION ( 'NONE',  ( -1.000000000000000000, 0.0000000000000000000, 0.0000000000000000000 ) ) ;
#7149 = CARTESIAN_POINT ( 'NONE',  ( 1.999999999999998200, -0.5358983848622219700, -13.50626073911693000 ) ) ;
#7150 = AXIS2_PLACEMENT_3D ( 'NONE', #6370, #3216, #4536 ) ;
#7151 = EDGE_LOOP ( 'NONE', ( #938, #2535, #5206, #6182 ) ) ;
#7152 = CARTESIAN_POINT ( 'NONE',  ( -1.338300807568864000, -0.7726683315066029700, -10.70416666666663700 ) ) ;
#7153 = LINE ( 'NONE', #4511, #6190 ) ;
#7154 = DIRECTION ( 'NONE',  ( 1.000000000000000000, 0.0000000000000000000, 0.0000000000000000000 ) ) ;
#7155 = AXIS2_PLACEMENT_3D ( 'NONE', #319, #7846, #7261 ) ;
#7156 = CARTESIAN_POINT ( 'NONE',  ( -1.732050807568899400, 0.9999999999999612500, -6.183333333333316700 ) ) ;
#7157 = CARTESIAN_POINT ( 'NONE',  ( -2.793185071074506100E-014, 2.000000000000000000, -13.99999999999996400 ) ) ;
#7158 = CARTESIAN_POINT ( 'NONE',  ( -1.338300807568838700, -0.7726683315066469300, -19.71666666666661900 ) ) ;
#7159 = CARTESIAN_POINT ( 'NONE',  ( -1.338300807568864000, -0.7726683315066029700, 0.5833333333333343700 ) ) ;
#7160 = CYLINDRICAL_SURFACE ( 'NONE', #4270, 1.545336663013167300 ) ;
#7161 = CARTESIAN_POINT ( 'NONE',  ( 1.999999999999998200, 0.5358983848622741500, -13.44373926088300500 ) ) ;
#7162 = CARTESIAN_POINT ( 'NONE',  ( 1.784401076758500100, 2.503007529540795600E-014, 0.08750000000000195100 ) ) ;
#7163 = EDGE_CURVE ( 'NONE', #6321, #6078, #5900, .T. ) ;
#7164 = CARTESIAN_POINT ( 'NONE',  ( 0.7677793670252762700, -1.766457415941344600, -0.4393596570162809400 ) ) ;
#7165 = CARTESIAN_POINT ( 'NONE',  ( 2.309401076758502900, 3.239433308545619500E-014, -5.162499999999984500 ) ) ;
#7166 = CARTESIAN_POINT ( 'NONE',  ( -2.000000000000000400, 0.5358983848621979900, -15.95626073911692400 ) ) ;
#7167 = CARTESIAN_POINT ( 'NONE',  ( 2.000000000000002200, -1.196905717784185900E-014, -6.562499999999984000 ) ) ;
#7168 = CARTESIAN_POINT ( 'NONE',  ( 1.999999999999998200, 1.708205247711410800E-014, -18.46249999999995600 ) ) ;
#7169 = CARTESIAN_POINT ( 'NONE',  ( -0.8922005383792724900, 1.545336663013154900, -6.679166666666648500 ) ) ;
#7170 = ORIENTED_EDGE ( 'NONE', *, *, #3110, .T. ) ;
#7171 = ADVANCED_FACE ( 'NONE', ( #477 ), #6956, .T. ) ;
#7172 = CARTESIAN_POINT ( 'NONE',  ( -2.000000000000002200, 1.162044386198238700E-015, -12.42499999999996900 ) ) ;
#7173 = CARTESIAN_POINT ( 'NONE',  ( 1.999999999999998200, 0.5358983848622903600, -14.84373926088300000 ) ) ;
#7174 = CARTESIAN_POINT ( 'NONE',  ( 1.338300807568886300, -0.7726683315065647800, -15.28333333333329200 ) ) ;
#7175 = EDGE_CURVE ( 'NONE', #1757, #294, #1629, .T. ) ;
#7176 = CARTESIAN_POINT ( 'NONE',  ( 5.929023653655636700E-014, -2.000000000000000000, -13.64999999999996700 ) ) ;
#7177 = CARTESIAN_POINT ( 'NONE',  ( 3.724164230681130800E-014, -2.000000000000000000, -1.837499999999992400 ) ) ;
#7178 = CARTESIAN_POINT ( 'NONE',  ( 2.177130564435878500E-014, -1.545336663013167300, -14.78749999999996200 ) ) ;
#7179 = CARTESIAN_POINT ( 'NONE',  ( 2.000000000000003100, 0.5358983848622727000, -9.331239260883013000 ) ) ;
#7180 = CARTESIAN_POINT ( 'NONE',  ( -1.545336663013167700, 1.162044386198239100E-016, -1.574999999999996200 ) ) ;
#7181 = EDGE_LOOP ( 'NONE', ( #7597, #6152, #5243, #6144 ) ) ;
#7182 =( BOUNDED_CURVE ( )  B_SPLINE_CURVE ( 2, ( #3641, #1097, #6159, #7333, #1787, #3661, #4941, #6760, #2364 ),
 .UNSPECIFIED., .F., .F. ) 
 B_SPLINE_CURVE_WITH_KNOTS ( ( 3, 2, 2, 2, 3 ),
 ( 0.6838235294117648300, 0.6862745098039215700, 0.6911764705882352800, 0.6960784313725489900, 0.6985294117647059500 ),
 .UNSPECIFIED. ) 
 CURVE ( )  GEOMETRIC_REPRESENTATION_ITEM ( )  RATIONAL_B_SPLINE_CURVE ( ( 0.9330127018922194100, 0.9330127018922224100, 1.000000000000000000, 0.8660254037844387100, 1.000000000000000000, 0.8660254037844387100, 1.000000000000000000, 0.9330127018922163000, 0.9330127018922194100 ) ) 
 REPRESENTATION_ITEM ( '' )  );
#7183 = CARTESIAN_POINT ( 'NONE',  ( 0.0000000000000000000, 0.0000000000000000000, 0.0000000000000000000 ) ) ;
#7184 = CARTESIAN_POINT ( 'NONE',  ( 1.545336663013166000, 7.872850716493068400E-015, -10.32499999999997400 ) ) ;
#7185 = CARTESIAN_POINT ( 'NONE',  ( 2.309401076758502900, 3.239433308545618900E-014, -7.874999999999979600 ) ) ;
#7186 = CARTESIAN_POINT ( 'NONE',  ( -1.732050807568891800, 0.9999999999999742400, -20.27083333333327900 ) ) ;
#7187 = EDGE_CURVE ( 'NONE', #3657, #1118, #4604, .T. ) ;
#7188 = ORIENTED_EDGE ( 'NONE', *, *, #7866, .T. ) ;
#7189 = CARTESIAN_POINT ( 'NONE',  ( 0.8922005383792283000, 1.545336663013179700, -1.195833333333328200 ) ) ;
#7190 = CARTESIAN_POINT ( 'NONE',  ( -1.338300807568894000, 0.7726683315065512300, -11.52083333333330400 ) ) ;
#7191 = CYLINDRICAL_SURFACE ( 'NONE', #4222, 2.000000000000000000 ) ;
#7192 = CARTESIAN_POINT ( 'NONE',  ( 1.545336663013166200, 1.045839947578414800E-015, -16.62499999999996400 ) ) ;
#7193 = CARTESIAN_POINT ( 'NONE',  ( -1.732050807568891800, 0.9999999999999742400, -9.770833333333307300 ) ) ;
#7194 = CARTESIAN_POINT ( 'NONE',  ( 2.000000000000006200, 1.958044790744032300E-014, -20.56249999999994700 ) ) ;
#7195 = CARTESIAN_POINT ( 'NONE',  ( -1.338300807568864000, -0.7726683315066029700, -5.804166666666650300 ) ) ;
#7196 = ORIENTED_EDGE ( 'NONE', *, *, #2546, .T. ) ;
#7197 =( BOUNDED_CURVE ( )  B_SPLINE_CURVE ( 2, ( #2481, #7508, #3068, #623, #2409, #6277, #4366, #6923, #3710 ),
 .UNSPECIFIED., .F., .F. ) 
 B_SPLINE_CURVE_WITH_KNOTS ( ( 3, 2, 2, 2, 3 ),
 ( 0.3455882352941177500, 0.3480392156862744900, 0.3529411764705882600, 0.3578431372549019700, 0.3602941176470589300 ),
 .UNSPECIFIED. ) 
 CURVE ( )  GEOMETRIC_REPRESENTATION_ITEM ( )  RATIONAL_B_SPLINE_CURVE ( ( 0.9330127018922194100, 0.9330127018922224100, 1.000000000000000000, 0.8660254037844387100, 1.000000000000000000, 0.8660254037844387100, 1.000000000000000000, 0.9330127018922163000, 0.9330127018922194100 ) ) 
 REPRESENTATION_ITEM ( '' )  );
#7198 = ORIENTED_EDGE ( 'NONE', *, *, #7760, .F. ) ;
#7199 = CARTESIAN_POINT ( 'NONE',  ( -1.999999999999998200, -2.963213184805508800E-015, -7.524999999999982600 ) ) ;
#7200 = CARTESIAN_POINT ( 'NONE',  ( 3.920107718544707000E-014, -2.000000000000000000, -4.637499999999985100 ) ) ;
#7201 =( BOUNDED_CURVE ( )  B_SPLINE_CURVE ( 2, ( #5092, #26, #662, #1362, #2010, #6418, #5702, #5035, #7038 ),
 .UNSPECIFIED., .F., .F. ) 
 B_SPLINE_CURVE_WITH_KNOTS ( ( 3, 2, 2, 2, 3 ),
 ( 0.1544117647058824400, 0.1568627450980392100, 0.1617647058823529500, 0.1666666666666666600, 0.1691176470588236200 ),
 .UNSPECIFIED. ) 
 CURVE ( )  GEOMETRIC_REPRESENTATION_ITEM ( )  RATIONAL_B_SPLINE_CURVE ( ( 0.9330127018922194100, 0.9330127018922220700, 1.000000000000000000, 0.8660254037844387100, 1.000000000000000000, 0.8660254037844387100, 1.000000000000000000, 0.9330127018922167400, 0.9330127018922194100 ) ) 
 REPRESENTATION_ITEM ( '' )  );
#7202 = CARTESIAN_POINT ( 'NONE',  ( -2.158205648456237700E-014, 1.545336663013167300, -15.74999999999995900 ) ) ;
#7203 =( BOUNDED_CURVE ( )  B_SPLINE_CURVE ( 2, ( #7373, #4273, #498, #4911, #2263, #1266, #3877, #5112, #6329 ),
 .UNSPECIFIED., .F., .F. ) 
 B_SPLINE_CURVE_WITH_KNOTS ( ( 3, 2, 2, 2, 3 ),
 ( 0.6102941176470589900, 0.6127450980392157300, 0.6176470588235294400, 0.6225490196078431500, 0.6250000000000001100 ),
 .UNSPECIFIED. ) 
 CURVE ( )  GEOMETRIC_REPRESENTATION_ITEM ( )  RATIONAL_B_SPLINE_CURVE ( ( 0.9330127018922193000, 0.9330127018922238500, 1.000000000000000000, 0.8660254037844387100, 1.000000000000000000, 0.8660254037844387100, 1.000000000000000000, 0.9330127018922163000, 0.9330127018922194100 ) ) 
 REPRESENTATION_ITEM ( '' )  );
#7204 = ORIENTED_EDGE ( 'NONE', *, *, #7127, .T. ) ;
#7205 = CARTESIAN_POINT ( 'NONE',  ( 1.338300807568886300, -0.7726683315065647800, -15.37083333333329400 ) ) ;
#7206 = FACE_OUTER_BOUND ( 'NONE', #6449, .T. ) ;
#7207 = EDGE_LOOP ( 'NONE', ( #1235, #5421, #6654, #7511 ) ) ;
#7208 = CARTESIAN_POINT ( 'NONE',  ( 1.999999999999998200, -1.045839947578414800E-015, -12.07499999999997300 ) ) ;
#7209 = CARTESIAN_POINT ( 'NONE',  ( 1.545336663013167300, 1.892491597964127500E-016, 0.0000000000000000000 ) ) ;
#7210 = CARTESIAN_POINT ( 'NONE',  ( -1.732050807568891800, 0.9999999999999742400, -6.883333333333314200 ) ) ;
#7211 = CARTESIAN_POINT ( 'NONE',  ( 2.177130564435878800E-014, -1.545336663013167300, -2.799999999999990900 ) ) ;
#7212 = CARTESIAN_POINT ( 'NONE',  ( 0.0000000000000000000, 0.0000000000000000000, -26.00000000000000000 ) ) ;
#7213 = ADVANCED_FACE ( 'NONE', ( #5303 ), #3426, .T. ) ;
#7214 = CARTESIAN_POINT ( 'NONE',  ( 2.177130564435878500E-014, -1.545336663013167300, -0.7874999999999958700 ) ) ;
#7215 = CARTESIAN_POINT ( 'NONE',  ( -2.271755144334085000E-014, 1.545336663013167300, -1.137499999999994800 ) ) ;
#7216 = DIRECTION ( 'NONE',  ( 0.0000000000000000000, 0.0000000000000000000, 1.000000000000000000 ) ) ;
#7217 = CARTESIAN_POINT ( 'NONE',  ( 1.054504585534085500, -1.592713624613907300, -0.4281573456417406300 ) ) ;
#7218 = CARTESIAN_POINT ( 'NONE',  ( -1.154700538379222800, -2.000000000000016400, -9.595833333333306600 ) ) ;
#7219 = CARTESIAN_POINT ( 'NONE',  ( -2.000000000000000000, 2.449293598294706400E-016, -22.00000000000000000 ) ) ;
#7220 = CARTESIAN_POINT ( 'NONE',  ( 1.999999999999998200, 1.911563015296102800E-014, -21.26249999999994600 ) ) ;
#7221 = FACE_OUTER_BOUND ( 'NONE', #7060, .T. ) ;
#7222 = VERTEX_POINT ( 'NONE', #1262 ) ;
#7223 = CARTESIAN_POINT ( 'NONE',  ( -2.000000000000000000, -0.5358983848622844700, -16.59373926088299800 ) ) ;
#7224 = CARTESIAN_POINT ( 'NONE',  ( -1.784401076758500100, -2.524860140211269200E-014, -7.262499999999980600 ) ) ;
#7225 = ORIENTED_EDGE ( 'NONE', *, *, #920, .T. ) ;
#7226 = EDGE_CURVE ( 'NONE', #4691, #3778, #1740, .T. ) ;
#7227 = CARTESIAN_POINT ( 'NONE',  ( 0.8922005383792057700, 1.545336663013192800, -8.895833333333309100 ) ) ;
#7228 = CARTESIAN_POINT ( 'NONE',  ( 0.8922005383792283000, 1.545336663013179700, -17.20833333333329300 ) ) ;
#7229 = CARTESIAN_POINT ( 'NONE',  ( -1.154700538379194800, -2.000000000000032000, -17.29583333333328800 ) ) ;
#7230 = CARTESIAN_POINT ( 'NONE',  ( 1.999999999999998200, -3.892848693764099900E-015, -7.874999999999981300 ) ) ;
#7231 = ORIENTED_EDGE ( 'NONE', *, *, #5460, .T. ) ;
#7232 = VERTEX_POINT ( 'NONE', #50 ) ;
#7233 = CARTESIAN_POINT ( 'NONE',  ( 1.338300807568864300, 0.7726683315066025200, -13.85416666666663100 ) ) ;
#7234 = ORIENTED_EDGE ( 'NONE', *, *, #1918, .F. ) ;
#7235 = DIRECTION ( 'NONE',  ( 0.0000000000000000000, 0.0000000000000000000, -1.000000000000000000 ) ) ;
#7236 = EDGE_CURVE ( 'NONE', #2372, #3941, #3810, .T. ) ;
#7237 = CARTESIAN_POINT ( 'NONE',  ( -3.748657166664077800E-014, 2.000000000000000000, -2.187499999999991600 ) ) ;
#7238 = CARTESIAN_POINT ( 'NONE',  ( -0.8922005383792823700, 1.545336663013148900, -10.09166666666664400 ) ) ;
#7239 = CARTESIAN_POINT ( 'NONE',  ( 1.154700538379223000, 2.000000000000016000, -7.058333333333314000 ) ) ;
#7240 = CARTESIAN_POINT ( 'NONE',  ( 0.8922005383792283000, 1.545336663013179700, -22.19583333333327600 ) ) ;
#7241 = CARTESIAN_POINT ( 'NONE',  ( -1.338300807568864000, -0.7726683315066029700, -1.516666666666660400 ) ) ;
#7242 = ORIENTED_EDGE ( 'NONE', *, *, #1307, .F. ) ;
#7243 = CARTESIAN_POINT ( 'NONE',  ( 1.338300807568864300, 0.7726683315066025200, -4.754166666666653100 ) ) ;
#7244 = CYLINDRICAL_SURFACE ( 'NONE', #7906, 2.000000000000000000 ) ;
#7245 = CARTESIAN_POINT ( 'NONE',  ( 1.154700538379210600, 2.000000000000023100, -5.045833333333317400 ) ) ;
#7246 = CARTESIAN_POINT ( 'NONE',  ( 0.0000000000000000000, 0.0000000000000000000, 0.0000000000000000000 ) ) ;
#7247 = CARTESIAN_POINT ( 'NONE',  ( 1.545336663013166400, -3.253724281355068900E-015, -20.21249999999995200 ) ) ;
#7248 = EDGE_LOOP ( 'NONE', ( #748, #3361, #4196, #7198 ) ) ;
#7249 = CYLINDRICAL_SURFACE ( 'NONE', #7712, 2.000000000000000000 ) ;
#7250 = FACE_OUTER_BOUND ( 'NONE', #1487, .T. ) ;
#7251 = CARTESIAN_POINT ( 'NONE',  ( 2.177130564435878500E-014, -1.545336663013167300, -5.687499999999984000 ) ) ;
#7252 = DIRECTION ( 'NONE',  ( -0.0000000000000000000, -0.0000000000000000000, -1.000000000000000000 ) ) ;
#7253 = DIRECTION ( 'NONE',  ( 0.0000000000000000000, 0.0000000000000000000, 1.000000000000000000 ) ) ;
#7254 = ORIENTED_EDGE ( 'NONE', *, *, #2700, .F. ) ;
#7255 = CYLINDRICAL_SURFACE ( 'NONE', #3726, 2.000000000000000000 ) ;
#7256 = ADVANCED_FACE ( 'NONE', ( #4026 ), #3538, .T. ) ;
#7257 = VECTOR ( 'NONE', #613, 1000.000000000000000 ) ;
#7258 = CARTESIAN_POINT ( 'NONE',  ( -6.908988685228154200E-014, 2.000000000000000000, -16.88749999999995300 ) ) ;
#7259 = CARTESIAN_POINT ( 'NONE',  ( -0.8922005383792279700, -1.545336663013180200, -20.35833333333328100 ) ) ;
#7260 = CARTESIAN_POINT ( 'NONE',  ( 0.8922005383792722700, -1.545336663013154900, -15.42916666666662600 ) ) ;
#7261 = DIRECTION ( 'NONE',  ( -1.000000000000000000, 0.0000000000000000000, 0.0000000000000000000 ) ) ;
#7262 = CARTESIAN_POINT ( 'NONE',  ( 1.154700538379208800, 2.000000000000024000, -7.845833333333311900 ) ) ;
#7263 = CARTESIAN_POINT ( 'NONE',  ( -0.8922005383792774900, 1.545336663013151800, -0.9916666666666619200 ) ) ;
#7264 = CARTESIAN_POINT ( 'NONE',  ( 1.338300807568841000, 0.7726683315066430500, -21.55416666666661000 ) ) ;
#7265 = CARTESIAN_POINT ( 'NONE',  ( -2.309401076758502900, -3.267715314911616300E-014, -8.224999999999978300 ) ) ;
#7266 = CARTESIAN_POINT ( 'NONE',  ( 1.338300807568864300, 0.7726683315066025200, -2.566666666666658000 ) ) ;
#7267 = CARTESIAN_POINT ( 'NONE',  ( 0.8922005383791913300, 1.545336663013201100, -15.19583333333329900 ) ) ;
#7268 = CARTESIAN_POINT ( 'NONE',  ( -2.000000000000000400, -5.810221930991195400E-017, -1.924999999999995600 ) ) ;
#7269 = ORIENTED_EDGE ( 'NONE', *, *, #2475, .F. ) ;
#7270 = EDGE_CURVE ( 'NONE', #6633, #20, #422, .T. ) ;
#7271 = CARTESIAN_POINT ( 'NONE',  ( -1.732050807568844800, -1.000000000000056400, -18.66666666666661800 ) ) ;
#7272 = ORIENTED_EDGE ( 'NONE', *, *, #1486, .F. ) ;
#7273 = CARTESIAN_POINT ( 'NONE',  ( -0.8922005383792279700, -1.545336663013180200, -7.845833333333312800 ) ) ;
#7274 = CARTESIAN_POINT ( 'NONE',  ( -1.338300807568902000, 0.7726683315065374600, -20.62083333333328400 ) ) ;
#7275 = CARTESIAN_POINT ( 'NONE',  ( -5.111257768057408200E-014, 1.545336663013167300, -13.03749999999996600 ) ) ;
#7276 = DIRECTION ( 'NONE',  ( -0.0000000000000000000, -0.0000000000000000000, -1.000000000000000000 ) ) ;
#7277 = CARTESIAN_POINT ( 'NONE',  ( 1.338300807568864300, 0.7726683315066025200, -19.36666666666661700 ) ) ;
#7278 = EDGE_CURVE ( 'NONE', #6851, #3589, #6873, .T. ) ;
#7279 = DIRECTION ( 'NONE',  ( -0.0000000000000000000, -0.0000000000000000000, -1.000000000000000000 ) ) ;
#7280 =( BOUNDED_CURVE ( )  B_SPLINE_CURVE ( 2, ( #5796, #3940, #5874, #6390, #1420, #2061, #3242, #5765, #4627 ),
 .UNSPECIFIED., .F., .F. ) 
 B_SPLINE_CURVE_WITH_KNOTS ( ( 3, 2, 2, 2, 3 ),
 ( 0.1985294117647059800, 0.2009803921568627500, 0.2058823529411764600, 0.2107843137254902000, 0.2132352941176471600 ),
 .UNSPECIFIED. ) 
 CURVE ( )  GEOMETRIC_REPRESENTATION_ITEM ( )  RATIONAL_B_SPLINE_CURVE ( ( 0.9330127018922194100, 0.9330127018922220700, 1.000000000000000000, 0.8660254037844387100, 1.000000000000000000, 0.8660254037844387100, 1.000000000000000000, 0.9330127018922167400, 0.9330127018922194100 ) ) 
 REPRESENTATION_ITEM ( '' )  );
#7281 = CARTESIAN_POINT ( 'NONE',  ( 0.8922005383792847000, -1.545336663013147500, -4.229166666666654500 ) ) ;
#7282 = ORIENTED_EDGE ( 'NONE', *, *, #7002, .T. ) ;
#7283 = CARTESIAN_POINT ( 'NONE',  ( 1.732050807568863200, 1.000000000000024400, -7.116666666666646700 ) ) ;
#7284 = CARTESIAN_POINT ( 'NONE',  ( -0.8922005383792724900, 1.545336663013154900, -0.2916666666666634100 ) ) ;
#7285 = CONICAL_SURFACE ( 'NONE', #4000, 1.291336663013167500, 0.9599310885968840300 ) ;
#7286 = CARTESIAN_POINT ( 'NONE',  ( -1.999999999999998200, -1.225956827439141800E-014, -18.81249999999994700 ) ) ;
#7287 = ADVANCED_FACE ( 'NONE', ( #2329 ), #4998, .T. ) ;
#7288 = EDGE_CURVE ( 'NONE', #3287, #6633, #3331, .T. ) ;
#7289 = CARTESIAN_POINT ( 'NONE',  ( 1.999999999999998200, -2.963213184805508800E-015, -8.662499999999978300 ) ) ;
#7290 = CARTESIAN_POINT ( 'NONE',  ( 2.000000000000005800, 1.760497245090331600E-014, -18.37499999999995700 ) ) ;
#7291 = CARTESIAN_POINT ( 'NONE',  ( -1.999999999999998200, -1.225956827439141800E-014, -18.81249999999994700 ) ) ;
#7292 = ORIENTED_EDGE ( 'NONE', *, *, #6960, .F. ) ;
#7293 = CARTESIAN_POINT ( 'NONE',  ( 0.0000000000000000000, 0.0000000000000000000, 0.0000000000000000000 ) ) ;
#7294 = CARTESIAN_POINT ( 'NONE',  ( -2.158205648456237400E-014, 1.545336663013167300, -8.837499999999975500 ) ) ;
#7295 = ORIENTED_EDGE ( 'NONE', *, *, #6167, .T. ) ;
#7296 = CARTESIAN_POINT ( 'NONE',  ( 1.545336663013166400, -3.253724281355068900E-015, -20.12499999999995000 ) ) ;
#7297 = CYLINDRICAL_SURFACE ( 'NONE', #2933, 1.545336663013167300 ) ;
#7298 = CARTESIAN_POINT ( 'NONE',  ( 1.154700538379319600, -1.999999999999960500, -17.79166666666662200 ) ) ;
#7299 = CARTESIAN_POINT ( 'NONE',  ( 2.177130564435878800E-014, -1.545336663013167300, -18.89999999999995200 ) ) ;
#7300 = EDGE_LOOP ( 'NONE', ( #2556, #1977, #3612, #6844 ) ) ;
#7301 = VECTOR ( 'NONE', #1183, 1000.000000000000000 ) ;
#7302 = VERTEX_POINT ( 'NONE', #145 ) ;
#7303 = DIRECTION ( 'NONE',  ( 1.000000000000000000, 0.0000000000000000000, 0.0000000000000000000 ) ) ;
#7304 = DIRECTION ( 'NONE',  ( -1.000000000000000000, 0.0000000000000000000, 0.0000000000000000000 ) ) ;
#7305 = ORIENTED_EDGE ( 'NONE', *, *, #5605, .F. ) ;
#7306 = ORIENTED_EDGE ( 'NONE', *, *, #3971, .T. ) ;
#7307 = CARTESIAN_POINT ( 'NONE',  ( 1.154700538379304100, -1.999999999999969600, -15.07916666666662800 ) ) ;
#7308 = CARTESIAN_POINT ( 'NONE',  ( 1.154700538379223000, 2.000000000000016000, -11.25833333333330400 ) ) ;
#7309 = VERTEX_POINT ( 'NONE', #5080 ) ;
#7310 = CARTESIAN_POINT ( 'NONE',  ( 1.338300807568886300, -0.7726683315065647800, -0.5833333333333293700 ) ) ;
#7311 = FACE_OUTER_BOUND ( 'NONE', #1822, .T. ) ;
#7312 = CONICAL_SURFACE ( 'NONE', #3211, 1.291336663013167500, 0.9599310885968840300 ) ;
#7313 = VERTEX_POINT ( 'NONE', #3658 ) ;
#7314 = CARTESIAN_POINT ( 'NONE',  ( 0.0000000000000000000, 0.0000000000000000000, -22.00000000000000000 ) ) ;
#7315 = CARTESIAN_POINT ( 'NONE',  ( 1.999999999999998200, -4.125257571003748100E-015, -19.86249999999995500 ) ) ;
#7316 = DIRECTION ( 'NONE',  ( 0.0000000000000000000, 0.0000000000000000000, 1.000000000000000000 ) ) ;
#7317 = CARTESIAN_POINT ( 'NONE',  ( -0.8922005383791823400, -1.545336663013206200, -21.75833333333328000 ) ) ;
#7318 = CARTESIAN_POINT ( 'NONE',  ( 1.545336663013172400, -0.4140717108885544900, -15.95626073911692400 ) ) ;
#7319 = VECTOR ( 'NONE', #3530, 1000.000000000000000 ) ;
#7320 = EDGE_CURVE ( 'NONE', #6313, #4423, #65, .T. ) ;
#7321 = CARTESIAN_POINT ( 'NONE',  ( -1.545336663013170200, 0.4140717108885620400, -12.19376073911693200 ) ) ;
#7322 = VERTEX_POINT ( 'NONE', #8130 ) ;
#7323 = DIRECTION ( 'NONE',  ( -0.0000000000000000000, -0.0000000000000000000, -1.000000000000000000 ) ) ;
#7324 = CARTESIAN_POINT ( 'NONE',  ( 1.784401076758500100, 2.503007529540795900E-014, -19.42499999999995100 ) ) ;
#7325 =( BOUNDED_CURVE ( )  B_SPLINE_CURVE ( 2, ( #6832, #1765, #6233, #8083, #6788, #2340, #5572, #2440, #1792 ),
 .UNSPECIFIED., .F., .T. ) 
 B_SPLINE_CURVE_WITH_KNOTS ( ( 3, 2, 2, 2, 3 ),
 ( 0.3161764705882353900, 0.3186274509803921400, 0.3235294117647059000, 0.3284313725490196100, 0.3308823529411765200 ),
 .UNSPECIFIED. ) 
 CURVE ( )  GEOMETRIC_REPRESENTATION_ITEM ( )  RATIONAL_B_SPLINE_CURVE ( ( 0.9330127018922194100, 0.9330127018922224100, 1.000000000000000000, 0.8660254037844387100, 1.000000000000000000, 0.8660254037844387100, 1.000000000000000000, 0.9330127018922178600, 0.9330127018922194100 ) ) 
 REPRESENTATION_ITEM ( '' )  );
#7326 = CARTESIAN_POINT ( 'NONE',  ( -1.545336663013166200, -2.963213184805508800E-015, -8.574999999999978000 ) ) ;
#7327 = VERTEX_POINT ( 'NONE', #1110 ) ;
#7328 = CARTESIAN_POINT ( 'NONE',  ( -0.8922005383792789300, 1.545336663013150600, -3.791666666666655000 ) ) ;
#7329 = EDGE_CURVE ( 'NONE', #6313, #6670, #4216, .T. ) ;
#7330 = CARTESIAN_POINT ( 'NONE',  ( -2.000000000000000000, -3.079417623425332900E-015, -6.124999999999984900 ) ) ;
#7331 = CONICAL_SURFACE ( 'NONE', #3687, 1.732050807568877400, 0.7853981633974500600 ) ;
#7332 = CARTESIAN_POINT ( 'NONE',  ( 1.545336663013167700, 0.4140717108885973400, -1.193739260883031500 ) ) ;
#7333 = CARTESIAN_POINT ( 'NONE',  ( 0.8922005383792908100, -1.545336663013144000, -15.34166666666662800 ) ) ;
#7334 = CARTESIAN_POINT ( 'NONE',  ( 1.154700538379223000, 2.000000000000016000, -10.55833333333330300 ) ) ;
#7335 = CARTESIAN_POINT ( 'NONE',  ( -1.784401076758500100, -2.524860140211269500E-014, -6.474999999999981900 ) ) ;
#7336 =( BOUNDED_CURVE ( )  B_SPLINE_CURVE ( 2, ( #7019, #3866, #6462, #2611, #7645, #4550, #4468, #91, #3896 ),
 .UNSPECIFIED., .F., .F. ) 
 B_SPLINE_CURVE_WITH_KNOTS ( ( 3, 2, 2, 2, 3 ),
 ( 0.5514705882352942700, 0.5539215686274510100, 0.5588235294117647200, 0.5637254901960784300, 0.5661764705882353900 ),
 .UNSPECIFIED. ) 
 CURVE ( )  GEOMETRIC_REPRESENTATION_ITEM ( )  RATIONAL_B_SPLINE_CURVE ( ( 0.9330127018922194100, 0.9330127018922224100, 1.000000000000000000, 0.8660254037844387100, 1.000000000000000000, 0.8660254037844387100, 1.000000000000000000, 0.9330127018922163000, 0.9330127018922194100 ) ) 
 REPRESENTATION_ITEM ( '' )  );
#7337 = ORIENTED_EDGE ( 'NONE', *, *, #3623, .T. ) ;
#7338 = CYLINDRICAL_SURFACE ( 'NONE', #6378, 2.000000000000000000 ) ;
#7339 = CARTESIAN_POINT ( 'NONE',  ( 1.338300807568909600, -0.7726683315065243600, -18.08333333333329000 ) ) ;
#7340 = FACE_OUTER_BOUND ( 'NONE', #622, .T. ) ;
#7341 = CARTESIAN_POINT ( 'NONE',  ( -1.545336663013170200, 0.4140717108885620400, -12.10626073911693400 ) ) ;
#7342 = DIRECTION ( 'NONE',  ( 0.0000000000000000000, 0.0000000000000000000, 1.000000000000000000 ) ) ;
#7343 = LINE ( 'NONE', #5775, #3221 ) ;
#7344 = DIRECTION ( 'NONE',  ( -0.0000000000000000000, -0.0000000000000000000, -1.000000000000000000 ) ) ;
#7345 = CARTESIAN_POINT ( 'NONE',  ( -1.154700538379280800, 1.999999999999983100, -10.52916666666663800 ) ) ;
#7346 =( BOUNDED_CURVE ( )  B_SPLINE_CURVE ( 2, ( #5591, #4984, #7482, #1784, #8078, #3684, #4324, #5614, #1812 ),
 .UNSPECIFIED., .F., .F. ) 
 B_SPLINE_CURVE_WITH_KNOTS ( ( 3, 2, 2, 2, 3 ),
 ( 0.3750000000000001100, 0.3774509803921568500, 0.3823529411764705600, 0.3872549019607843300, 0.3897058823529412900 ),
 .UNSPECIFIED. ) 
 CURVE ( )  GEOMETRIC_REPRESENTATION_ITEM ( )  RATIONAL_B_SPLINE_CURVE ( ( 0.9330127018922194100, 0.9330127018922224100, 1.000000000000000000, 0.8660254037844387100, 1.000000000000000000, 0.8660254037844387100, 1.000000000000000000, 0.9330127018922163000, 0.9330127018922194100 ) ) 
 REPRESENTATION_ITEM ( '' )  );
#7347 = CARTESIAN_POINT ( 'NONE',  ( -1.999999999999998200, 1.185285273922203500E-014, -6.824999999999982400 ) ) ;
#7348 = CARTESIAN_POINT ( 'NONE',  ( -1.154700538379197100, -2.000000000000031100, -14.49583333333329600 ) ) ;
#7349 = CARTESIAN_POINT ( 'NONE',  ( 1.545336663013167100, 0.4140717108885980700, -0.5812392608830327900 ) ) ;
#7350 = CARTESIAN_POINT ( 'NONE',  ( 0.8922005383792283000, 1.545336663013179700, -18.60833333333328500 ) ) ;
#7351 = VERTEX_POINT ( 'NONE', #1859 ) ;
#7352 = CARTESIAN_POINT ( 'NONE',  ( -0.02559028605689434400, 1.639172960722885500, -22.00000000000001800 ) ) ;
#7353 = ORIENTED_EDGE ( 'NONE', *, *, #961, .F. ) ;
#7354 = CARTESIAN_POINT ( 'NONE',  ( 1.999999999999995800, 0.5358983848622778100, -10.03123926088300900 ) ) ;
#7355 = CARTESIAN_POINT ( 'NONE',  ( 0.0000000000000000000, 0.0000000000000000000, -22.00000000000000000 ) ) ;
#7356 = CARTESIAN_POINT ( 'NONE',  ( -1.999999999999998200, -2.399621657499362800E-014, -15.31249999999996100 ) ) ;
#7357 = CARTESIAN_POINT ( 'NONE',  ( -1.154700538379280800, 1.999999999999983100, -10.44166666666664000 ) ) ;
#7358 = CARTESIAN_POINT ( 'NONE',  ( 1.784401076758500100, 2.503007529540795900E-014, -6.124999999999982200 ) ) ;
#7359 = CARTESIAN_POINT ( 'NONE',  ( -1.999999999999998200, -1.225956827439141800E-014, -19.42499999999995100 ) ) ;
#7360 = CARTESIAN_POINT ( 'NONE',  ( -2.000000000000000000, 0.5358983848622263000, -3.443760739116954000 ) ) ;
#7361 = CARTESIAN_POINT ( 'NONE',  ( 1.338300807568864300, 0.7726683315066025200, -20.15416666666661200 ) ) ;
#7362 = CARTESIAN_POINT ( 'NONE',  ( 1.732050807568863200, 1.000000000000024400, -19.01666666666662000 ) ) ;
#7363 = ORIENTED_EDGE ( 'NONE', *, *, #287, .F. ) ;
#7364 = DIRECTION ( 'NONE',  ( 0.0000000000000000000, 0.0000000000000000000, 1.000000000000000000 ) ) ;
#7365 = EDGE_CURVE ( 'NONE', #3552, #4127, #1248, .T. ) ;
#7366 = CARTESIAN_POINT ( 'NONE',  ( -1.999999999999998200, 2.265986553086565700E-014, -18.72499999999995900 ) ) ;
#7367 = CARTESIAN_POINT ( 'NONE',  ( 1.154700538379284300, -1.999999999999981100, -7.379166666666646900 ) ) ;
#7368 = CARTESIAN_POINT ( 'NONE',  ( -1.999999999999998200, 1.185285273922203500E-014, -6.824999999999982400 ) ) ;
#7369 = CARTESIAN_POINT ( 'NONE',  ( 1.732050807568891200, -0.9999999999999753500, -9.420833333333307600 ) ) ;
#7370 = VERTEX_POINT ( 'NONE', #6221 ) ;
#7371 = ADVANCED_FACE ( 'NONE', ( #1651 ), #6526, .F. ) ;
#7372 = VECTOR ( 'NONE', #5828, 1000.000000000000000 ) ;
#7373 = CARTESIAN_POINT ( 'NONE',  ( -1.999999999999998200, 1.586190587160596000E-014, -13.21249999999996800 ) ) ;
#7374 = CARTESIAN_POINT ( 'NONE',  ( -2.000000000000003100, 0.5358983848622186400, -9.656260739116939700 ) ) ;
#7375 = CARTESIAN_POINT ( 'NONE',  ( 1.784401076758500100, 2.503007529540795900E-014, -22.22499999999994100 ) ) ;
#7376 = EDGE_CURVE ( 'NONE', #1220, #4471, #6690, .T. ) ;
#7377 = ORIENTED_EDGE ( 'NONE', *, *, #3448, .F. ) ;
#7378 = CARTESIAN_POINT ( 'NONE',  ( -1.999999999999998200, 7.262777413738993000E-015, -9.712499999999975500 ) ) ;
#7379 = ORIENTED_EDGE ( 'NONE', *, *, #7065, .F. ) ;
#7380 = DIRECTION ( 'NONE',  ( -1.000000000000000000, 0.0000000000000000000, 0.0000000000000000000 ) ) ;
#7381 = ORIENTED_EDGE ( 'NONE', *, *, #2991, .F. ) ;
#7382 = DIRECTION ( 'NONE',  ( -0.0000000000000000000, -0.0000000000000000000, -1.000000000000000000 ) ) ;
#7383 = CARTESIAN_POINT ( 'NONE',  ( 3.066792922173301400E-014, -1.545336663013167300, -5.599999999999984500 ) ) ;
#7384 = CARTESIAN_POINT ( 'NONE',  ( -1.732050807568845700, -1.000000000000054800, -15.25416666666662600 ) ) ;
#7385 = CARTESIAN_POINT ( 'NONE',  ( -1.154700538379219000, -2.000000000000018200, -3.908333333333321700 ) ) ;
#7386 = CARTESIAN_POINT ( 'NONE',  ( -1.784401076758500100, -2.524860140211269500E-014, -5.074999999999984200 ) ) ;
#7387 = ORIENTED_EDGE ( 'NONE', *, *, #4450, .T. ) ;
#7388 = DIRECTION ( 'NONE',  ( -2.503857664561931400E-016, -1.000000000000000000, 0.0000000000000000000 ) ) ;
#7389 = VECTOR ( 'NONE', #1034, 1000.000000000000000 ) ;
#7390 = EDGE_CURVE ( 'NONE', #1280, #6851, #5201, .T. ) ;
#7391 = CARTESIAN_POINT ( 'NONE',  ( -1.338300807568857200, -0.7726683315066149600, -12.10416666666663400 ) ) ;
#7392 = CARTESIAN_POINT ( 'NONE',  ( -2.158205648456237400E-014, 1.545336663013167300, -20.03749999999995200 ) ) ;
#7393 = VERTEX_POINT ( 'NONE', #3314 ) ;
#7394 = CARTESIAN_POINT ( 'NONE',  ( -2.793185071074506100E-014, 2.000000000000000000, -16.09999999999995900 ) ) ;
#7395 = CARTESIAN_POINT ( 'NONE',  ( 1.999999999999998700, 0.5358983848622730400, -12.04373926088300800 ) ) ;
#7396 = CARTESIAN_POINT ( 'NONE',  ( 0.0000000000000000000, 0.0000000000000000000, -22.00000000000000000 ) ) ;
#7397 = CARTESIAN_POINT ( 'NONE',  ( 1.500000000000000000, 0.7320450824449883400, -25.93300983933027500 ) ) ;
#7398 = FACE_OUTER_BOUND ( 'NONE', #5631, .T. ) ;
#7399 = CARTESIAN_POINT ( 'NONE',  ( 5.439164933996695500E-014, -2.000000000000000000, -6.649999999999982600 ) ) ;
#7400 = CARTESIAN_POINT ( 'NONE',  ( 1.732050807568863200, 1.000000000000024400, -10.70416666666663700 ) ) ;
#7401 = CYLINDRICAL_SURFACE ( 'NONE', #382, 1.545336663013167300 ) ;
#7402 = CARTESIAN_POINT ( 'NONE',  ( 1.545336663013166400, 7.408032962013773400E-015, -19.51249999999995300 ) ) ;
#7403 = EDGE_LOOP ( 'NONE', ( #6904, #2489, #1465, #36 ) ) ;
#7404 = AXIS2_PLACEMENT_3D ( 'NONE', #6505, #5180, #5235 ) ;
#7405 = EDGE_LOOP ( 'NONE', ( #4792, #5635, #269, #3342, #8096 ) ) ;
#7406 = CARTESIAN_POINT ( 'NONE',  ( -1.154700538379193100, -2.000000000000033300, -20.09583333333327800 ) ) ;
#7407 = ORIENTED_EDGE ( 'NONE', *, *, #2274, .F. ) ;
#7408 = VECTOR ( 'NONE', #6069, 1000.000000000000000 ) ;
#7409 = CARTESIAN_POINT ( 'NONE',  ( -1.999999999999998700, -0.5358983848622670400, -5.393739260883021900 ) ) ;
#7410 = ADVANCED_FACE ( 'NONE', ( #1141 ), #667, .T. ) ;
#7411 = CARTESIAN_POINT ( 'NONE',  ( 1.545336663013166200, 1.243387493232115400E-014, -14.52499999999996300 ) ) ;
#7412 = CARTESIAN_POINT ( 'NONE',  ( 1.338300807568847600, 0.7726683315066311700, -16.65416666666662200 ) ) ;
#7413 = CARTESIAN_POINT ( 'NONE',  ( 1.338300807568909600, -0.7726683315065243600, -18.17083333333328800 ) ) ;
#7414 = CARTESIAN_POINT ( 'NONE',  ( -0.8922005383792279700, -1.545336663013180200, -4.258333333333320400 ) ) ;
#7415 = EDGE_CURVE ( 'NONE', #2483, #4659, #7102, .T. ) ;
#7416 = ORIENTED_EDGE ( 'NONE', *, *, #1969, .F. ) ;
#7417 = CARTESIAN_POINT ( 'NONE',  ( -0.4852960034456619800, -1.451865029342874300, -25.79260313667953500 ) ) ;
#7418 = CARTESIAN_POINT ( 'NONE',  ( 1.545336663013166000, -0.4140717108885669200, -11.84376073911693400 ) ) ;
#7419 = CARTESIAN_POINT ( 'NONE',  ( -1.338300807568864000, -0.7726683315066029700, -19.80416666666661700 ) ) ;
#7420 = FACE_OUTER_BOUND ( 'NONE', #6810, .T. ) ;
#7421 = CARTESIAN_POINT ( 'NONE',  ( 2.309401076758502900, 3.239433308545618900E-014, -18.37499999999995400 ) ) ;
#7422 = CARTESIAN_POINT ( 'NONE',  ( -1.154700538379294100, 1.999999999999975400, -11.84166666666664000 ) ) ;
#7423 = CARTESIAN_POINT ( 'NONE',  ( 1.732050807568855400, 1.000000000000037700, -18.31666666666662000 ) ) ;
#7424 =( BOUNDED_CURVE ( )  B_SPLINE_CURVE ( 2, ( #6560, #7838, #3332, #5231, #2158, #4699, #1453, #2065, #4599 ),
 .UNSPECIFIED., .F., .F. ) 
 B_SPLINE_CURVE_WITH_KNOTS ( ( 3, 2, 2, 2, 3 ),
 ( 0.2426470588235294900, 0.2450980392156862600, 0.2500000000000000000, 0.2549019607843137100, 0.2573529411764706700 ),
 .UNSPECIFIED. ) 
 CURVE ( )  GEOMETRIC_REPRESENTATION_ITEM ( )  RATIONAL_B_SPLINE_CURVE ( ( 0.9330127018922194100, 0.9330127018922216300, 1.000000000000000000, 0.8660254037844387100, 1.000000000000000000, 0.8660254037844387100, 1.000000000000000000, 0.9330127018922170800, 0.9330127018922194100 ) ) 
 REPRESENTATION_ITEM ( '' )  );
#7425 = ORIENTED_EDGE ( 'NONE', *, *, #7479, .F. ) ;
#7426 = CARTESIAN_POINT ( 'NONE',  ( 1.545336663013166400, 7.408032962013773400E-015, -19.51249999999995300 ) ) ;
#7427 = CARTESIAN_POINT ( 'NONE',  ( 1.154700538379280100, -1.999999999999983300, -13.67916666666663200 ) ) ;
#7428 = ORIENTED_EDGE ( 'NONE', *, *, #3722, .T. ) ;
#7429 = LOCAL_TIME ( 8, 0, 44.00000000000000000, #378 ) ;
#7430 = EDGE_CURVE ( 'NONE', #5585, #6663, #7603, .T. ) ;
#7431 = ORIENTED_EDGE ( 'NONE', *, *, #6051, .T. ) ;
#7432 = VECTOR ( 'NONE', #2635, 1000.000000000000000 ) ;
#7433 = AXIS2_PLACEMENT_3D ( 'NONE', #4062, #316, #5941 ) ;
#7434 = LINE ( 'NONE', #5315, #2252 ) ;
#7435 = CARTESIAN_POINT ( 'NONE',  ( 2.817678007057453700E-014, -2.000000000000000000, -0.4374999999999958400 ) ) ;
#7436 = DIRECTION ( 'NONE',  ( -0.0000000000000000000, -0.0000000000000000000, -1.000000000000000000 ) ) ;
#7437 =( BOUNDED_CURVE ( )  B_SPLINE_CURVE ( 2, ( #1135, #6793, #8019, #7367, #5502, #521, #6196, #5578, #6771 ),
 .UNSPECIFIED., .F., .F. ) 
 B_SPLINE_CURVE_WITH_KNOTS ( ( 3, 2, 2, 2, 3 ),
 ( 0.3602941176470589300, 0.3627450980392156700, 0.3676470588235294400, 0.3725490196078431500, 0.3750000000000001100 ),
 .UNSPECIFIED. ) 
 CURVE ( )  GEOMETRIC_REPRESENTATION_ITEM ( )  RATIONAL_B_SPLINE_CURVE ( ( 0.9330127018922194100, 0.9330127018922224100, 1.000000000000000000, 0.8660254037844387100, 1.000000000000000000, 0.8660254037844387100, 1.000000000000000000, 0.9330127018922163000, 0.9330127018922194100 ) ) 
 REPRESENTATION_ITEM ( '' )  );
#7438 = ORIENTED_EDGE ( 'NONE', *, *, #6924, .F. ) ;
#7439 = VECTOR ( 'NONE', #7316, 1000.000000000000000 ) ;
#7440 = CARTESIAN_POINT ( 'NONE',  ( 1.732050807568850300, 1.000000000000047100, -12.80416666666663200 ) ) ;
#7441 = EDGE_CURVE ( 'NONE', #6663, #5383, #5408, .T. ) ;
#7443 = CARTESIAN_POINT ( 'NONE',  ( -1.545336663013166200, -8.599128457866965900E-015, -20.56249999999995400 ) ) ;
#7442 = LINE ( 'NONE', #4576, #5805 ) ;
#7444 = CARTESIAN_POINT ( 'NONE',  ( 0.8922005383792051000, 1.545336663013193300, -10.29583333333330600 ) ) ;
#7445 = CARTESIAN_POINT ( 'NONE',  ( 1.732050807568861700, 1.000000000000027500, -0.9041666666666612300 ) ) ;
#7446 = CARTESIAN_POINT ( 'NONE',  ( 0.0000000000000000000, 0.0000000000000000000, -22.00000000000000000 ) ) ;
#7447 = CARTESIAN_POINT ( 'NONE',  ( -2.158205648456237700E-014, 1.545336663013167300, -4.549999999999986500 ) ) ;
#7448 = DIRECTION ( 'NONE',  ( 0.0000000000000000000, 0.0000000000000000000, 1.000000000000000000 ) ) ;
#7449 = CARTESIAN_POINT ( 'NONE',  ( -0.8922005383792279700, -1.545336663013180200, -21.84583333333328200 ) ) ;
#7450 = CARTESIAN_POINT ( 'NONE',  ( -1.154700538379222800, -2.000000000000016400, -17.20833333333329300 ) ) ;
#7451 = DIRECTION ( 'NONE',  ( -1.000000000000000000, 0.0000000000000000000, 0.0000000000000000000 ) ) ;
#7452 = CARTESIAN_POINT ( 'NONE',  ( 1.154700538379299000, -1.999999999999972200, -8.079166666666644400 ) ) ;
#7453 = CARTESIAN_POINT ( 'NONE',  ( -1.938153584520535500, -0.4935186752395485100, -0.4962114106110250800 ) ) ;
#7454 = CARTESIAN_POINT ( 'NONE',  ( -1.154700538379280800, 1.999999999999983100, -11.92916666666663500 ) ) ;
#7455 = ADVANCED_FACE ( 'NONE', ( #8121 ), #6928, .T. ) ;
#7456 = ORIENTED_EDGE ( 'NONE', *, *, #1212, .F. ) ;
#7457 = DIRECTION ( 'NONE',  ( -0.0000000000000000000, -0.0000000000000000000, -1.000000000000000000 ) ) ;
#7458 = CARTESIAN_POINT ( 'NONE',  ( -1.338300807568901400, 0.7726683315065388000, -17.82083333333328700 ) ) ;
#7459 = CARTESIAN_POINT ( 'NONE',  ( -0.8922005383792912500, 1.545336663013143300, -6.591666666666648100 ) ) ;
#7460 = CARTESIAN_POINT ( 'NONE',  ( -1.545336663013167700, -0.4140717108885980100, -3.643739260883025900 ) ) ;
#7461 = CARTESIAN_POINT ( 'NONE',  ( 0.8922005383792065400, 1.545336663013191900, -7.495833333333312300 ) ) ;
#7462 = CARTESIAN_POINT ( 'NONE',  ( 1.545336663013167500, -0.4140717108885708700, -0.5562607391169613900 ) ) ;
#7463 = DIRECTION ( 'NONE',  ( 0.8660254037844388200, -0.4999999999999997800, 0.0000000000000000000 ) ) ;
#7464 = DIRECTION ( 'NONE',  ( -1.000000000000000000, 0.0000000000000000000, 0.0000000000000000000 ) ) ;
#7465 = CARTESIAN_POINT ( 'NONE',  ( 0.8922005383792283000, 1.545336663013179700, -9.508333333333306200 ) ) ;
#7466 = CARTESIAN_POINT ( 'NONE',  ( 0.0000000000000000000, 0.0000000000000000000, -22.00000000000000000 ) ) ;
#7467 = CARTESIAN_POINT ( 'NONE',  ( 1.154700538379223000, 2.000000000000016000, -2.858333333333325000 ) ) ;
#7468 = ORIENTED_EDGE ( 'NONE', *, *, #4871, .F. ) ;
#7469 = CARTESIAN_POINT ( 'NONE',  ( -1.732050807568862800, -1.000000000000025100, -17.96666666666661900 ) ) ;
#7470 = CARTESIAN_POINT ( 'NONE',  ( -1.999999999999999600, 0.5358983848622161900, -11.75626073911693600 ) ) ;
#7471 = EDGE_CURVE ( 'NONE', #899, #2681, #2374, .T. ) ;
#7472 = CARTESIAN_POINT ( 'NONE',  ( 0.8737278025849347700, -1.799055231778638800, -22.00000000000000000 ) ) ;
#7473 = CARTESIAN_POINT ( 'NONE',  ( 1.732050807568863200, 1.000000000000024400, -13.50416666666663100 ) ) ;
#7474 = FACE_OUTER_BOUND ( 'NONE', #7248, .T. ) ;
#7475 = CARTESIAN_POINT ( 'NONE',  ( -0.8922005383792065400, -1.545336663013191900, -17.64583333333329000 ) ) ;
#7476 = DIRECTION ( 'NONE',  ( 0.0000000000000000000, 0.0000000000000000000, 1.000000000000000000 ) ) ;
#7477 = CARTESIAN_POINT ( 'NONE',  ( -1.154700538379222800, -2.000000000000016400, -0.4958333333333290200 ) ) ;
#7478 = EDGE_LOOP ( 'NONE', ( #7577, #4886, #157, #864 ) ) ;
#7479 = EDGE_CURVE ( 'NONE', #5302, #7921, #3122, .T. ) ;
#7480 = CARTESIAN_POINT ( 'NONE',  ( 1.545336663013169100, 3.950950913074011700E-015, -9.712499999999975500 ) ) ;
#7481 =( BOUNDED_CURVE ( )  B_SPLINE_CURVE ( 2, ( #3446, #4083, #4656, #1474, #879, #6553, #4561, #2738, #1506 ),
 .UNSPECIFIED., .F., .F. ) 
 B_SPLINE_CURVE_WITH_KNOTS ( ( 3, 2, 2, 2, 3 ),
 ( 0.2426470588235294900, 0.2450980392156862600, 0.2500000000000000000, 0.2549019607843137100, 0.2573529411764706700 ),
 .UNSPECIFIED. ) 
 CURVE ( )  GEOMETRIC_REPRESENTATION_ITEM ( )  RATIONAL_B_SPLINE_CURVE ( ( 0.9330127018922194100, 0.9330127018922216300, 1.000000000000000000, 0.8660254037844387100, 1.000000000000000000, 0.8660254037844387100, 1.000000000000000000, 0.9330127018922170800, 0.9330127018922194100 ) ) 
 REPRESENTATION_ITEM ( '' )  );
#7482 = CARTESIAN_POINT ( 'NONE',  ( -1.338300807568887600, 0.7726683315065623300, -8.020833333333312600 ) ) ;
#7483 = CYLINDRICAL_SURFACE ( 'NONE', #6215, 1.545336663013167300 ) ;
#7484 = CARTESIAN_POINT ( 'NONE',  ( -2.000000000000001800, 3.137519842735244800E-015, -9.012499999999978000 ) ) ;
#7485 = ORIENTED_EDGE ( 'NONE', *, *, #8010, .F. ) ;
#7486 = CARTESIAN_POINT ( 'NONE',  ( 1.154700538379175300, 2.000000000000043500, -14.84583333333329600 ) ) ;
#7487 = CARTESIAN_POINT ( 'NONE',  ( -1.545336663013169100, -7.640441839253419300E-015, -10.67499999999997400 ) ) ;
#7488 = CARTESIAN_POINT ( 'NONE',  ( 0.8922005383792921400, -1.545336663013143100, -18.22916666666662200 ) ) ;
#7489 = CARTESIAN_POINT ( 'NONE',  ( -0.8922005383792724900, 1.545336663013154900, -7.291666666666647400 ) ) ;
#7490 = DIRECTION ( 'NONE',  ( 1.000000000000000000, 0.0000000000000000000, 0.0000000000000000000 ) ) ;
#7491 = VECTOR ( 'NONE', #408, 1000.000000000000000 ) ;
#7492 = AXIS2_PLACEMENT_3D ( 'NONE', #4229, #2333, #3490 ) ;
#7493 = ORIENTED_EDGE ( 'NONE', *, *, #113, .F. ) ;
#7494 = CARTESIAN_POINT ( 'NONE',  ( -1.154700538379222800, -2.000000000000016400, -0.4083333333333303800 ) ) ;
#7495 = CARTESIAN_POINT ( 'NONE',  ( 1.154700538379223000, 2.000000000000016000, -19.65833333333328900 ) ) ;
#7496 = EDGE_LOOP ( 'NONE', ( #1521, #6996, #12, #7272 ) ) ;
#7497 =( BOUNDED_CURVE ( )  B_SPLINE_CURVE ( 2, ( #4069, #1461, #5335, #4673, #4133, #5310, #4710, #894, #2192 ),
 .UNSPECIFIED., .F., .F. ) 
 B_SPLINE_CURVE_WITH_KNOTS ( ( 3, 2, 2, 2, 3 ),
 ( 0.3014705882352942100, 0.3039215686274509600, 0.3088235294117647200, 0.3137254901960784300, 0.3161764705882353900 ),
 .UNSPECIFIED. ) 
 CURVE ( )  GEOMETRIC_REPRESENTATION_ITEM ( )  RATIONAL_B_SPLINE_CURVE ( ( 0.9330127018922194100, 0.9330127018922224100, 1.000000000000000000, 0.8660254037844387100, 1.000000000000000000, 0.8660254037844387100, 1.000000000000000000, 0.9330127018922163000, 0.9330127018922194100 ) ) 
 REPRESENTATION_ITEM ( '' )  );
#7498 = CARTESIAN_POINT ( 'NONE',  ( -1.999999999999998200, -1.028409281785441300E-014, -16.62499999999996400 ) ) ;
#7499 = CARTESIAN_POINT ( 'NONE',  ( 1.154700538379173500, 2.000000000000045300, -18.25833333333328700 ) ) ;
#7500 = ORIENTED_EDGE ( 'NONE', *, *, #2991, .T. ) ;
#7501 = CARTESIAN_POINT ( 'NONE',  ( 1.338300807568891400, -0.7726683315065557800, -11.78333333333330100 ) ) ;
#7502 = CARTESIAN_POINT ( 'NONE',  ( -1.732050807568891800, 0.9999999999999742400, -15.37083333333329400 ) ) ;
#7503 = ORIENTED_EDGE ( 'NONE', *, *, #4980, .F. ) ;
#7504 = CARTESIAN_POINT ( 'NONE',  ( 1.500000000000000000, 0.8660254037844389300, -23.75000000000000000 ) ) ;
#7505 = EDGE_LOOP ( 'NONE', ( #5760, #4097, #2895 ) ) ;
#7506 = CARTESIAN_POINT ( 'NONE',  ( 1.545336663013167300, 1.892491597964127500E-016, 0.0000000000000000000 ) ) ;
#7507 = CARTESIAN_POINT ( 'NONE',  ( 1.545336663013169500, -0.4140717108885650900, -16.65626073911692400 ) ) ;
#7508 = CARTESIAN_POINT ( 'NONE',  ( -1.999999999999998700, 0.5358983848622190800, -6.943760739116944700 ) ) ;
#7509 = CARTESIAN_POINT ( 'NONE',  ( 1.154700538379315000, -1.999999999999963600, -10.79166666666663900 ) ) ;
#7510 = CARTESIAN_POINT ( 'NONE',  ( -1.999999999999998200, -2.963213184805508800E-015, -6.912499999999982800 ) ) ;
#7511 = ORIENTED_EDGE ( 'NONE', *, *, #2071, .F. ) ;
#7512 = CARTESIAN_POINT ( 'NONE',  ( -3.576959022528812900E-014, 2.000000000000000000, -10.49999999999997300 ) ) ;
#7513 = CARTESIAN_POINT ( 'NONE',  ( 1.732050807568897600, -0.9999999999999646900, -10.12083333333330700 ) ) ;
#7514 = COORDINATED_UNIVERSAL_TIME_OFFSET ( 6, 0, .BEHIND. ) ;
#7515 = CARTESIAN_POINT ( 'NONE',  ( 0.8922005383792268600, 1.545336663013180400, -0.4083333333333299400 ) ) ;
#7516 = CARTESIAN_POINT ( 'NONE',  ( 0.8922005383792155400, 1.545336663013186800, -10.90833333333330500 ) ) ;
#7517 = CARTESIAN_POINT ( 'NONE',  ( -0.8922005383792233100, -1.545336663013182800, -7.145833333333313500 ) ) ;
#7518 = CARTESIAN_POINT ( 'NONE',  ( -1.338300807568864000, -0.7726683315066029700, -7.816666666666643300 ) ) ;
#7519 = EDGE_CURVE ( 'NONE', #4101, #4200, #2999, .T. ) ;
#7520 = ORIENTED_EDGE ( 'NONE', *, *, #2907, .F. ) ;
#7521 = CARTESIAN_POINT ( 'NONE',  ( 2.309401076758502900, 3.239433308545618900E-014, -0.8749999999999961100 ) ) ;
#7522 = CARTESIAN_POINT ( 'NONE',  ( -1.784401076758500100, -2.524860140211269200E-014, -17.76249999999995300 ) ) ;
#7523 = CARTESIAN_POINT ( 'NONE',  ( -1.732050807568891800, 0.9999999999999742400, -19.48333333333328500 ) ) ;
#7524 = APPROVAL_PERSON_ORGANIZATION ( #5582, #4863, #3985 ) ;
#7525 = CARTESIAN_POINT ( 'NONE',  ( -4.753115134219542300E-014, 2.000000000000000000, -6.387499999999981500 ) ) ;
#7526 = CARTESIAN_POINT ( 'NONE',  ( 2.000000000000011100, -0.5358983848621893300, -21.20626073911691000 ) ) ;
#7527 = VERTEX_POINT ( 'NONE', #2167 ) ;
#7528 = FACE_OUTER_BOUND ( 'NONE', #1495, .T. ) ;
#7529 = CARTESIAN_POINT ( 'NONE',  ( 1.732050807568860300, 1.000000000000030000, -4.404166666666653500 ) ) ;
#7530 = CARTESIAN_POINT ( 'NONE',  ( 1.732050807568863200, 1.000000000000024400, -12.80416666666663200 ) ) ;
#7531 = CYLINDRICAL_SURFACE ( 'NONE', #3476, 2.000000000000000000 ) ;
#7532 = ADVANCED_FACE ( 'NONE', ( #5271 ), #3783, .T. ) ;
#7533 = EDGE_CURVE ( 'NONE', #5041, #3608, #5322, .T. ) ;
#7534 = AXIS2_PLACEMENT_3D ( 'NONE', #3418, #1477, #5381 ) ;
#7535 = CARTESIAN_POINT ( 'NONE',  ( -4.278178851564626600E-014, 1.545336663013167300, -17.93749999999995400 ) ) ;
#7536 = CARTESIAN_POINT ( 'NONE',  ( 1.732050807568863200, 1.000000000000024400, -2.304166666666657800 ) ) ;
#7537 = CARTESIAN_POINT ( 'NONE',  ( -1.545336663013167100, 0.4140717108885706400, -2.393760739116957700 ) ) ;
#7538 = FACE_OUTER_BOUND ( 'NONE', #1489, .T. ) ;
#7539 = CARTESIAN_POINT ( 'NONE',  ( -1.291336663013167500, 0.0000000000000000000, 0.0000000000000000000 ) ) ;
#7540 =( BOUNDED_CURVE ( )  B_SPLINE_CURVE ( 2, ( #6935, #634, #6371, #2518, #2542, #2628, #1246, #5799, #4424 ),
 .UNSPECIFIED., .F., .F. ) 
 B_SPLINE_CURVE_WITH_KNOTS ( ( 3, 2, 2, 2, 3 ),
 ( 0.7720588235294119100, 0.7745098039215686500, 0.7794117647058823600, 0.7843137254901960700, 0.7867647058823530300 ),
 .UNSPECIFIED. ) 
 CURVE ( )  GEOMETRIC_REPRESENTATION_ITEM ( )  RATIONAL_B_SPLINE_CURVE ( ( 0.9330127018922194100, 0.9330127018922224100, 1.000000000000000000, 0.8660254037844387100, 1.000000000000000000, 0.8660254037844387100, 1.000000000000000000, 0.9330127018922163000, 0.9330127018922194100 ) ) 
 REPRESENTATION_ITEM ( '' )  );
#7541 =( BOUNDED_CURVE ( )  B_SPLINE_CURVE ( 2, ( #891, #2819, #202, #2102, #4013, #7847, #4610, #2725, #7128 ),
 .UNSPECIFIED., .F., .F. ) 
 B_SPLINE_CURVE_WITH_KNOTS ( ( 3, 2, 2, 2, 3 ),
 ( 0.6250000000000001100, 0.6274509803921568500, 0.6323529411764705600, 0.6372549019607842700, 0.6397058823529413500 ),
 .UNSPECIFIED. ) 
 CURVE ( )  GEOMETRIC_REPRESENTATION_ITEM ( )  RATIONAL_B_SPLINE_CURVE ( ( 0.9330127018922194100, 0.9330127018922224100, 1.000000000000000000, 0.8660254037844387100, 1.000000000000000000, 0.8660254037844387100, 1.000000000000000000, 0.9330127018922147500, 0.9330127018922193000 ) ) 
 REPRESENTATION_ITEM ( '' )  );
#7542 = CARTESIAN_POINT ( 'NONE',  ( -1.154700538379185100, -2.000000000000037700, -11.60833333333330400 ) ) ;
#7543 = EDGE_CURVE ( 'NONE', #4494, #3090, #7497, .T. ) ;
#7544 = CARTESIAN_POINT ( 'NONE',  ( -1.338300807568886900, 0.7726683315065636700, -0.2333333333333303900 ) ) ;
#7545 = CARTESIAN_POINT ( 'NONE',  ( 1.338300807568860300, 0.7726683315066095200, -10.96666666666663800 ) ) ;
#7546 = ORIENTED_EDGE ( 'NONE', *, *, #5172, .F. ) ;
#7547 = CARTESIAN_POINT ( 'NONE',  ( 0.8922005383792184200, 1.545336663013185300, -6.008333333333316000 ) ) ;
#7548 = CARTESIAN_POINT ( 'NONE',  ( 1.338300807568886300, -0.7726683315065647800, -8.283333333333310100 ) ) ;
#7549 = VERTEX_POINT ( 'NONE', #2104 ) ;
#7550 = CARTESIAN_POINT ( 'NONE',  ( -1.732050807568891800, 0.9999999999999742400, -2.683333333333324700 ) ) ;
#7551 = CARTESIAN_POINT ( 'NONE',  ( -1.784401076758500100, -2.524860140211269200E-014, -16.36249999999996200 ) ) ;
#7552 = CARTESIAN_POINT ( 'NONE',  ( 1.154700538379280100, -1.999999999999983300, -19.89166666666661600 ) ) ;
#7553 = CARTESIAN_POINT ( 'NONE',  ( -1.732050807568892500, 0.9999999999999731300, -6.270833333333314400 ) ) ;
#7554 = AXIS2_PLACEMENT_3D ( 'NONE', #5881, #5329, #261 ) ;
#7555 = EDGE_LOOP ( 'NONE', ( #1090, #767, #1250, #5525 ) ) ;
#7556 = CARTESIAN_POINT ( 'NONE',  ( 1.545336663013167300, 1.892491597964127500E-016, 0.0000000000000000000 ) ) ;
#7557 = CARTESIAN_POINT ( 'NONE',  ( -1.154700538379280800, 1.999999999999983100, -18.22916666666661800 ) ) ;
#7558 = ORIENTED_EDGE ( 'NONE', *, *, #2117, .F. ) ;
#7559 = AXIS2_PLACEMENT_3D ( 'NONE', #3741, #6207, #7463 ) ;
#7560 = CARTESIAN_POINT ( 'NONE',  ( -1.154700538379280800, 1.999999999999983100, -2.129166666666658400 ) ) ;
#7561 = CARTESIAN_POINT ( 'NONE',  ( 2.000000000000002200, 0.5358983848622637100, -3.031239260883026500 ) ) ;
#7562 = VERTEX_POINT ( 'NONE', #268 ) ;
#7563 = VERTEX_POINT ( 'NONE', #1576 ) ;
#7564 = EDGE_CURVE ( 'NONE', #4127, #7022, #816, .T. ) ;
#7565 = CARTESIAN_POINT ( 'NONE',  ( 0.8922005383792155400, 1.545336663013186800, -10.99583333333330200 ) ) ;
#7566 = ADVANCED_FACE ( 'NONE', ( #7598 ), #248, .T. ) ;
#7567 = CARTESIAN_POINT ( 'NONE',  ( -1.154700538379329400, 1.999999999999954900, -21.02916666666660800 ) ) ;
#7568 = VERTEX_POINT ( 'NONE', #4102 ) ;
#7569 = CARTESIAN_POINT ( 'NONE',  ( 1.545336663013165700, 0.4140717108886188800, -14.49373926088300000 ) ) ;
#7570 =( BOUNDED_CURVE ( )  B_SPLINE_CURVE ( 2, ( #7894, #5996, #5387, #1599, #2864, #2844, #6053, #381, #5420 ),
 .UNSPECIFIED., .F., .T. ) 
 B_SPLINE_CURVE_WITH_KNOTS ( ( 3, 2, 2, 2, 3 ),
 ( 0.8161764705882355000, 0.8186274509803921400, 0.8235294117647058400, 0.8284313725490196600, 0.8308823529411766300 ),
 .UNSPECIFIED. ) 
 CURVE ( )  GEOMETRIC_REPRESENTATION_ITEM ( )  RATIONAL_B_SPLINE_CURVE ( ( 0.9330127018922194100, 0.9330127018922254000, 1.000000000000000000, 0.8660254037844387100, 1.000000000000000000, 0.8660254037844387100, 1.000000000000000000, 0.9330127018922163000, 0.9330127018922194100 ) ) 
 REPRESENTATION_ITEM ( '' )  );
#7571 = DIRECTION ( 'NONE',  ( 0.0000000000000000000, 0.0000000000000000000, 1.000000000000000000 ) ) ;
#7572 = CARTESIAN_POINT ( 'NONE',  ( 0.8922005383792722700, -1.545336663013154900, -9.741666666666640500 ) ) ;
#7573 = CARTESIAN_POINT ( 'NONE',  ( 2.000000000000000000, 0.0000000000000000000, -22.00000000000000000 ) ) ;
#7574 = ORIENTED_EDGE ( 'NONE', *, *, #3286, .T. ) ;
#7575 = CARTESIAN_POINT ( 'NONE',  ( -1.732050807568862800, -1.000000000000025100, 0.2333333333333345900 ) ) ;
#7576 = CARTESIAN_POINT ( 'NONE',  ( 2.177130564435878500E-014, -1.545336663013167300, -16.18749999999995700 ) ) ;
#7577 = ORIENTED_EDGE ( 'NONE', *, *, #2546, .F. ) ;
#7578 = CARTESIAN_POINT ( 'NONE',  ( 2.309401076758502900, 3.239433308545618900E-014, -21.17499999999994700 ) ) ;
#7579 = CARTESIAN_POINT ( 'NONE',  ( 1.545336663013167300, 1.892491597964127500E-016, 0.0000000000000000000 ) ) ;
#7580 = EDGE_CURVE ( 'NONE', #6724, #2372, #4726, .T. ) ;
#7581 = DIRECTION ( 'NONE',  ( -0.0000000000000000000, -0.0000000000000000000, -1.000000000000000000 ) ) ;
#7582 =( BOUNDED_CURVE ( )  B_SPLINE_CURVE ( 2, ( #3546, #7931, #1463, #5892, #2106, #6512, #4017, #5278, #6538 ),
 .UNSPECIFIED., .F., .F. ) 
 B_SPLINE_CURVE_WITH_KNOTS ( ( 3, 2, 2, 2, 3 ),
 ( 0.8308823529411766300, 0.8333333333333333700, 0.8382352941176470800, 0.8431372549019607900, 0.8455882352941177500 ),
 .UNSPECIFIED. ) 
 CURVE ( )  GEOMETRIC_REPRESENTATION_ITEM ( )  RATIONAL_B_SPLINE_CURVE ( ( 0.9330127018922194100, 0.9330127018922224100, 1.000000000000000000, 0.8660254037844387100, 1.000000000000000000, 0.8660254037844387100, 1.000000000000000000, 0.9330127018922163000, 0.9330127018922194100 ) ) 
 REPRESENTATION_ITEM ( '' )  );
#7583 = ORIENTED_EDGE ( 'NONE', *, *, #911, .T. ) ;
#7584 = CARTESIAN_POINT ( 'NONE',  ( 2.000000000000000900, 0.5358983848622673700, -4.431239260883022400 ) ) ;
#7585 = CARTESIAN_POINT ( 'NONE',  ( 1.154700538379280100, -1.999999999999983300, -17.87916666666662000 ) ) ;
#7586 = VECTOR ( 'NONE', #4160, 1000.000000000000000 ) ;
#7587 = ORIENTED_EDGE ( 'NONE', *, *, #6824, .F. ) ;
#7588 = CARTESIAN_POINT ( 'NONE',  ( -1.154700538379183300, -2.000000000000039100, -14.40833333333329800 ) ) ;
#7589 = FACE_OUTER_BOUND ( 'NONE', #7968, .T. ) ;
#7590 = CARTESIAN_POINT ( 'NONE',  ( -2.000000000000001300, -0.5358983848622617100, -2.593739260883029200 ) ) ;
#7591 = CARTESIAN_POINT ( 'NONE',  ( -1.545336663013165500, -0.4140717108886093900, -8.631239260883012000 ) ) ;
#7592 = CARTESIAN_POINT ( 'NONE',  ( 2.309401076758502900, 3.239433308545619500E-014, -3.062499999999989300 ) ) ;
#7593 = CARTESIAN_POINT ( 'NONE',  ( 2.000000000000000000, 0.0000000000000000000, -22.00000000000000000 ) ) ;
#7594 = EDGE_CURVE ( 'NONE', #2904, #6022, #6779, .T. ) ;
#7595 = CARTESIAN_POINT ( 'NONE',  ( -1.545336663013172000, 1.644292806470507900E-014, -21.96249999999995200 ) ) ;
#7596 = AXIS2_PLACEMENT_3D ( 'NONE', #2072, #1372, #7154 ) ;
#7597 = ORIENTED_EDGE ( 'NONE', *, *, #7226, .F. ) ;
#7598 = FACE_OUTER_BOUND ( 'NONE', #3593, .T. ) ;
#7599 = VERTEX_POINT ( 'NONE', #6510 ) ;
#7600 = DIRECTION ( 'NONE',  ( -0.0000000000000000000, -0.0000000000000000000, -1.000000000000000000 ) ) ;
#7601 = ORIENTED_EDGE ( 'NONE', *, *, #3472, .F. ) ;
#7602 = CARTESIAN_POINT ( 'NONE',  ( -1.545336663013169100, 0.4140717108885662600, -5.806260739116949000 ) ) ;
#7603 =( BOUNDED_CURVE ( )  B_SPLINE_CURVE ( 2, ( #756, #7045, #1962, #3980, #2073, #2663, #6484, #3255, #7094 ),
 .UNSPECIFIED., .F., .F. ) 
 B_SPLINE_CURVE_WITH_KNOTS ( ( 3, 2, 2, 2, 3 ),
 ( 0.5514705882352942700, 0.5539215686274510100, 0.5588235294117647200, 0.5637254901960784300, 0.5661764705882353900 ),
 .UNSPECIFIED. ) 
 CURVE ( )  GEOMETRIC_REPRESENTATION_ITEM ( )  RATIONAL_B_SPLINE_CURVE ( ( 0.9330127018922194100, 0.9330127018922224100, 1.000000000000000000, 0.8660254037844387100, 1.000000000000000000, 0.8660254037844387100, 1.000000000000000000, 0.9330127018922163000, 0.9330127018922194100 ) ) 
 REPRESENTATION_ITEM ( '' )  );
#7604 = CARTESIAN_POINT ( 'NONE',  ( -0.8922005383792724900, 1.545336663013154900, -12.89166666666663200 ) ) ;
#7605 = CARTESIAN_POINT ( 'NONE',  ( 1.154700538379194800, 2.000000000000032000, -7.758333333333312400 ) ) ;
#7606 = AXIS2_PLACEMENT_3D ( 'NONE', #3132, #2544, #2465 ) ;
#7607 = CARTESIAN_POINT ( 'NONE',  ( 2.817678007057453100E-014, -2.000000000000000000, -4.549999999999987400 ) ) ;
#7608 = CARTESIAN_POINT ( 'NONE',  ( -0.8922005383792279700, -1.545336663013180200, -18.34583333333328500 ) ) ;
#7609 = VECTOR ( 'NONE', #1624, 1000.000000000000000 ) ;
#7610 = CARTESIAN_POINT ( 'NONE',  ( 1.732050807568863200, 1.000000000000024400, -21.81666666666661300 ) ) ;
#7611 = DIRECTION ( 'NONE',  ( -0.0000000000000000000, -0.0000000000000000000, -1.000000000000000000 ) ) ;
#7612 = CARTESIAN_POINT ( 'NONE',  ( 1.545336663013167500, 1.074891057233370900E-015, -0.5249999999999981300 ) ) ;
#7613 = CARTESIAN_POINT ( 'NONE',  ( -1.154700538379206800, -2.000000000000025800, -20.79583333333327700 ) ) ;
#7614 = DIRECTION ( 'NONE',  ( -1.000000000000000000, 0.0000000000000000000, 0.0000000000000000000 ) ) ;
#7615 = EDGE_LOOP ( 'NONE', ( #4288, #4562, #4878, #6509 ) ) ;
#7616 = CARTESIAN_POINT ( 'NONE',  ( -1.154700538379342900, 1.999999999999947200, -20.94166666666661300 ) ) ;
#7617 = CARTESIAN_POINT ( 'NONE',  ( -1.732050807568862800, -1.000000000000025100, -18.75416666666661700 ) ) ;
#7618 = VECTOR ( 'NONE', #3449, 1000.000000000000000 ) ;
#7619 = ADVANCED_FACE ( 'NONE', ( #7311 ), #5058, .T. ) ;
#7620 = CARTESIAN_POINT ( 'NONE',  ( 1.545336663013172000, 1.504847480126719400E-014, -20.82499999999995000 ) ) ;
#7621 = DIRECTION ( 'NONE',  ( 0.0000000000000000000, 0.0000000000000000000, 1.000000000000000000 ) ) ;
#7622 = CARTESIAN_POINT ( 'NONE',  ( 1.732050807568907800, -0.9999999999999469300, -19.22083333333328200 ) ) ;
#7623 = CARTESIAN_POINT ( 'NONE',  ( -1.732050807568862800, -1.000000000000025100, -1.954166666666658800 ) ) ;
#7624 = ORIENTED_EDGE ( 'NONE', *, *, #3765, .F. ) ;
#7625 = CARTESIAN_POINT ( 'NONE',  ( -1.545336663013167500, 2.033577675846917700E-015, -2.362499999999994000 ) ) ;
#7626 = CARTESIAN_POINT ( 'NONE',  ( 1.999999999999998200, -5.810221930991193700E-016, -13.56249999999996400 ) ) ;
#7627 = VECTOR ( 'NONE', #1334, 1000.000000000000000 ) ;
#7628 = VERTEX_POINT ( 'NONE', #2897 ) ;
#7629 = CARTESIAN_POINT ( 'NONE',  ( -0.8922005383792254200, -1.545336663013181500, -2.858333333333323600 ) ) ;
#7630 =( BOUNDED_CURVE ( )  B_SPLINE_CURVE ( 2, ( #2436, #7462, #3716, #8103, #4344, #8133, #5674, #5727, #601 ),
 .UNSPECIFIED., .F., .F. ) 
 B_SPLINE_CURVE_WITH_KNOTS ( ( 3, 2, 2, 2, 3 ),
 ( 0.06617647058823536400, 0.06862745098039216300, 0.07352941176470588500, 0.07843137254901960700, 0.08088235294117654400 ),
 .UNSPECIFIED. ) 
 CURVE ( )  GEOMETRIC_REPRESENTATION_ITEM ( )  RATIONAL_B_SPLINE_CURVE ( ( 0.9330127018922193000, 0.9330127018922211900, 1.000000000000000000, 0.8660254037844387100, 1.000000000000000000, 0.8660254037844387100, 1.000000000000000000, 0.9330127018922171900, 0.9330127018922193000 ) ) 
 REPRESENTATION_ITEM ( '' )  );
#7631 = CARTESIAN_POINT ( 'NONE',  ( -2.233905312374802300E-014, 1.545336663013167300, -0.3499999999999968100 ) ) ;
#7632 = CARTESIAN_POINT ( 'NONE',  ( 1.732050807568907800, -0.9999999999999469300, -19.83333333333328200 ) ) ;
#7633 = CARTESIAN_POINT ( 'NONE',  ( 2.177130564435878800E-014, -1.545336663013167300, -11.89999999999996800 ) ) ;
#7634 = EDGE_CURVE ( 'NONE', #49, #3056, #6086, .T. ) ;
#7635 = CARTESIAN_POINT ( 'NONE',  ( 1.545336663013166200, -3.108468733080288500E-015, -7.524999999999982600 ) ) ;
#7636 = CARTESIAN_POINT ( 'NONE',  ( 0.0000000000000000000, 0.0000000000000000000, -22.00000000000000000 ) ) ;
#7637 = VECTOR ( 'NONE', #265, 1000.000000000000000 ) ;
#7638 = CARTESIAN_POINT ( 'NONE',  ( -1.154700538379222800, -2.000000000000016400, -3.908333333333321700 ) ) ;
#7639 = CARTESIAN_POINT ( 'NONE',  ( 1.338300807568886300, -0.7726683315065647800, -16.77083333333329000 ) ) ;
#7640 = LINE ( 'NONE', #35, #7257 ) ;
#7641 = CARTESIAN_POINT ( 'NONE',  ( 1.732050807568921600, -0.9999999999999230600, -17.82083333333328700 ) ) ;
#7642 = CARTESIAN_POINT ( 'NONE',  ( 1.545336663013166200, -8.134310703387671400E-016, -11.72499999999997100 ) ) ;
#7643 = CARTESIAN_POINT ( 'NONE',  ( 7.888953716800673000E-014, -2.000000000000000000, -21.34999999999994500 ) ) ;
#7644 = CARTESIAN_POINT ( 'NONE',  ( -1.732050807568894700, 0.9999999999999694700, -2.070833333333325300 ) ) ;
#7645 = CARTESIAN_POINT ( 'NONE',  ( -5.145002109946696100E-014, 2.000000000000000000, -12.59999999999996900 ) ) ;
#7646 = CARTESIAN_POINT ( 'NONE',  ( 1.732050807568891200, -0.9999999999999753500, -17.12083333333328700 ) ) ;
#7647 = EDGE_CURVE ( 'NONE', #2803, #1684, #6181, .T. ) ;
#7648 = CARTESIAN_POINT ( 'NONE',  ( 3.724164230681130800E-014, -2.000000000000000000, -2.449999999999992200 ) ) ;
#7649 = CARTESIAN_POINT ( 'NONE',  ( -0.8562811111127367500, -1.806772169997537600, -0.4908312045302321000 ) ) ;
#7650 = CARTESIAN_POINT ( 'NONE',  ( -1.732050807568862800, -1.000000000000025100, -3.354166666666655000 ) ) ;
#7651 = CARTESIAN_POINT ( 'NONE',  ( 0.8922005383792143100, 1.545336663013187900, -13.79583333333329700 ) ) ;
#7652 = DIRECTION ( 'NONE',  ( -0.0000000000000000000, -0.0000000000000000000, -1.000000000000000000 ) ) ;
#7653 = ORIENTED_EDGE ( 'NONE', *, *, #1544, .F. ) ;
#7654 = CARTESIAN_POINT ( 'NONE',  ( 1.999999999999998200, 1.016788837923459000E-014, -10.67499999999997400 ) ) ;
#7655 = ADVANCED_FACE ( 'NONE', ( #3399 ), #2122, .T. ) ;
#7656 = CARTESIAN_POINT ( 'NONE',  ( 5.635108421860272400E-014, -2.000000000000000000, -8.837499999999975500 ) ) ;
#7657 = DIRECTION ( 'NONE',  ( 0.0000000000000000000, 0.0000000000000000000, -1.000000000000000000 ) ) ;
#7658 = AXIS2_PLACEMENT_3D ( 'NONE', #5839, #7621, #3291 ) ;
#7659 = CARTESIAN_POINT ( 'NONE',  ( -1.338300807568886700, 0.7726683315065640000, -11.43333333333330200 ) ) ;
#7660 = CARTESIAN_POINT ( 'NONE',  ( -0.2357771903914948100, 1.595924783227574300, -25.86387397565810200 ) ) ;
#7661 = CARTESIAN_POINT ( 'NONE',  ( 1.999999999999999600, 0.5358983848622704800, -7.843739260883016800 ) ) ;
#7662 = CARTESIAN_POINT ( 'NONE',  ( -2.793185071074506100E-014, 2.000000000000000000, -3.499999999999989300 ) ) ;
#7663 = CARTESIAN_POINT ( 'NONE',  ( -2.158205648456237400E-014, 1.545336663013167300, -13.03749999999996600 ) ) ;
#7664 = CARTESIAN_POINT ( 'NONE',  ( -1.154700538379179300, -2.000000000000041300, -20.00833333333328300 ) ) ;
#7665 = DIRECTION ( 'NONE',  ( -1.000000000000000000, 0.0000000000000000000, 0.0000000000000000000 ) ) ;
#7666 = DIRECTION ( 'NONE',  ( 0.0000000000000000000, 0.0000000000000000000, 1.000000000000000000 ) ) ;
#7667 = CARTESIAN_POINT ( 'NONE',  ( -1.154700538379280800, 1.999999999999983100, -13.94166666666662900 ) ) ;
#7668 = CARTESIAN_POINT ( 'NONE',  ( 2.000000000000006200, 1.958044790744032300E-014, -21.17499999999994400 ) ) ;
#7669 = CARTESIAN_POINT ( 'NONE',  ( -2.309401076758502900, -3.267715314911616300E-014, -17.41249999999995200 ) ) ;
#7670 = VERTEX_POINT ( 'NONE', #6029 ) ;
#7671 = CARTESIAN_POINT ( 'NONE',  ( -2.688103295886192800E-014, 1.545336663013167300, -8.749999999999976900 ) ) ;
#7672 = ORIENTED_EDGE ( 'NONE', *, *, #6263, .T. ) ;
#7673 = CARTESIAN_POINT ( 'NONE',  ( 1.154700538379299000, -1.999999999999972200, -8.691666666666645100 ) ) ;
#7674 = CARTESIAN_POINT ( 'NONE',  ( -2.309401076758502900, -3.267715314911616300E-014, -6.212499999999980800 ) ) ;
#7675 = CARTESIAN_POINT ( 'NONE',  ( 1.999999999999998200, 1.516467923988701500E-014, -16.27499999999995900 ) ) ;
#7676 = DIRECTION ( 'NONE',  ( -0.0000000000000000000, -0.0000000000000000000, -1.000000000000000000 ) ) ;
#7677 = ORIENTED_EDGE ( 'NONE', *, *, #7320, .T. ) ;
#7678 = CARTESIAN_POINT ( 'NONE',  ( 1.338300807568905100, -0.7726683315065323600, -21.67083333333327700 ) ) ;
#7679 = EDGE_CURVE ( 'NONE', #4377, #6525, #4881, .T. ) ;
#7680 = VECTOR ( 'NONE', #7730, 1000.000000000000000 ) ;
#7681 = CARTESIAN_POINT ( 'NONE',  ( 1.545336663013170000, 0.4140717108885975100, -6.181239260883020700 ) ) ;
#7682 = VERTEX_POINT ( 'NONE', #3099 ) ;
#7683 = CARTESIAN_POINT ( 'NONE',  ( 1.545336663013169700, 0.4140717108885977900, -2.593739260883028800 ) ) ;
#7684 = CARTESIAN_POINT ( 'NONE',  ( 0.8922005383792248600, 1.545336663013181700, -14.40833333333329800 ) ) ;
#7685 = CARTESIAN_POINT ( 'NONE',  ( 1.545336663013169100, 3.166570952390200700E-015, -8.312499999999980500 ) ) ;
#7686 = CARTESIAN_POINT ( 'NONE',  ( -0.8922005383792279700, -1.545336663013180200, -11.95833333333330200 ) ) ;
#7687 = CARTESIAN_POINT ( 'NONE',  ( -0.8922005383792279700, -1.545336663013180200, -11.34583333333330300 ) ) ;
#7688 = FACE_OUTER_BOUND ( 'NONE', #4274, .T. ) ;
#7689 = CARTESIAN_POINT ( 'NONE',  ( 2.000000000000005800, 1.760497245090331600E-014, -17.76249999999995300 ) ) ;
#7690 = ORIENTED_EDGE ( 'NONE', *, *, #1358, .T. ) ;
#7691 = EDGE_CURVE ( 'NONE', #5144, #3113, #5562, .T. ) ;
#7692 = CARTESIAN_POINT ( 'NONE',  ( 2.000000000000000900, 0.5358983848622673700, -5.043739260883023200 ) ) ;
#7693 = CARTESIAN_POINT ( 'NONE',  ( -3.748657166664077800E-014, 2.000000000000000000, -2.799999999999991400 ) ) ;
#7694 = CARTESIAN_POINT ( 'NONE',  ( 1.154700538379284300, -1.999999999999981100, -7.991666666666645800 ) ) ;
#7695 = CARTESIAN_POINT ( 'NONE',  ( 2.817678007057453100E-014, -2.000000000000000000, -14.34999999999996400 ) ) ;
#7696 = CARTESIAN_POINT ( 'NONE',  ( -1.999999999999999600, -0.5358983848622864700, -19.39373926088299200 ) ) ;
#7697 = FACE_OUTER_BOUND ( 'NONE', #6619, .T. ) ;
#7698 = CARTESIAN_POINT ( 'NONE',  ( 0.8922005383792283000, 1.545336663013179700, 0.9916666666666668100 ) ) ;
#7699 = ORIENTED_EDGE ( 'NONE', *, *, #8106, .F. ) ;
#7700 = ADVANCED_FACE ( 'NONE', ( #3178 ), #1714, .T. ) ;
#7701 =( BOUNDED_CURVE ( )  B_SPLINE_CURVE ( 2, ( #6740, #2277, #7986, #4870, #520, #2422, #6812, #5601, #1181 ),
 .UNSPECIFIED., .F., .F. ) 
 B_SPLINE_CURVE_WITH_KNOTS ( ( 3, 2, 2, 2, 3 ),
 ( 0.5661764705882353900, 0.5686274509803921400, 0.5735294117647058400, 0.5784313725490196600, 0.5808823529411766300 ),
 .UNSPECIFIED. ) 
 CURVE ( )  GEOMETRIC_REPRESENTATION_ITEM ( )  RATIONAL_B_SPLINE_CURVE ( ( 0.9330127018922194100, 0.9330127018922224100, 1.000000000000000000, 0.8660254037844387100, 1.000000000000000000, 0.8660254037844387100, 1.000000000000000000, 0.9330127018922163000, 0.9330127018922194100 ) ) 
 REPRESENTATION_ITEM ( '' )  );
#7702 = ORIENTED_EDGE ( 'NONE', *, *, #3722, .F. ) ;
#7703 = CARTESIAN_POINT ( 'NONE',  ( -1.545336663013166400, 1.237577271301124500E-014, -13.56249999999997000 ) ) ;
#7704 = ORIENTED_EDGE ( 'NONE', *, *, #3937, .T. ) ;
#7705 = DIRECTION ( 'NONE',  ( -0.0000000000000000000, -0.0000000000000000000, 1.000000000000000000 ) ) ;
#7706 = DIRECTION ( 'NONE',  ( 0.0000000000000000000, 0.0000000000000000000, 1.000000000000000000 ) ) ;
#7707 = CARTESIAN_POINT ( 'NONE',  ( 2.309401076758502900, 3.239433308545619500E-014, -4.462499999999985300 ) ) ;
#7708 = CARTESIAN_POINT ( 'NONE',  ( -1.545336663013167300, 0.0000000000000000000, 0.0000000000000000000 ) ) ;
#7709 = EDGE_CURVE ( 'NONE', #6815, #7309, #7006, .T. ) ;
#7710 = VERTEX_POINT ( 'NONE', #7411 ) ;
#7711 = CARTESIAN_POINT ( 'NONE',  ( 1.545336663013168600, -0.4140717108885563800, -11.05626073911693500 ) ) ;
#7712 = AXIS2_PLACEMENT_3D ( 'NONE', #7396, #6839, #6349 ) ;
#7713 =( BOUNDED_CURVE ( )  B_SPLINE_CURVE ( 2, ( #4717, #5957, #932, #4748, #1500, #7792, #4050, #4685, #6610 ),
 .UNSPECIFIED., .F., .F. ) 
 B_SPLINE_CURVE_WITH_KNOTS ( ( 3, 2, 2, 2, 3 ),
 ( 0.7132352941176471900, 0.7156862745098039300, 0.7205882352941176400, 0.7254901960784313500, 0.7279411764705883100 ),
 .UNSPECIFIED. ) 
 CURVE ( )  GEOMETRIC_REPRESENTATION_ITEM ( )  RATIONAL_B_SPLINE_CURVE ( ( 0.9330127018922194100, 0.9330127018922224100, 1.000000000000000000, 0.8660254037844387100, 1.000000000000000000, 0.8660254037844387100, 1.000000000000000000, 0.9330127018922163000, 0.9330127018922194100 ) ) 
 REPRESENTATION_ITEM ( '' )  );
#7714 = ORIENTED_EDGE ( 'NONE', *, *, #707, .F. ) ;
#7715 = VERTEX_POINT ( 'NONE', #3660 ) ;
#7716 = CARTESIAN_POINT ( 'NONE',  ( 1.545336663013167300, -6.362193014435357400E-015, -6.212499999999984400 ) ) ;
#7717 = CYLINDRICAL_SURFACE ( 'NONE', #3461, 1.545336663013167300 ) ;
#7718 = CARTESIAN_POINT ( 'NONE',  ( -1.545336663013164400, -0.4140717108886249300, -15.63123926088299800 ) ) ;
#7719 = CARTESIAN_POINT ( 'NONE',  ( 3.218192250010431800E-014, -1.545336663013167300, -8.487499999999977600 ) ) ;
#7720 = CARTESIAN_POINT ( 'NONE',  ( 0.8922005383792722700, -1.545336663013154900, -11.14166666666663700 ) ) ;
#7721 = CARTESIAN_POINT ( 'NONE',  ( -1.014703996554337900, 1.146211182010441700, -25.79260313667953500 ) ) ;
#7722 = ORIENTED_EDGE ( 'NONE', *, *, #6971, .F. ) ;
#7723 = CARTESIAN_POINT ( 'NONE',  ( 1.732050807568894700, -0.9999999999999696900, -1.720833333333325900 ) ) ;
#7724 = CARTESIAN_POINT ( 'NONE',  ( 1.338300807568864300, 0.7726683315066025200, -11.75416666666663400 ) ) ;
#7725 = CARTESIAN_POINT ( 'NONE',  ( -2.000000000000004900, 0.5358983848622126400, -17.44376073911691100 ) ) ;
#7726 = ORIENTED_EDGE ( 'NONE', *, *, #2475, .T. ) ;
#7727 = CARTESIAN_POINT ( 'NONE',  ( -2.309401076758502900, -3.267715314911616300E-014, -14.52499999999996100 ) ) ;
#7728 = DIRECTION ( 'NONE',  ( 0.0000000000000000000, 0.0000000000000000000, 1.000000000000000000 ) ) ;
#7729 = CARTESIAN_POINT ( 'NONE',  ( -1.732050807568891800, 0.9999999999999742400, -21.67083333333327400 ) ) ;
#7730 = DIRECTION ( 'NONE',  ( 0.0000000000000000000, 0.0000000000000000000, 1.000000000000000000 ) ) ;
#7731 = CARTESIAN_POINT ( 'NONE',  ( -0.8922005383792724900, 1.545336663013154900, -1.079166666666661900 ) ) ;
#7732 = CARTESIAN_POINT ( 'NONE',  ( -1.338300807568893100, 0.7726683315065525600, -8.633333333333308000 ) ) ;
#7733 = CARTESIAN_POINT ( 'NONE',  ( -1.999999999999998200, -3.892848693764099900E-015, -8.312499999999980500 ) ) ;
#7734 = CARTESIAN_POINT ( 'NONE',  ( 2.817678007057453700E-014, -2.000000000000000000, -6.037499999999981900 ) ) ;
#7735 = DIRECTION ( 'NONE',  ( 0.0000000000000000000, 0.0000000000000000000, 1.000000000000000000 ) ) ;
#7736 = VERTEX_POINT ( 'NONE', #582 ) ;
#7737 = CARTESIAN_POINT ( 'NONE',  ( -2.000000000000006200, -9.819275063375116700E-015, -17.32499999999995700 ) ) ;
#7738 = DIRECTION ( 'NONE',  ( 1.000000000000000000, 0.0000000000000000000, 0.0000000000000000000 ) ) ;
#7739 = ADVANCED_FACE ( 'NONE', ( #3996 ), #1786, .F. ) ;
#7740 = CARTESIAN_POINT ( 'NONE',  ( -2.000000000000001300, -0.5358983848622644900, -8.981239260883011600 ) ) ;
#7741 = CARTESIAN_POINT ( 'NONE',  ( -1.545336663013169100, 2.527446539981169400E-015, -9.362499999999977600 ) ) ;
#7742 = CARTESIAN_POINT ( 'NONE',  ( -2.989128558938083600E-014, 2.000000000000000000, -2.099999999999993000 ) ) ;
#7743 = CARTESIAN_POINT ( 'NONE',  ( 1.338300807568864300, 0.7726683315066025200, -17.96666666666661900 ) ) ;
#7744 = EDGE_CURVE ( 'NONE', #423, #1796, #3739, .T. ) ;
#7745 =( BOUNDED_CURVE ( )  B_SPLINE_CURVE ( 2, ( #6587, #4592, #2058, #5260, #4055, #792, #2125, #4692, #5205 ),
 .UNSPECIFIED., .F., .T. ) 
 B_SPLINE_CURVE_WITH_KNOTS ( ( 3, 2, 2, 2, 3 ),
 ( 0.8308823529411766300, 0.8333333333333333700, 0.8382352941176470800, 0.8431372549019607900, 0.8455882352941177500 ),
 .UNSPECIFIED. ) 
 CURVE ( )  GEOMETRIC_REPRESENTATION_ITEM ( )  RATIONAL_B_SPLINE_CURVE ( ( 0.9330127018922194100, 0.9330127018922224100, 1.000000000000000000, 0.8660254037844387100, 1.000000000000000000, 0.8660254037844387100, 1.000000000000000000, 0.9330127018922163000, 0.9330127018922194100 ) ) 
 REPRESENTATION_ITEM ( '' )  );
#7746 = CARTESIAN_POINT ( 'NONE',  ( 1.154700538379204800, 2.000000000000027100, -14.05833333333329800 ) ) ;
#7747 = CARTESIAN_POINT ( 'NONE',  ( -1.732050807568861700, -1.000000000000027300, -1.166666666666662300 ) ) ;
#7748 = CARTESIAN_POINT ( 'NONE',  ( 0.8922005383792722700, -1.545336663013154900, 0.6708333333333338400 ) ) ;
#7749 = CARTESIAN_POINT ( 'NONE',  ( -2.158205648456237400E-014, 1.545336663013167300, -10.93749999999997200 ) ) ;
#7750 = DIRECTION ( 'NONE',  ( -0.0000000000000000000, -0.0000000000000000000, -1.000000000000000000 ) ) ;
#7751 = CARTESIAN_POINT ( 'NONE',  ( 1.999999999999998200, 1.516467923988701500E-014, -15.66249999999995700 ) ) ;
#7752 = DIRECTION ( 'NONE',  ( -1.000000000000000000, 0.0000000000000000000, 0.0000000000000000000 ) ) ;
#7753 = EDGE_LOOP ( 'NONE', ( #600, #6252 ) ) ;
#7754 = DIRECTION ( 'NONE',  ( -0.0000000000000000000, -0.0000000000000000000, -1.000000000000000000 ) ) ;
#7755 = CARTESIAN_POINT ( 'NONE',  ( -1.154700538379280800, 1.999999999999983100, -13.24166666666663000 ) ) ;
#7756 = DIRECTION ( 'NONE',  ( 0.0000000000000000000, 0.0000000000000000000, 1.000000000000000000 ) ) ;
#7757 = CARTESIAN_POINT ( 'NONE',  ( -1.732050807568862800, -1.000000000000025100, -19.45416666666661600 ) ) ;
#7758 = VERTEX_POINT ( 'NONE', #4326 ) ;
#7759 = DIRECTION ( 'NONE',  ( -0.0000000000000000000, -0.0000000000000000000, -1.000000000000000000 ) ) ;
#7760 = EDGE_CURVE ( 'NONE', #2483, #2267, #4689, .T. ) ;
#7761 = CARTESIAN_POINT ( 'NONE',  ( -0.8922005383792724900, 1.545336663013154900, -2.479166666666658500 ) ) ;
#7762 = CARTESIAN_POINT ( 'NONE',  ( 0.0000000000000000000, 0.0000000000000000000, 0.0000000000000000000 ) ) ;
#7763 = CARTESIAN_POINT ( 'NONE',  ( -1.154700538379181300, -2.000000000000040000, -16.59583333333328900 ) ) ;
#7764 = CARTESIAN_POINT ( 'NONE',  ( -1.545336663013165500, 0.4140717108885567700, -19.10626073911691200 ) ) ;
#7765 = CARTESIAN_POINT ( 'NONE',  ( 1.732050807568863200, 1.000000000000024400, -7.904166666666644600 ) ) ;
#7766 = ORIENTED_EDGE ( 'NONE', *, *, #4508, .T. ) ;
#7767 = DIRECTION ( 'NONE',  ( 0.0000000000000000000, 0.0000000000000000000, 1.000000000000000000 ) ) ;
#7768 = CARTESIAN_POINT ( 'NONE',  ( 1.999999999999998200, -4.125257571003748100E-015, -20.47499999999995200 ) ) ;
#7769 = ORIENTED_EDGE ( 'NONE', *, *, #4849, .F. ) ;
#7770 = EDGE_CURVE ( 'NONE', #4691, #583, #7813, .T. ) ;
#7771 = CARTESIAN_POINT ( 'NONE',  ( -1.154700538379200800, -2.000000000000029300, -8.895833333333309100 ) ) ;
#7772 = EDGE_LOOP ( 'NONE', ( #5934, #4808, #2748, #1429 ) ) ;
#7773 = CARTESIAN_POINT ( 'NONE',  ( -1.154700538379296100, 1.999999999999974000, -14.64166666666662800 ) ) ;
#7774 = CARTESIAN_POINT ( 'NONE',  ( 1.784401076758500100, 2.503007529540795900E-014, -16.62499999999996100 ) ) ;
#7775 = CARTESIAN_POINT ( 'NONE',  ( 1.154700538379296100, -1.999999999999974000, -3.879166666666654400 ) ) ;
#7776 = CARTESIAN_POINT ( 'NONE',  ( 1.732050807568898500, -0.9999999999999629200, -13.53333333333329900 ) ) ;
#7777 = CARTESIAN_POINT ( 'NONE',  ( 0.8922005383792722700, -1.545336663013154900, -11.22916666666663600 ) ) ;
#7778 = ORIENTED_EDGE ( 'NONE', *, *, #3745, .F. ) ;
#7779 = CARTESIAN_POINT ( 'NONE',  ( 1.154700538379287400, -1.999999999999979100, -1.079166666666661100 ) ) ;
#7780 = CARTESIAN_POINT ( 'NONE',  ( 0.0000000000000000000, 0.0000000000000000000, -26.00000000000000000 ) ) ;
#7781 = CARTESIAN_POINT ( 'NONE',  ( -1.154700538379214800, -2.000000000000020900, -10.20833333333330700 ) ) ;
#7782 = ORIENTED_EDGE ( 'NONE', *, *, #5473, .T. ) ;
#7783 = CARTESIAN_POINT ( 'NONE',  ( 2.000000000000002700, 0.5358983848622630400, -2.331239260883028100 ) ) ;
#7784 = CARTESIAN_POINT ( 'NONE',  ( 2.817678007057453100E-014, -2.000000000000000000, -12.94999999999996600 ) ) ;
#7785 = DIRECTION ( 'NONE',  ( 0.0000000000000000000, 0.0000000000000000000, 1.000000000000000000 ) ) ;
#7786 = CARTESIAN_POINT ( 'NONE',  ( -2.793185071074506700E-014, 2.000000000000000000, -21.08749999999994200 ) ) ;
#7787 = EDGE_LOOP ( 'NONE', ( #7912, #3376, #2580, #7231 ) ) ;
#7788 = CARTESIAN_POINT ( 'NONE',  ( 1.732050807568850300, 1.000000000000047100, -13.41666666666663200 ) ) ;
#7789 = ORIENTED_EDGE ( 'NONE', *, *, #5902, .T. ) ;
#7790 = CARTESIAN_POINT ( 'NONE',  ( -1.338300807568864000, -0.7726683315066029700, -2.304166666666658700 ) ) ;
#7791 = CARTESIAN_POINT ( 'NONE',  ( 1.545336663013166200, -8.134310703387671400E-016, -11.72499999999997100 ) ) ;
#7792 = CARTESIAN_POINT ( 'NONE',  ( -0.8922005383791853400, -1.545336663013204400, -16.24583333333329400 ) ) ;
#7793 = ORIENTED_EDGE ( 'NONE', *, *, #1946, .T. ) ;
#7794 = CARTESIAN_POINT ( 'NONE',  ( 2.817678007057453700E-014, -2.000000000000000000, -5.337499999999984400 ) ) ;
#7795 = CARTESIAN_POINT ( 'NONE',  ( 1.732050807568834800, 1.000000000000073500, -16.21666666666662600 ) ) ;
#7796 = CARTESIAN_POINT ( 'NONE',  ( -1.470959702138500600, 0.5778782809017136700, -0.1997410498936040600 ) ) ;
#7797 = LINE ( 'NONE', #6214, #1504 ) ;
#7798 = CARTESIAN_POINT ( 'NONE',  ( 2.000000000000000000, 2.963213184805508800E-015, -4.462499999999987000 ) ) ;
#7799 = CARTESIAN_POINT ( 'NONE',  ( 1.784401076758500100, 2.503007529540795600E-014, -7.612499999999978500 ) ) ;
#7800 = VERTEX_POINT ( 'NONE', #1817 ) ;
#7801 = EDGE_CURVE ( 'NONE', #2302, #5114, #3231, .T. ) ;
#7802 = LINE ( 'NONE', #2567, #6341 ) ;
#7803 = CARTESIAN_POINT ( 'NONE',  ( 1.732050807568848800, 1.000000000000050000, -17.00416666666662400 ) ) ;
#7804 = CARTESIAN_POINT ( 'NONE',  ( -1.545336663013169700, 0.4140717108885635900, -9.393760739116940400 ) ) ;
#7805 = ORIENTED_EDGE ( 'NONE', *, *, #5637, .F. ) ;
#7806 =( BOUNDED_CURVE ( )  B_SPLINE_CURVE ( 2, ( #233, #3978, #841, #2048, #5154, #5916, #2753, #2101, #5215 ),
 .UNSPECIFIED., .F., .F. ) 
 B_SPLINE_CURVE_WITH_KNOTS ( ( 3, 2, 2, 2, 3 ),
 ( 0.4191176470588236500, 0.4215686274509803900, 0.4264705882352941000, 0.4313725490196078600, 0.4338235294117648300 ),
 .UNSPECIFIED. ) 
 CURVE ( )  GEOMETRIC_REPRESENTATION_ITEM ( )  RATIONAL_B_SPLINE_CURVE ( ( 0.9330127018922194100, 0.9330127018922224100, 1.000000000000000000, 0.8660254037844387100, 1.000000000000000000, 0.8660254037844387100, 1.000000000000000000, 0.9330127018922163000, 0.9330127018922194100 ) ) 
 REPRESENTATION_ITEM ( '' )  );
#7807 = CARTESIAN_POINT ( 'NONE',  ( 1.338300807568864300, 0.7726683315066025200, -15.86666666666662600 ) ) ;
#7808 = VERTEX_POINT ( 'NONE', #6256 ) ;
#7809 = CARTESIAN_POINT ( 'NONE',  ( 1.732050807568906900, -0.9999999999999486000, -17.03333333333328900 ) ) ;
#7810 =( BOUNDED_CURVE ( )  B_SPLINE_CURVE ( 2, ( #6571, #921, #1552, #3458, #2754, #7781, #4100, #320, #949 ),
 .UNSPECIFIED., .F., .F. ) 
 B_SPLINE_CURVE_WITH_KNOTS ( ( 3, 2, 2, 2, 3 ),
 ( 0.4485294117647060100, 0.4509803921568627500, 0.4558823529411764600, 0.4607843137254901700, 0.4632352941176471900 ),
 .UNSPECIFIED. ) 
 CURVE ( )  GEOMETRIC_REPRESENTATION_ITEM ( )  RATIONAL_B_SPLINE_CURVE ( ( 0.9330127018922194100, 0.9330127018922224100, 1.000000000000000000, 0.8660254037844387100, 1.000000000000000000, 0.8660254037844387100, 1.000000000000000000, 0.9330127018922156300, 0.9330127018922194100 ) ) 
 REPRESENTATION_ITEM ( '' )  );
#7811 = VERTEX_POINT ( 'NONE', #6784 ) ;
#7812 = CARTESIAN_POINT ( 'NONE',  ( -1.338300807568864000, -0.7726683315066029700, -15.60416666666662500 ) ) ;
#7813 = LINE ( 'NONE', #4345, #628 ) ;
#7814 = VECTOR ( 'NONE', #3787, 1000.000000000000000 ) ;
#7815 = ORIENTED_EDGE ( 'NONE', *, *, #29, .T. ) ;
#7816 = CARTESIAN_POINT ( 'NONE',  ( -1.732050807568847400, -1.000000000000052200, -11.05416666666663700 ) ) ;
#7817 = EDGE_CURVE ( 'NONE', #368, #7074, #54, .T. ) ;
#7818 = DIRECTION ( 'NONE',  ( -1.000000000000000000, 0.0000000000000000000, 0.0000000000000000000 ) ) ;
#7819 = EDGE_LOOP ( 'NONE', ( #5469, #1964, #2925, #7305 ) ) ;
#7820 = CARTESIAN_POINT ( 'NONE',  ( -0.8922005383792233100, -1.545336663013182800, -7.058333333333313100 ) ) ;
#7821 = CARTESIAN_POINT ( 'NONE',  ( 1.143532919788264200, 1.360375945782141200, -21.99999999999998900 ) ) ;
#7822 = CARTESIAN_POINT ( 'NONE',  ( -1.154700538379280800, 1.999999999999983100, -9.041666666666643000 ) ) ;
#7823 = CARTESIAN_POINT ( 'NONE',  ( 1.154700538379280100, -1.999999999999983300, -21.37916666666661000 ) ) ;
#7824 = CYLINDRICAL_SURFACE ( 'NONE', #4654, 2.000000000000000000 ) ;
#7825 = CARTESIAN_POINT ( 'NONE',  ( 0.8922005383792722700, -1.545336663013154900, -0.02916666666666432200 ) ) ;
#7826 = CARTESIAN_POINT ( 'NONE',  ( -1.338300807568888500, 0.7726683315065608900, -1.020833333333328400 ) ) ;
#7827 = DIRECTION ( 'NONE',  ( -1.000000000000000000, 0.0000000000000000000, 0.0000000000000000000 ) ) ;
#7828 = CARTESIAN_POINT ( 'NONE',  ( -1.732050807568846600, -1.000000000000053100, -12.45416666666663400 ) ) ;
#7829 = CARTESIAN_POINT ( 'NONE',  ( 2.309401076758502900, 3.239433308545619500E-014, -10.76249999999997300 ) ) ;
#7830 = ORIENTED_EDGE ( 'NONE', *, *, #6879, .T. ) ;
#7831 = CARTESIAN_POINT ( 'NONE',  ( -1.110297640932668600, -1.074850943429842600, -0.1778527147052651700 ) ) ;
#7832 = EDGE_CURVE ( 'NONE', #3531, #7800, #6953, .T. ) ;
#7833 = CARTESIAN_POINT ( 'NONE',  ( -1.545336663013172000, 1.269533491921576000E-014, -14.17499999999996700 ) ) ;
#7834 = CARTESIAN_POINT ( 'NONE',  ( 2.177130564435878500E-014, -1.545336663013167300, -8.487499999999977600 ) ) ;
#7835 = CARTESIAN_POINT ( 'NONE',  ( -1.732050807568836800, -1.000000000000070200, -20.76666666666661200 ) ) ;
#7836 = ORIENTED_EDGE ( 'NONE', *, *, #974, .T. ) ;
#7837 = ADVANCED_FACE ( 'NONE', ( #1906 ), #7839, .T. ) ;
#7838 = CARTESIAN_POINT ( 'NONE',  ( 1.545336663013167300, -0.4140717108885664200, -4.756260739116950900 ) ) ;
#7839 = CYLINDRICAL_SURFACE ( 'NONE', #3320, 2.000000000000000000 ) ;
#7840 = CARTESIAN_POINT ( 'NONE',  ( -2.158205648456237700E-014, 1.545336663013167300, -17.14999999999995600 ) ) ;
#7841 = CARTESIAN_POINT ( 'NONE',  ( -1.545336663013166200, -4.473870886863219300E-015, -11.37499999999997200 ) ) ;
#7842 = CARTESIAN_POINT ( 'NONE',  ( -1.732050807568859700, -1.000000000000031300, -17.26666666666662300 ) ) ;
#7843 = VERTEX_POINT ( 'NONE', #5675 ) ;
#7844 = CARTESIAN_POINT ( 'NONE',  ( -1.338300807568886700, 0.7726683315065640000, -13.62083333333329800 ) ) ;
#7845 = VECTOR ( 'NONE', #2093, 1000.000000000000000 ) ;
#7846 = DIRECTION ( 'NONE',  ( -0.0000000000000000000, -0.0000000000000000000, -1.000000000000000000 ) ) ;
#7847 = CARTESIAN_POINT ( 'NONE',  ( -1.154700538379183300, -2.000000000000039100, -13.79583333333329700 ) ) ;
#7848 = CARTESIAN_POINT ( 'NONE',  ( 1.545336663013173100, -0.4140717108885617100, -6.856260739116945200 ) ) ;
#7849 = DIRECTION ( 'NONE',  ( 1.000000000000000000, 0.0000000000000000000, 0.0000000000000000000 ) ) ;
#7850 = CARTESIAN_POINT ( 'NONE',  ( 1.154700538379223000, 2.000000000000016000, -7.758333333333312400 ) ) ;
#7851 = CARTESIAN_POINT ( 'NONE',  ( 0.8922005383792722700, -1.545336663013154900, -2.041666666666659400 ) ) ;
#7852 = VECTOR ( 'NONE', #3282, 1000.000000000000000 ) ;
#7853 = CARTESIAN_POINT ( 'NONE',  ( -6.398534668061581500E-014, 1.545336663013167300, -16.44999999999995700 ) ) ;
#7854 = VECTOR ( 'NONE', #1052, 1000.000000000000000 ) ;
#7855 = CARTESIAN_POINT ( 'NONE',  ( 1.338300807568864300, 0.7726683315066025200, -1.954166666666659500 ) ) ;
#7856 = DIRECTION ( 'NONE',  ( 1.000000000000000000, 0.0000000000000000000, 0.0000000000000000000 ) ) ;
#7857 = EDGE_CURVE ( 'NONE', #7736, #4626, #2027, .T. ) ;
#7858 = CARTESIAN_POINT ( 'NONE',  ( 0.8837092106213841900, -1.221841056931269900, -25.76827416960032500 ) ) ;
#7859 = CARTESIAN_POINT ( 'NONE',  ( -2.309401076758502900, -3.267715314911616300E-014, -10.41249999999997300 ) ) ;
#7860 = CARTESIAN_POINT ( 'NONE',  ( -1.545336663013164400, 0.4140717108885643700, -19.89376073911691700 ) ) ;
#7861 = CARTESIAN_POINT ( 'NONE',  ( -1.501533422254238000, 0.4735084016229859600, -0.1955831749160746600 ) ) ;
#7862 = CARTESIAN_POINT ( 'NONE',  ( 1.338300807568886300, -0.7726683315065647800, -6.970833333333313700 ) ) ;
#7863 = CARTESIAN_POINT ( 'NONE',  ( -1.545336663013166200, 1.600716141988073900E-014, -21.17499999999995100 ) ) ;
#7864 = CARTESIAN_POINT ( 'NONE',  ( -1.999999999999998200, 2.364760325913415700E-014, -20.12499999999995000 ) ) ;
#7865 = CARTESIAN_POINT ( 'NONE',  ( 1.784401076758500100, 2.503007529540795900E-014, -17.32499999999995700 ) ) ;
#7866 = EDGE_CURVE ( 'NONE', #2109, #4590, #4600, .T. ) ;
#7867 = CARTESIAN_POINT ( 'NONE',  ( 0.0000000000000000000, 0.0000000000000000000, 0.0000000000000000000 ) ) ;
#7868 = ORIENTED_EDGE ( 'NONE', *, *, #2741, .T. ) ;
#7869 = DIRECTION ( 'NONE',  ( -0.0000000000000000000, -0.0000000000000000000, -1.000000000000000000 ) ) ;
#7870 = CARTESIAN_POINT ( 'NONE',  ( 2.177130564435878500E-014, -1.545336663013167300, -14.08749999999996300 ) ) ;
#7871 = DIRECTION ( 'NONE',  ( -1.000000000000000000, 0.0000000000000000000, 0.0000000000000000000 ) ) ;
#7872 = CARTESIAN_POINT ( 'NONE',  ( -1.154700538379288100, 1.999999999999978700, -3.441666666666656200 ) ) ;
#7873 = CARTESIAN_POINT ( 'NONE',  ( 1.154700538379206800, 2.000000000000025800, -11.25833333333330400 ) ) ;
#7874 = CARTESIAN_POINT ( 'NONE',  ( 0.0000000000000000000, 0.0000000000000000000, -22.00000000000000000 ) ) ;
#7875 = CARTESIAN_POINT ( 'NONE',  ( 1.732050807568891200, -0.9999999999999753500, -5.833333333333317100 ) ) ;
#7876 = CARTESIAN_POINT ( 'NONE',  ( -1.784401076758500100, -2.524860140211269200E-014, -19.86249999999994700 ) ) ;
#7877 = CARTESIAN_POINT ( 'NONE',  ( 1.784401076758500100, 2.503007529540795900E-014, 0.1750000000000020700 ) ) ;
#7878 = CARTESIAN_POINT ( 'NONE',  ( -1.545336663013170600, 0.4140717108885605400, -14.99376073911692600 ) ) ;
#7879 = EDGE_CURVE ( 'NONE', #830, #6911, #5296, .T. ) ;
#7880 = VERTEX_POINT ( 'NONE', #5062 ) ;
#7881 = CARTESIAN_POINT ( 'NONE',  ( -0.8922005383792279700, -1.545336663013180200, -4.345833333333320800 ) ) ;
#7882 = CARTESIAN_POINT ( 'NONE',  ( -1.545336663013172000, -7.553288510288552300E-015, -17.06249999999996100 ) ) ;
#7883 = CARTESIAN_POINT ( 'NONE',  ( -1.999999999999999600, -8.134310703387671400E-016, -0.5249999999999985800 ) ) ;
#7884 = CARTESIAN_POINT ( 'NONE',  ( -1.999999999999996700, -0.5358983848622809200, -12.48123926088300600 ) ) ;
#7885 = CARTESIAN_POINT ( 'NONE',  ( -1.545336663013167300, -0.4140717108886143300, -16.24373926088299700 ) ) ;
#7886 = CARTESIAN_POINT ( 'NONE',  ( -1.784401076758500100, -2.524860140211269200E-014, -5.162499999999984500 ) ) ;
#7887 = ORIENTED_EDGE ( 'NONE', *, *, #5132, .T. ) ;
#7888 = CARTESIAN_POINT ( 'NONE',  ( -1.463331560924265600, 0.4967153559692238400, -22.00000000000000400 ) ) ;
#7889 = LINE ( 'NONE', #5226, #2674 ) ;
#7890 = ORIENTED_EDGE ( 'NONE', *, *, #1371, .F. ) ;
#7891 = CARTESIAN_POINT ( 'NONE',  ( 1.154700538379160000, 2.000000000000052800, -16.94583333333329000 ) ) ;
#7892 = CARTESIAN_POINT ( 'NONE',  ( 1.784401076758500100, 2.503007529540795900E-014, -21.52499999999994500 ) ) ;
#7893 = CARTESIAN_POINT ( 'NONE',  ( 1.338300807568898200, -0.7726683315065440100, -16.77083333333329000 ) ) ;
#7894 = CARTESIAN_POINT ( 'NONE',  ( -1.545336663013166200, 1.754687023159340600E-014, -18.46249999999995600 ) ) ;
#7895 = CYLINDRICAL_SURFACE ( 'NONE', #2213, 1.545336663013167300 ) ;
#7896 =( BOUNDED_CURVE ( )  B_SPLINE_CURVE ( 2, ( #8052, #4249, #2937, #1756, #5511, #2285, #2310, #6080, #4885 ),
 .UNSPECIFIED., .F., .F. ) 
 B_SPLINE_CURVE_WITH_KNOTS ( ( 3, 2, 2, 2, 3 ),
 ( 0.4926470588235294900, 0.4950980392156862900, 0.5000000000000000000, 0.5049019607843137100, 0.5073529411764706700 ),
 .UNSPECIFIED. ) 
 CURVE ( )  GEOMETRIC_REPRESENTATION_ITEM ( )  RATIONAL_B_SPLINE_CURVE ( ( 0.9330127018922194100, 0.9330127018922216300, 1.000000000000000000, 0.8660254037844387100, 1.000000000000000000, 0.8660254037844387100, 1.000000000000000000, 0.9330127018922163000, 0.9330127018922194100 ) ) 
 REPRESENTATION_ITEM ( '' )  );
#7897 = CARTESIAN_POINT ( 'NONE',  ( 4.360980566237754200E-014, -2.000000000000000000, -10.93749999999997000 ) ) ;
#7898 = EDGE_LOOP ( 'NONE', ( #6268, #4436, #2059, #7702 ) ) ;
#7899 = CARTESIAN_POINT ( 'NONE',  ( 2.000000000000000000, 3.428030939284804100E-015, -5.774999999999985300 ) ) ;
#7900 = CARTESIAN_POINT ( 'NONE',  ( -0.8922005383792792600, 1.545336663013150400, -4.579166666666653300 ) ) ;
#7901 = DIRECTION ( 'NONE',  ( -0.0000000000000000000, -0.0000000000000000000, -1.000000000000000000 ) ) ;
#7902 = CARTESIAN_POINT ( 'NONE',  ( -1.732050807568891800, 0.9999999999999742400, -8.983333333333307600 ) ) ;
#7903 = CARTESIAN_POINT ( 'NONE',  ( -2.158205648456237700E-014, 1.545336663013167300, -0.3499999999999965900 ) ) ;
#7904 = CARTESIAN_POINT ( 'NONE',  ( 2.000000000000005800, 1.760497245090331600E-014, -17.76249999999995300 ) ) ;
#7905 = VERTEX_POINT ( 'NONE', #829 ) ;
#7906 = AXIS2_PLACEMENT_3D ( 'NONE', #6702, #3914, #420 ) ;
#7907 = CARTESIAN_POINT ( 'NONE',  ( 1.338300807568888900, -0.7726683315065603400, -1.983333333333326100 ) ) ;
#7908 = VECTOR ( 'NONE', #7785, 1000.000000000000000 ) ;
#7909 = VERTEX_POINT ( 'NONE', #1360 ) ;
#7910 = CARTESIAN_POINT ( 'NONE',  ( -1.545336663013167300, -2.382190991706389300E-015, -5.862499999999985600 ) ) ;
#7911 = CARTESIAN_POINT ( 'NONE',  ( -0.8922005383792724900, 1.545336663013154900, -8.079166666666644400 ) ) ;
#7912 = ORIENTED_EDGE ( 'NONE', *, *, #4250, .F. ) ;
#7913 = EDGE_CURVE ( 'NONE', #4269, #1666, #5935, .T. ) ;
#7914 = ORIENTED_EDGE ( 'NONE', *, *, #56, .F. ) ;
#7915 = CARTESIAN_POINT ( 'NONE',  ( -1.338300807568894500, 0.7726683315065506800, -12.92083333333330100 ) ) ;
#7916 = ORIENTED_EDGE ( 'NONE', *, *, #636, .F. ) ;
#7917 = CARTESIAN_POINT ( 'NONE',  ( 1.732050807568858500, 1.000000000000032900, -9.916666666666641200 ) ) ;
#7918 = CARTESIAN_POINT ( 'NONE',  ( -1.338300807568864000, -0.7726683315066029700, -19.01666666666662000 ) ) ;
#7919 = CARTESIAN_POINT ( 'NONE',  ( 1.154700538379319600, -1.999999999999960500, -17.17916666666662100 ) ) ;
#7920 = DIRECTION ( 'NONE',  ( -1.000000000000000000, 0.0000000000000000000, 0.0000000000000000000 ) ) ;
#7921 = VERTEX_POINT ( 'NONE', #5229 ) ;
#7922 = EDGE_LOOP ( 'NONE', ( #7115, #1028, #6725, #3069 ) ) ;
#7923 = VECTOR ( 'NONE', #5961, 1000.000000000000000 ) ;
#7924 = CARTESIAN_POINT ( 'NONE',  ( -1.545336663013166200, -2.236935443431609700E-015, -7.174999999999983800 ) ) ;
#7925 = EDGE_CURVE ( 'NONE', #955, #454, #568, .T. ) ;
#7926 = CARTESIAN_POINT ( 'NONE',  ( 1.154700538379304100, -1.999999999999969600, -15.69166666666662700 ) ) ;
#7927 = CARTESIAN_POINT ( 'NONE',  ( 2.817678007057453100E-014, -2.000000000000000000, -5.949999999999984200 ) ) ;
#7928 = CARTESIAN_POINT ( 'NONE',  ( -1.338300807568864000, -0.7726683315066029700, -0.8166666666666622100 ) ) ;
#7929 = VERTEX_POINT ( 'NONE', #3968 ) ;
#7930 = CARTESIAN_POINT ( 'NONE',  ( 2.000000000000000000, 0.0000000000000000000, -22.00000000000000000 ) ) ;
#7931 = CARTESIAN_POINT ( 'NONE',  ( 1.545336663013172900, -0.4140717108885529400, -18.84376073911691000 ) ) ;
#7932 = PERSON_AND_ORGANIZATION ( #8118, #275 ) ;
#7933 = CARTESIAN_POINT ( 'NONE',  ( 2.000000000000003600, 0.5358983848622830300, -19.83123926088298500 ) ) ;
#7934 = CARTESIAN_POINT ( 'NONE',  ( 1.732050807568851700, 1.000000000000044600, -8.604166666666643000 ) ) ;
#7935 = CARTESIAN_POINT ( 'NONE',  ( 1.732050807568841000, 1.000000000000063300, -19.10416666666661800 ) ) ;
#7936 = VERTEX_POINT ( 'NONE', #5208 ) ;
#7937 = VECTOR ( 'NONE', #1182, 1000.000000000000000 ) ;
#7938 = EDGE_CURVE ( 'NONE', #4946, #2637, #2325, .T. ) ;
#7939 = FACE_OUTER_BOUND ( 'NONE', #1059, .T. ) ;
#7940 = CARTESIAN_POINT ( 'NONE',  ( 1.545336663013167300, 1.892491597964127500E-016, 0.0000000000000000000 ) ) ;
#7941 = CARTESIAN_POINT ( 'NONE',  ( -1.784401076758500100, -2.524860140211269200E-014, -9.362499999999974100 ) ) ;
#7942 = CARTESIAN_POINT ( 'NONE',  ( 1.338300807568857600, 0.7726683315066141800, -20.85416666666661100 ) ) ;
#7943 = CARTESIAN_POINT ( 'NONE',  ( -1.154700538379304800, 1.999999999999969100, -6.941666666666647800 ) ) ;
#7944 = VERTEX_POINT ( 'NONE', #2744 ) ;
#7945 = FACE_OUTER_BOUND ( 'NONE', #2181, .T. ) ;
#7946 = FACE_OUTER_BOUND ( 'NONE', #7922, .T. ) ;
#7947 = DIRECTION ( 'NONE',  ( 1.000000000000000000, 0.0000000000000000000, 0.0000000000000000000 ) ) ;
#7948 = CARTESIAN_POINT ( 'NONE',  ( -0.8922005383792724900, 1.545336663013154900, -20.59166666666661500 ) ) ;
#7949 = CARTESIAN_POINT ( 'NONE',  ( 1.732050807568894500, -0.9999999999999701400, -1.633333333333327300 ) ) ;
#7950 =( BOUNDED_CURVE ( )  B_SPLINE_CURVE ( 2, ( #6062, #466, #1006, #5429, #2926, #2876, #6034, #6735, #3566 ),
 .UNSPECIFIED., .F., .T. ) 
 B_SPLINE_CURVE_WITH_KNOTS ( ( 3, 2, 2, 2, 3 ),
 ( 0.6985294117647059500, 0.7009803921568627000, 0.7058823529411765200, 0.7107843137254902200, 0.7132352941176471900 ),
 .UNSPECIFIED. ) 
 CURVE ( )  GEOMETRIC_REPRESENTATION_ITEM ( )  RATIONAL_B_SPLINE_CURVE ( ( 0.9330127018922194100, 0.9330127018922224100, 1.000000000000000000, 0.8660254037844387100, 1.000000000000000000, 0.8660254037844387100, 1.000000000000000000, 0.9330127018922163000, 0.9330127018922194100 ) ) 
 REPRESENTATION_ITEM ( '' )  );
#7951 = CARTESIAN_POINT ( 'NONE',  ( -0.8922005383792784800, 1.545336663013150900, -3.179166666666656500 ) ) ;
#7952 = CARTESIAN_POINT ( 'NONE',  ( 7.497066741073520500E-014, -2.000000000000000000, -15.74999999999996300 ) ) ;
#7953 = CARTESIAN_POINT ( 'NONE',  ( 1.154700538379280100, -1.999999999999983300, -11.49166666666663700 ) ) ;
#7954 = CARTESIAN_POINT ( 'NONE',  ( -1.784401076758500100, -2.524860140211269500E-014, -2.274999999999992800 ) ) ;
#7955 = DIRECTION ( 'NONE',  ( -1.000000000000000000, 0.0000000000000000000, 0.0000000000000000000 ) ) ;
#7956 = CARTESIAN_POINT ( 'NONE',  ( -2.000000000000000000, 2.449293598294706400E-016, -22.00000000000000000 ) ) ;
#7957 = CARTESIAN_POINT ( 'NONE',  ( 0.0000000000000000000, 0.0000000000000000000, -22.00000000000000000 ) ) ;
#7958 = ORIENTED_EDGE ( 'NONE', *, *, #3880, .F. ) ;
#7959 = CARTESIAN_POINT ( 'NONE',  ( -1.154700538379289700, 1.999999999999978000, -4.929166666666651200 ) ) ;
#7960 = EDGE_CURVE ( 'NONE', #8150, #1523, #3839, .T. ) ;
#7961 = CARTESIAN_POINT ( 'NONE',  ( 2.000000000000001800, 4.125257571003747400E-015, -7.962499999999979900 ) ) ;
#7962 = ORIENTED_EDGE ( 'NONE', *, *, #3166, .F. ) ;
#7963 =( BOUNDED_CURVE ( )  B_SPLINE_CURVE ( 2, ( #6998, #7052, #2147, #277, #6639, #2116, #4022, #243, #2796 ),
 .UNSPECIFIED., .F., .F. ) 
 B_SPLINE_CURVE_WITH_KNOTS ( ( 3, 2, 2, 2, 3 ),
 ( 0.1838235294117648000, 0.1862745098039215700, 0.1911764705882352800, 0.1960784313725490200, 0.1985294117647059800 ),
 .UNSPECIFIED. ) 
 CURVE ( )  GEOMETRIC_REPRESENTATION_ITEM ( )  RATIONAL_B_SPLINE_CURVE ( ( 0.9330127018922194100, 0.9330127018922220700, 1.000000000000000000, 0.8660254037844387100, 1.000000000000000000, 0.8660254037844387100, 1.000000000000000000, 0.9330127018922167400, 0.9330127018922194100 ) ) 
 REPRESENTATION_ITEM ( '' )  );
#7964 = CARTESIAN_POINT ( 'NONE',  ( -1.338300807568900500, 0.7726683315065401300, -14.93333333333329400 ) ) ;
#7965 = CARTESIAN_POINT ( 'NONE',  ( -1.545336663013167700, 0.4140717108885609300, -12.89376073911693000 ) ) ;
#7966 = CARTESIAN_POINT ( 'NONE',  ( -0.8922005383792279700, -1.545336663013180200, -19.65833333333328900 ) ) ;
#7967 = EDGE_CURVE ( 'NONE', #6456, #3919, #922, .T. ) ;
#7968 = EDGE_LOOP ( 'NONE', ( #2078, #912, #8108, #1905 ) ) ;
#7969 = CARTESIAN_POINT ( 'NONE',  ( 4.263008822305966100E-014, -2.000000000000000000, -9.537499999999974800 ) ) ;
#7970 =( BOUNDED_CURVE ( )  B_SPLINE_CURVE ( 2, ( #4651, #7764, #493, #6068, #399, #6040, #4217, #443, #1688 ),
 .UNSPECIFIED., .F., .F. ) 
 B_SPLINE_CURVE_WITH_KNOTS ( ( 3, 2, 2, 2, 3 ),
 ( 0.8455882352941177500, 0.8480392156862744900, 0.8529411764705882000, 0.8578431372549019100, 0.8602941176470589900 ),
 .UNSPECIFIED. ) 
 CURVE ( )  GEOMETRIC_REPRESENTATION_ITEM ( )  RATIONAL_B_SPLINE_CURVE ( ( 0.9330127018922194100, 0.9330127018922224100, 1.000000000000000000, 0.8660254037844387100, 1.000000000000000000, 0.8660254037844387100, 1.000000000000000000, 0.9330127018922147500, 0.9330127018922193000 ) ) 
 REPRESENTATION_ITEM ( '' )  );
#7971 = CARTESIAN_POINT ( 'NONE',  ( 1.545336663013166200, 1.397358374403382100E-014, -17.32499999999995700 ) ) ;
#7972 = AXIS2_PLACEMENT_3D ( 'NONE', #7314, #7131, #4845 ) ;
#7973 = CARTESIAN_POINT ( 'NONE',  ( -1.732050807568856500, -1.000000000000036400, -6.066666666666649600 ) ) ;
#7974 = ORIENTED_EDGE ( 'NONE', *, *, #5597, .T. ) ;
#7975 = CARTESIAN_POINT ( 'NONE',  ( 0.0000000000000000000, 0.0000000000000000000, -22.00000000000000000 ) ) ;
#7976 = CARTESIAN_POINT ( 'NONE',  ( 1.545336663013162400, 0.4140717108886075600, -16.68123926088299300 ) ) ;
#7977 = CARTESIAN_POINT ( 'NONE',  ( -1.732050807568862800, -1.000000000000025100, -9.566666666666639800 ) ) ;
#7978 = CARTESIAN_POINT ( 'NONE',  ( 1.784401076758500100, 2.503007529540795900E-014, -5.424999999999984700 ) ) ;
#7979 = FACE_OUTER_BOUND ( 'NONE', #6161, .T. ) ;
#7980 = CARTESIAN_POINT ( 'NONE',  ( 1.545336663013169100, 3.950950913074011700E-015, -9.624999999999976900 ) ) ;
#7981 = EDGE_CURVE ( 'NONE', #6355, #321, #1157, .T. ) ;
#7982 = CARTESIAN_POINT ( 'NONE',  ( -1.545336663013167500, 3.340877610319937100E-015, -3.674999999999991800 ) ) ;
#7983 = ORIENTED_EDGE ( 'NONE', *, *, #7519, .F. ) ;
#7984 = EDGE_LOOP ( 'NONE', ( #4298, #6707, #5846, #3015 ) ) ;
#7985 = AXIS2_PLACEMENT_3D ( 'NONE', #2148, #2734, #3382 ) ;
#7986 = CARTESIAN_POINT ( 'NONE',  ( 1.338300807568897100, -0.7726683315065460100, -12.57083333333330100 ) ) ;
#7987 = DIRECTION ( 'NONE',  ( -0.0000000000000000000, -0.0000000000000000000, -1.000000000000000000 ) ) ;
#7988 = CARTESIAN_POINT ( 'NONE',  ( 0.8922005383793268900, -1.545336663013122700, -21.64166666666661200 ) ) ;
#7989 = ORIENTED_EDGE ( 'NONE', *, *, #3014, .F. ) ;
#7990 = CARTESIAN_POINT ( 'NONE',  ( -2.793185071074506700E-014, 2.000000000000000000, -11.28749999999996900 ) ) ;
#7991 = ORIENTED_EDGE ( 'NONE', *, *, #7390, .F. ) ;
#7992 = CARTESIAN_POINT ( 'NONE',  ( 0.0000000000000000000, 0.0000000000000000000, 0.0000000000000000000 ) ) ;
#7993 = CARTESIAN_POINT ( 'NONE',  ( -1.999999999999998200, -7.378981852358816700E-015, -14.61249999999996300 ) ) ;
#7994 = FACE_OUTER_BOUND ( 'NONE', #8120, .T. ) ;
#7995 = CARTESIAN_POINT ( 'NONE',  ( 1.545336663013167500, 1.074891057233370900E-015, -0.6124999999999980500 ) ) ;
#7996 = CARTESIAN_POINT ( 'NONE',  ( 0.8922005383792283000, 1.545336663013179700, -19.30833333333328400 ) ) ;
#7997 = ORIENTED_EDGE ( 'NONE', *, *, #6635, .F. ) ;
#7998 = CARTESIAN_POINT ( 'NONE',  ( -2.000000000000000400, -0.5358983848622627100, -1.893739260883029900 ) ) ;
#7999 = ORIENTED_EDGE ( 'NONE', *, *, #4199, .F. ) ;
#8000 = CARTESIAN_POINT ( 'NONE',  ( -1.338300807568892000, 0.7726683315065549000, -3.733333333333321800 ) ) ;
#8001 = DIRECTION ( 'NONE',  ( -1.000000000000000000, 0.0000000000000000000, 0.0000000000000000000 ) ) ;
#8002 = EDGE_LOOP ( 'NONE', ( #5958, #2303, #3637, #3701 ) ) ;
#8003 = ADVANCED_FACE ( 'NONE', ( #3017 ), #3615, .T. ) ;
#8004 = CARTESIAN_POINT ( 'NONE',  ( 1.545336663013167700, 0.4140717108886011200, -4.781239260883023000 ) ) ;
#8005 = CARTESIAN_POINT ( 'NONE',  ( -1.999999999999996200, -0.5358983848622982400, -15.28123926088299600 ) ) ;
#8006 = CARTESIAN_POINT ( 'NONE',  ( -2.793185071074506100E-014, 2.000000000000000000, -9.799999999999975800 ) ) ;
#8007 = VERTEX_POINT ( 'NONE', #3479 ) ;
#8008 = CARTESIAN_POINT ( 'NONE',  ( 2.527337163406383600E-014, -1.545336663013167300, -0.7874999999999958700 ) ) ;
#8009 = CARTESIAN_POINT ( 'NONE',  ( -1.338300807568886700, 0.7726683315065640000, -4.433333333333320200 ) ) ;
#8010 = EDGE_CURVE ( 'NONE', #2998, #471, #4957, .T. ) ;
#8011 = CARTESIAN_POINT ( 'NONE',  ( 0.8922005383792065400, 1.545336663013191900, -7.408333333333312800 ) ) ;
#8012 = VECTOR ( 'NONE', #728, 1000.000000000000000 ) ;
#8013 = ORIENTED_EDGE ( 'NONE', *, *, #7866, .F. ) ;
#8014 = CARTESIAN_POINT ( 'NONE',  ( -1.154700538379289000, 1.999999999999978500, -3.529166666666655200 ) ) ;
#8015 = CARTESIAN_POINT ( 'NONE',  ( -0.8922005383792724900, 1.545336663013154900, -22.07916666666660900 ) ) ;
#8016 = CARTESIAN_POINT ( 'NONE',  ( -1.154700538379222800, -2.000000000000016400, -15.80833333333329100 ) ) ;
#8017 = VERTEX_POINT ( 'NONE', #193 ) ;
#8018 = CARTESIAN_POINT ( 'NONE',  ( -1.154700538379208800, -2.000000000000024000, -18.60833333333328500 ) ) ;
#8019 = CARTESIAN_POINT ( 'NONE',  ( 1.732050807568896700, -0.9999999999999663600, -7.320833333333313300 ) ) ;
#8020 = CARTESIAN_POINT ( 'NONE',  ( -1.732050807568862800, -1.000000000000025100, -9.654166666666640100 ) ) ;
#8021 = EDGE_CURVE ( 'NONE', #7811, #6022, #4908, .T. ) ;
#8022 = CARTESIAN_POINT ( 'NONE',  ( 1.338300807568847000, 0.7726683315066326100, -19.45416666666662000 ) ) ;
#8023 = ORIENTED_EDGE ( 'NONE', *, *, #4967, .F. ) ;
#8024 = CARTESIAN_POINT ( 'NONE',  ( -1.154700538379306500, 1.999999999999968000, -9.741666666666642300 ) ) ;
#8025 = CARTESIAN_POINT ( 'NONE',  ( -1.784401076758500100, -2.524860140211269500E-014, -22.57499999999993900 ) ) ;
#8026 = CYLINDRICAL_SURFACE ( 'NONE', #6154, 2.000000000000000000 ) ;
#8027 = DIRECTION ( 'NONE',  ( -0.0000000000000000000, -0.0000000000000000000, -1.000000000000000000 ) ) ;
#8028 = EDGE_LOOP ( 'NONE', ( #3886, #2251, #2965, #2688 ) ) ;
#8029 = EDGE_CURVE ( 'NONE', #7351, #7880, #1771, .T. ) ;
#8030 = LOCAL_TIME ( 8, 0, 44.00000000000000000, #5896 ) ;
#8031 = CARTESIAN_POINT ( 'NONE',  ( 1.338300807568854900, 0.7726683315066188400, -10.35416666666663800 ) ) ;
#8032 = CARTESIAN_POINT ( 'NONE',  ( -1.999999999999998200, -7.378981852358816700E-015, -15.22499999999996200 ) ) ;
#8033 = CARTESIAN_POINT ( 'NONE',  ( -1.499999999999999800, 0.8660254037844391500, -23.75000000000000000 ) ) ;
#8034 = CARTESIAN_POINT ( 'NONE',  ( 1.338300807568864300, 0.7726683315066025200, -3.966666666666654800 ) ) ;
#8035 = ORIENTED_EDGE ( 'NONE', *, *, #7236, .F. ) ;
#8036 = VECTOR ( 'NONE', #1125, 1000.000000000000000 ) ;
#8037 = DIRECTION ( 'NONE',  ( 1.000000000000000000, 0.0000000000000000000, 0.0000000000000000000 ) ) ;
#8038 = CARTESIAN_POINT ( 'NONE',  ( -1.545336663013166000, 8.366719580627318400E-015, -7.962499999999979900 ) ) ;
#8039 = CARTESIAN_POINT ( 'NONE',  ( 1.338300807568886300, -0.7726683315065647800, -21.67083333333327700 ) ) ;
#8040 = CARTESIAN_POINT ( 'NONE',  ( 1.732050807568891200, -0.9999999999999753500, -18.43333333333328700 ) ) ;
#8041 = DIRECTION ( 'NONE',  ( 1.000000000000000000, 0.0000000000000000000, 0.0000000000000000000 ) ) ;
#8042 = DIRECTION ( 'NONE',  ( -0.0000000000000000000, -0.0000000000000000000, -1.000000000000000000 ) ) ;
#8043 =( BOUNDED_CURVE ( )  B_SPLINE_CURVE ( 2, ( #414, #5425, #2270, #3433, #980, #4134, #7264, #2898, #6030 ),
 .UNSPECIFIED., .F., .F. ) 
 B_SPLINE_CURVE_WITH_KNOTS ( ( 3, 2, 2, 2, 3 ),
 ( 0.9338235294117649400, 0.9362745098039215700, 0.9411764705882352800, 0.9460784313725489900, 0.9485294117647059500 ),
 .UNSPECIFIED. ) 
 CURVE ( )  GEOMETRIC_REPRESENTATION_ITEM ( )  RATIONAL_B_SPLINE_CURVE ( ( 0.9330127018922194100, 0.9330127018922254000, 1.000000000000000000, 0.8660254037844387100, 1.000000000000000000, 0.8660254037844387100, 1.000000000000000000, 0.9330127018922163000, 0.9330127018922194100 ) ) 
 REPRESENTATION_ITEM ( '' )  );
#8044 = CARTESIAN_POINT ( 'NONE',  ( 1.500000000000000000, 0.5911148965524067900, -25.87420892019439500 ) ) ;
#8045 = LINE ( 'NONE', #3310, #7058 ) ;
#8046 = DIRECTION ( 'NONE',  ( 1.000000000000000000, 0.0000000000000000000, 0.0000000000000000000 ) ) ;
#8047 = CARTESIAN_POINT ( 'NONE',  ( 1.154700538379223000, 2.000000000000016000, -9.945833333333308000 ) ) ;
#8048 = ADVANCED_FACE ( 'NONE', ( #1329 ), #1540, .F. ) ;
#8049 = CARTESIAN_POINT ( 'NONE',  ( -1.154700538379339200, 1.999999999999949600, -15.34166666666662800 ) ) ;
#8050 = CARTESIAN_POINT ( 'NONE',  ( 1.732050807568863200, 1.000000000000024400, 1.195833333333333500 ) ) ;
#8051 = CARTESIAN_POINT ( 'NONE',  ( -1.732050807568850800, -1.000000000000046200, -21.55416666666661000 ) ) ;
#8052 = CARTESIAN_POINT ( 'NONE',  ( -2.000000000000001800, -9.877377282685030200E-015, -10.41249999999997300 ) ) ;
#8053 =( BOUNDED_CURVE ( )  B_SPLINE_CURVE ( 2, ( #2445, #3085, #6865, #4333, #7472 ),
 .UNSPECIFIED., .F., .T. ) 
 B_SPLINE_CURVE_WITH_KNOTS ( ( 3, 2, 3 ),
 ( 0.9485294117647059500, 0.9509803921568627000, 0.9537584754253226600 ),
 .UNSPECIFIED. ) 
 CURVE ( )  GEOMETRIC_REPRESENTATION_ITEM ( )  RATIONAL_B_SPLINE_CURVE ( ( 0.9330127018922194100, 0.9330127018922224100, 1.000000000000000000, 0.9240727128343948500, 0.9342058147152716400 ) ) 
 REPRESENTATION_ITEM ( '' )  );
#8054 = ORIENTED_EDGE ( 'NONE', *, *, #7580, .F. ) ;
#8055 = CARTESIAN_POINT ( 'NONE',  ( 0.0000000000000000000, 0.0000000000000000000, 0.0000000000000000000 ) ) ;
#8056 = CARTESIAN_POINT ( 'NONE',  ( -1.545336663013166200, -7.901901826148023500E-015, -16.36249999999996200 ) ) ;
#8057 = VERTEX_POINT ( 'NONE', #256 ) ;
#8058 = CARTESIAN_POINT ( 'NONE',  ( -0.8922005383792724900, 1.545336663013154900, -4.491666666666652900 ) ) ;
#8059 = CARTESIAN_POINT ( 'NONE',  ( -1.154700538379313900, 1.999999999999964000, -19.54166666666661800 ) ) ;
#8060 = CARTESIAN_POINT ( 'NONE',  ( -0.8922005383792096500, -1.545336663013190600, -12.04583333333330200 ) ) ;
#8061 = CARTESIAN_POINT ( 'NONE',  ( -1.784401076758500100, -2.524860140211269200E-014, -21.26249999999994600 ) ) ;
#8062 = CARTESIAN_POINT ( 'NONE',  ( 2.309401076758502900, 3.239433308545618900E-014, -16.27499999999995900 ) ) ;
#8063 = CARTESIAN_POINT ( 'NONE',  ( 1.154700538379220400, 2.000000000000017800, -1.545833333333326500 ) ) ;
#8064 = EDGE_CURVE ( 'NONE', #5383, #4467, #322, .T. ) ;
#8065 = CARTESIAN_POINT ( 'NONE',  ( -2.000000000000000000, -3.079417623425332500E-015, -6.124999999999984900 ) ) ;
#8066 = CARTESIAN_POINT ( 'NONE',  ( 2.000000000000000000, -0.5358983848622218500, -5.193760739116948200 ) ) ;
#8067 = CARTESIAN_POINT ( 'NONE',  ( -2.309401076758502900, -3.267715314911616300E-014, -15.31249999999995900 ) ) ;
#8068 = ORIENTED_EDGE ( 'NONE', *, *, #6660, .F. ) ;
#8069 = CARTESIAN_POINT ( 'NONE',  ( -4.278178851564626600E-014, 1.545336663013167300, -17.84999999999995500 ) ) ;
#8070 = CYLINDRICAL_SURFACE ( 'NONE', #2404, 2.000000000000000000 ) ;
#8071 = CARTESIAN_POINT ( 'NONE',  ( 1.545336663013164600, 0.4140717108886007900, -6.793739260883016900 ) ) ;
#8072 = CARTESIAN_POINT ( 'NONE',  ( 1.154700538379350900, -1.999999999999942300, -21.37916666666661000 ) ) ;
#8073 = EDGE_CURVE ( 'NONE', #3209, #3062, #4439, .T. ) ;
#8074 = ORIENTED_EDGE ( 'NONE', *, *, #3238, .F. ) ;
#8075 = CARTESIAN_POINT ( 'NONE',  ( 1.338300807568892000, -0.7726683315065545600, -14.58333333333329500 ) ) ;
#8076 = LINE ( 'NONE', #4739, #5627 ) ;
#8077 = ORIENTED_EDGE ( 'NONE', *, *, #882, .F. ) ;
#8078 = CARTESIAN_POINT ( 'NONE',  ( -3.748281204134670600E-014, 1.545336663013167300, -8.137499999999978000 ) ) ;
#8079 = ADVANCED_FACE ( 'NONE', ( #61 ), #2144, .T. ) ;
#8080 = CARTESIAN_POINT ( 'NONE',  ( -0.8922005383792779300, 1.545336663013151300, -1.779166666666660300 ) ) ;
#8081 = DIRECTION ( 'NONE',  ( 0.0000000000000000000, 0.0000000000000000000, -1.000000000000000000 ) ) ;
#8082 = CARTESIAN_POINT ( 'NONE',  ( -1.784401076758500100, -2.524860140211269500E-014, -3.674999999999989600 ) ) ;
#8083 = CARTESIAN_POINT ( 'NONE',  ( -0.8922005383792912500, 1.545336663013143300, -6.679166666666648500 ) ) ;
#8084 = LINE ( 'NONE', #577, #5546 ) ;
#8085 = CARTESIAN_POINT ( 'NONE',  ( 1.338300807568864300, 0.7726683315066025200, -20.85416666666661100 ) ) ;
#8086 = ORIENTED_EDGE ( 'NONE', *, *, #7441, .F. ) ;
#8087 = CARTESIAN_POINT ( 'NONE',  ( -2.793185071074506100E-014, 2.000000000000000000, -18.19999999999995700 ) ) ;
#8088 = AXIS2_PLACEMENT_3D ( 'NONE', #1640, #6067, #6714 ) ;
#8089 = DIRECTION ( 'NONE',  ( -1.000000000000000000, 0.0000000000000000000, 0.0000000000000000000 ) ) ;
#8090 = CARTESIAN_POINT ( 'NONE',  ( 0.0000000000000000000, 0.0000000000000000000, 0.0000000000000000000 ) ) ;
#8091 = CARTESIAN_POINT ( 'NONE',  ( 1.732050807568863200, 1.000000000000024400, -14.20416666666662800 ) ) ;
#8092 = FACE_OUTER_BOUND ( 'NONE', #5200, .T. ) ;
#8093 = ORIENTED_EDGE ( 'NONE', *, *, #4149, .T. ) ;
#8094 = FACE_OUTER_BOUND ( 'NONE', #5791, .T. ) ;
#8095 = CARTESIAN_POINT ( 'NONE',  ( 1.338300807568890500, -0.7726683315065578900, -7.670833333333312100 ) ) ;
#8096 = ORIENTED_EDGE ( 'NONE', *, *, #2770, .F. ) ;
#8097 = CARTESIAN_POINT ( 'NONE',  ( 1.732050807568863200, 1.000000000000024400, 0.4958333333333352400 ) ) ;
#8098 = DIRECTION ( 'NONE',  ( -1.000000000000000000, 0.0000000000000000000, 0.0000000000000000000 ) ) ;
#8099 = EDGE_LOOP ( 'NONE', ( #6795, #2195, #1196, #1679 ) ) ;
#8100 = ORIENTED_EDGE ( 'NONE', *, *, #793, .T. ) ;
#8101 = CARTESIAN_POINT ( 'NONE',  ( 1.545336663013166200, -3.108468733080288500E-015, -7.612499999999981200 ) ) ;
#8102 = ORIENTED_EDGE ( 'NONE', *, *, #7278, .T. ) ;
#8103 = CARTESIAN_POINT ( 'NONE',  ( 0.8922005383792743800, -1.545336663013153100, -0.6416666666666628300 ) ) ;
#8104 = CARTESIAN_POINT ( 'NONE',  ( 2.177130564435878800E-014, -1.545336663013167300, -10.49999999999997200 ) ) ;
#8105 = ORIENTED_EDGE ( 'NONE', *, *, #2512, .T. ) ;
#8106 = EDGE_CURVE ( 'NONE', #610, #4057, #663, .T. ) ;
#8107 = EDGE_LOOP ( 'NONE', ( #3175, #6171, #7782, #3075 ) ) ;
#8108 = ORIENTED_EDGE ( 'NONE', *, *, #8073, .T. ) ;
#8109 = CARTESIAN_POINT ( 'NONE',  ( -1.732050807568897200, 0.9999999999999655800, -19.48333333333328500 ) ) ;
#8110 = CARTESIAN_POINT ( 'NONE',  ( 1.732050807568891200, -0.9999999999999753500, -1.633333333333327300 ) ) ;
#8111 = CARTESIAN_POINT ( 'NONE',  ( -1.154700538379280800, 1.999999999999983100, -18.14166666666662300 ) ) ;
#8112 = CARTESIAN_POINT ( 'NONE',  ( 1.545336663013167500, -3.544235377904629100E-015, -2.712499999999994100 ) ) ;
#8113 = ORIENTED_EDGE ( 'NONE', *, *, #5252, .F. ) ;
#8114 = CARTESIAN_POINT ( 'NONE',  ( -1.545336663013167300, 0.0000000000000000000, -0.1778527147052651700 ) ) ;
#8115 = CARTESIAN_POINT ( 'NONE',  ( -2.793185071074506700E-014, 2.000000000000000000, -11.98749999999996900 ) ) ;
#8116 = ADVANCED_FACE ( 'NONE', ( #2830 ), #7331, .F. ) ;
#8117 = EDGE_CURVE ( 'NONE', #7905, #6176, #2281, .T. ) ;
#8118 = PERSON ( 'UNSPECIFIED', 'UNSPECIFIED', 'UNSPECIFIED', ('UNSPECIFIED'), ('UNSPECIFIED'), ('UNSPECIFIED') ) ;
#8119 = CARTESIAN_POINT ( 'NONE',  ( 0.8922005383791901100, 1.545336663013202200, -17.90833333333328500 ) ) ;
#8120 = EDGE_LOOP ( 'NONE', ( #4859, #465, #6751, #4578 ) ) ;
#8121 = FACE_OUTER_BOUND ( 'NONE', #6729, .T. ) ;
#8122 = CARTESIAN_POINT ( 'NONE',  ( -1.545336663013166200, -7.117521865464212500E-015, -17.76249999999995300 ) ) ;
#8123 = CARTESIAN_POINT ( 'NONE',  ( 0.8737278025849347700, -1.799055231778638600, -22.00000000000000000 ) ) ;
#8124 = CIRCLE ( 'NONE', #1922, 1.291336663013167500 ) ;
#8125 = CARTESIAN_POINT ( 'NONE',  ( -2.309401076758502900, -3.267715314911616300E-014, -0.6124999999999954900 ) ) ;
#8126 = CARTESIAN_POINT ( 'NONE',  ( 1.545336663013167500, -3.166570952390201500E-015, -3.324999999999992200 ) ) ;
#8127 = CARTESIAN_POINT ( 'NONE',  ( -1.545336663013167500, -1.655913250332490200E-015, -4.462499999999988800 ) ) ;
#8128 = ORIENTED_EDGE ( 'NONE', *, *, #5559, .F. ) ;
#8129 = VECTOR ( 'NONE', #1375, 1000.000000000000000 ) ;
#8130 = CARTESIAN_POINT ( 'NONE',  ( -2.000000000000000400, 4.299564228933483700E-015, -4.024999999999991500 ) ) ;
#8131 = EDGE_CURVE ( 'NONE', #625, #4384, #4119, .T. ) ;
#8133 = CARTESIAN_POINT ( 'NONE',  ( -0.8922005383792267500, -1.545336663013181100, -0.7583333333333293100 ) ) ;
#8132 = FACE_OUTER_BOUND ( 'NONE', #2530, .T. ) ;
#8134 = CARTESIAN_POINT ( 'NONE',  ( 0.0000000000000000000, 0.0000000000000000000, -22.00000000000000000 ) ) ;
#8135 = CARTESIAN_POINT ( 'NONE',  ( 1.545336663013166400, 0.4140717108885999000, -1.981239260883029600 ) ) ;
#8136 = CARTESIAN_POINT ( 'NONE',  ( 1.338300807568888900, -0.7726683315065603400, -2.070833333333326200 ) ) ;
#8137 = CARTESIAN_POINT ( 'NONE',  ( -0.8922005383792279700, -1.545336663013180200, -9.158333333333308300 ) ) ;
#8138 = CARTESIAN_POINT ( 'NONE',  ( -1.154700538379222800, -2.000000000000016400, -3.208333333333323700 ) ) ;
#8139 = CARTESIAN_POINT ( 'NONE',  ( 1.154700538379223000, 2.000000000000016000, -21.05833333333328000 ) ) ;
#8140 = CARTESIAN_POINT ( 'NONE',  ( 2.000000000000000000, 0.0000000000000000000, -22.00000000000000000 ) ) ;
#8141 = DIRECTION ( 'NONE',  ( 0.8660254037844386000, 0.4999999999999998900, 0.0000000000000000000 ) ) ;
#8142 = CARTESIAN_POINT ( 'NONE',  ( 1.154700538379211300, 2.000000000000023100, -4.345833333333319900 ) ) ;
#8143 = CARTESIAN_POINT ( 'NONE',  ( 1.732050807568891200, -0.9999999999999753500, -13.62083333333329800 ) ) ;
#8144 = VERTEX_POINT ( 'NONE', #4809 ) ;
#8145 = CARTESIAN_POINT ( 'NONE',  ( 1.732050807568906100, -0.9999999999999501500, -14.23333333333329700 ) ) ;
#8146 = CARTESIAN_POINT ( 'NONE',  ( 0.0000000000000000000, 0.0000000000000000000, -22.00000000000000000 ) ) ;
#8147 = DIRECTION ( 'NONE',  ( -0.0000000000000000000, -0.0000000000000000000, -1.000000000000000000 ) ) ;
#8148 = CARTESIAN_POINT ( 'NONE',  ( 0.8922005383793132300, -1.545336663013130700, -16.74166666666662500 ) ) ;
#8149 = DIRECTION ( 'NONE',  ( 0.0000000000000000000, 0.0000000000000000000, 1.000000000000000000 ) ) ;
#8150 = VERTEX_POINT ( 'NONE', #6903 ) ;
#8151 = CARTESIAN_POINT ( 'NONE',  ( -2.000000000000001800, -9.877377282685030200E-015, -11.02499999999997200 ) ) ;
#8152 = CARTESIAN_POINT ( 'NONE',  ( 1.999999999999998200, -1.045839947578414800E-015, -11.46249999999997200 ) ) ;
#8153 = AXIS2_PLACEMENT_3D ( 'NONE', #7957, #1661, #1695 ) ;
#8154 = CARTESIAN_POINT ( 'NONE',  ( -1.999999999999998200, -6.797959659259696400E-015, -12.51249999999996900 ) ) ;
#8155 = CARTESIAN_POINT ( 'NONE',  ( 2.000000000000000900, -0.5358983848622184100, -10.09376073911693800 ) ) ;
#8156 = ADVANCED_FACE ( 'NONE', ( #3805 ), #7244, .T. ) ;
#8157 = DIRECTION ( 'NONE',  ( 1.000000000000000000, 0.0000000000000000000, 0.0000000000000000000 ) ) ;
#8158 = CARTESIAN_POINT ( 'NONE',  ( 3.520990905684692600E-014, -1.545336663013167300, -14.08749999999996300 ) ) ;
#8159 = VERTEX_POINT ( 'NONE', #1161 ) ;
#8160 = CARTESIAN_POINT ( 'NONE',  ( 0.0000000000000000000, 0.0000000000000000000, 0.0000000000000000000 ) ) ;
ENDSEC;
END-ISO-10303-21;
